"player_name","pos","team","rank","ecr","sd","best","worst","player_positions","player_short_name","player_eligibility","player_page_url","player_filename","player_bye_week","player_owned_avg","player_ecr_delta","note","tag","recommendation","pos_rank","r2p_pts","year","pulled_at","source","player","fp_player_id","ros_points","ros_rank","ros_best_rank","ros_worst_rank","ros_avg_rank","ros_sd_rank","ros_ecr_vs_adp","fp_player_slug","team_clean","fp_key","ros_pos_rank"
"Denver Broncos","DST","DEN",1,1,0,1,1,"DST","DEN DST","DST","https://www.fantasypros.com/nfl/players/denver-defense.php","denver-defense.php","12",92.6,NA,NA,NA,NA,"DST1","117.3",2025,"2025-09-09T18:09:55Z","fantasypros","Denver Broncos",8090,NA,1,1,1,NA,0,NA,"denver-broncos","den","denver-broncos|DST|den",1
"Philadelphia Eagles","DST","PHI",2,2.25,0.43,2,3,"DST","PHI DST","DST","https://www.fantasypros.com/nfl/players/philadelphia-defense.php","philadelphia-defense.php","9",96,NA,NA,NA,NA,"DST2","115.6",2025,"2025-09-09T18:09:55Z","fantasypros","Philadelphia Eagles",8230,NA,2,2,3,NA,0.43,NA,"philadelphia-eagles","phi","philadelphia-eagles|DST|phi",2
"Baltimore Ravens","DST","BAL",3,3.75,0.83,3,5,"DST","BAL DST","DST","https://www.fantasypros.com/nfl/players/baltimore-defense.php","baltimore-defense.php","7",93.5,1,NA,NA,NA,"DST3","115.6",2025,"2025-09-09T18:09:55Z","fantasypros","Baltimore Ravens",8020,NA,3,3,5,NA,0.83,NA,"baltimore-ravens","bal","baltimore-ravens|DST|bal",3
"Minnesota Vikings","DST","MIN",4,4.25,0.43,4,5,"DST","MIN DST","DST","https://www.fantasypros.com/nfl/players/minnesota-defense.php","minnesota-defense.php","6",84.5,1,NA,NA,NA,"DST4","115.6",2025,"2025-09-09T18:09:55Z","fantasypros","Minnesota Vikings",8170,NA,4,4,5,NA,0.43,NA,"minnesota-vikings","min","minnesota-vikings|DST|min",4
"Pittsburgh Steelers","DST","PIT",5,5.25,2.17,2,8,"DST","PIT DST","DST","https://www.fantasypros.com/nfl/players/pittsburgh-defense.php","pittsburgh-defense.php","5",91,-2,NA,NA,NA,"DST5","113.9",2025,"2025-09-09T18:09:55Z","fantasypros","Pittsburgh Steelers",8240,NA,5,2,8,NA,2.17,NA,"pittsburgh-steelers","pit","pittsburgh-steelers|DST|pit",5
"Houston Texans","DST","HOU",6,6.5,0.87,5,7,"DST","HOU DST","DST","https://www.fantasypros.com/nfl/players/houston-defense.php","houston-defense.php","6",67.2,NA,NA,NA,NA,"DST6","112.2",2025,"2025-09-09T18:09:55Z","fantasypros","Houston Texans",8120,NA,6,5,7,NA,0.87,NA,"houston-texans","hou","houston-texans|DST|hou",6
"Detroit Lions","DST","DET",7,7,1,6,8,"DST","DET DST","DST","https://www.fantasypros.com/nfl/players/detroit-defense.php","detroit-defense.php","8",66.7,3,NA,NA,NA,"DST7","110.5",2025,"2025-09-09T18:09:55Z","fantasypros","Detroit Lions",8100,NA,7,6,8,NA,1,NA,"detroit-lions","det","detroit-lions|DST|det",7
"Buffalo Bills","DST","BUF",8,8,1.58,6,10,"DST","BUF DST","DST","https://www.fantasypros.com/nfl/players/buffalo-defense.php","buffalo-defense.php","7",66.1,-2,NA,NA,NA,"DST8","108.8",2025,"2025-09-09T18:09:55Z","fantasypros","Buffalo Bills",8030,NA,8,6,10,NA,1.58,NA,"buffalo-bills","buf","buffalo-bills|DST|buf",8
"Green Bay Packers","DST","GB",9,10.5,5.85,3,19,"DST","GB DST","DST","https://www.fantasypros.com/nfl/players/green-bay-defense.php","green-bay-defense.php","5",50.9,2,NA,NA,NA,"DST9","107.1",2025,"2025-09-09T18:09:55Z","fantasypros","Green Bay Packers",8110,NA,9,3,19,NA,5.85,NA,"green-bay-packers","gb","green-bay-packers|DST|gb",9
"Los Angeles Rams","DST","LAR",10,10.75,1.48,9,13,"DST","LAR DST","DST","https://www.fantasypros.com/nfl/players/los-angeles-rams-defense.php","los-angeles-rams-defense.php","8",16.3,2,NA,NA,NA,"DST10","105.4",2025,"2025-09-09T18:09:55Z","fantasypros","Los Angeles Rams",8280,NA,10,9,13,NA,1.48,NA,"los-angeles-rams","lar","los-angeles-rams|DST|lar",10
"Kansas City Chiefs","DST","KC",11,11.25,1.48,9,13,"DST","KC DST","DST","https://www.fantasypros.com/nfl/players/kansas-city-defense.php","kansas-city-defense.php","10",64.7,-3,NA,NA,NA,"DST11","105.4",2025,"2025-09-09T18:09:55Z","fantasypros","Kansas City Chiefs",8150,NA,11,9,13,NA,1.48,NA,"kansas-city-chiefs","kc","kansas-city-chiefs|DST|kc",11
"Seattle Seahawks","DST","SEA",12,11.75,0.83,11,13,"DST","SEA DST","DST","https://www.fantasypros.com/nfl/players/seattle-defense.php","seattle-defense.php","8",23.8,NA,NA,NA,NA,"DST12","103.7",2025,"2025-09-09T18:09:55Z","fantasypros","Seattle Seahawks",8260,NA,12,11,13,NA,0.83,NA,"seattle-seahawks","sea","seattle-seahawks|DST|sea",12
"New York Jets","DST","NYJ",13,14,0.71,13,15,"DST","NYJ DST","DST","https://www.fantasypros.com/nfl/players/new-york-jets-defense.php","new-york-jets-defense.php","9",24.9,2,NA,NA,NA,"DST13","103.7",2025,"2025-09-09T18:09:55Z","fantasypros","New York Jets",8210,NA,13,13,15,NA,0.71,NA,"new-york-jets","nyj","new-york-jets|DST|nyj",13
"Chicago Bears","DST","CHI",14,15.5,0.5,15,16,"DST","CHI DST","DST","https://www.fantasypros.com/nfl/players/chicago-defense.php","chicago-defense.php","5",10.8,4,NA,NA,NA,"DST14","103.7",2025,"2025-09-09T18:09:55Z","fantasypros","Chicago Bears",8050,NA,14,15,16,NA,0.5,NA,"chicago-bears","chi","chicago-bears|DST|chi",14
"New England Patriots","DST","NE",15,16,7.25,9,27,"DST","NE DST","DST","https://www.fantasypros.com/nfl/players/new-england-defense.php","new-england-defense.php","14",14.1,NA,NA,NA,NA,"DST15","103.7",2025,"2025-09-09T18:09:55Z","fantasypros","New England Patriots",8180,NA,15,9,27,NA,7.25,NA,"new-england-patriots","ne","new-england-patriots|DST|ne",15
"Los Angeles Chargers","DST","LAC",16,16.25,3.49,12,21,"DST","LAC DST","DST","https://www.fantasypros.com/nfl/players/los-angeles-chargers-defense.php","los-angeles-chargers-defense.php","12",37.5,NA,NA,NA,NA,"DST16","103.7",2025,"2025-09-09T18:09:55Z","fantasypros","Los Angeles Chargers",8250,NA,16,12,21,NA,3.49,NA,"los-angeles-chargers","lac","los-angeles-chargers|DST|lac",16
"New York Giants","DST","NYG",17,18,5.1,10,24,"DST","NYG DST","DST","https://www.fantasypros.com/nfl/players/new-york-giants-defense.php","new-york-giants-defense.php","14",5.6,NA,NA,NA,NA,"DST17","102.0",2025,"2025-09-09T18:09:55Z","fantasypros","New York Giants",8200,NA,17,10,24,NA,5.1,NA,"new-york-giants","nyg","new-york-giants|DST|nyg",17
"Arizona Cardinals","DST","ARI",18,18,3.39,14,23,"DST","ARI DST","DST","https://www.fantasypros.com/nfl/players/arizona-defense.php","arizona-defense.php","8",43.9,NA,NA,NA,NA,"DST18","102.0",2025,"2025-09-09T18:09:55Z","fantasypros","Arizona Cardinals",8000,NA,18,14,23,NA,3.39,NA,"arizona-cardinals","ari","arizona-cardinals|DST|ari",18
"Tampa Bay Buccaneers","DST","TB",19,18.25,2.38,15,21,"DST","TB DST","DST","https://www.fantasypros.com/nfl/players/tampa-bay-defense.php","tampa-bay-defense.php","9",24.3,-4,NA,NA,NA,"DST19","100.3",2025,"2025-09-09T18:09:55Z","fantasypros","Tampa Bay Buccaneers",8290,NA,19,15,21,NA,2.38,NA,"tampa-bay-buccaneers","tb","tampa-bay-buccaneers|DST|tb",19
"San Francisco 49ers","DST","SF",20,18.5,2.29,16,22,"DST","SF DST","DST","https://www.fantasypros.com/nfl/players/san-francisco-defense.php","san-francisco-defense.php","14",50.7,-3,NA,NA,NA,"DST20","100.3",2025,"2025-09-09T18:09:55Z","fantasypros","San Francisco 49ers",8270,NA,20,16,22,NA,2.29,NA,"san-francisco-49ers","sf","san-francisco-49ers|DST|sf",20
"Washington Commanders","DST","WAS",21,19,1.22,17,20,"DST","WAS DST","DST","https://www.fantasypros.com/nfl/players/washington-defense.php","washington-defense.php","12",50,4,NA,NA,NA,"DST21","100.3",2025,"2025-09-09T18:09:55Z","fantasypros","Washington Commanders",8310,NA,21,17,20,NA,1.22,NA,"washington-commanders","was","washington-commanders|DST|was",21
"Dallas Cowboys","DST","DAL",22,21,1.73,18,22,"DST","DAL DST","DST","https://www.fantasypros.com/nfl/players/dallas-defense.php","dallas-defense.php","10",13.8,NA,NA,NA,NA,"DST22","98.6",2025,"2025-09-09T18:09:55Z","fantasypros","Dallas Cowboys",8080,NA,22,18,22,NA,1.73,NA,"dallas-cowboys","dal","dallas-cowboys|DST|dal",22
"Indianapolis Colts","DST","IND",23,23,3.67,17,26,"DST","IND DST","DST","https://www.fantasypros.com/nfl/players/indianapolis-defense.php","indianapolis-defense.php","11",15.2,NA,NA,NA,NA,"DST23","98.6",2025,"2025-09-09T18:09:55Z","fantasypros","Indianapolis Colts",8130,NA,23,17,26,NA,3.67,NA,"indianapolis-colts","ind","indianapolis-colts|DST|ind",23
"Cleveland Browns","DST","CLE",24,23,1.22,21,24,"DST","CLE DST","DST","https://www.fantasypros.com/nfl/players/cleveland-defense.php","cleveland-defense.php","9",13.2,NA,NA,NA,NA,"DST24","96.9",2025,"2025-09-09T18:09:55Z","fantasypros","Cleveland Browns",8070,NA,24,21,24,NA,1.22,NA,"cleveland-browns","cle","cleveland-browns|DST|cle",24
"Atlanta Falcons","DST","ATL",25,24.75,2.28,21,27,"DST","ATL DST","DST","https://www.fantasypros.com/nfl/players/atlanta-defense.php","atlanta-defense.php","5",11,NA,NA,NA,NA,"DST25","96.9",2025,"2025-09-09T18:09:55Z","fantasypros","Atlanta Falcons",8010,NA,25,21,27,NA,2.28,NA,"atlanta-falcons","atl","atlanta-falcons|DST|atl",25
"Miami Dolphins","DST","MIA",26,26.25,2.95,23,31,"DST","MIA DST","DST","https://www.fantasypros.com/nfl/players/miami-defense.php","miami-defense.php","12",23.5,NA,NA,NA,NA,"DST26","95.2",2025,"2025-09-09T18:09:55Z","fantasypros","Miami Dolphins",8160,NA,26,23,31,NA,2.95,NA,"miami-dolphins","mia","miami-dolphins|DST|mia",26
"Las Vegas Raiders","DST","LV",27,25.5,1.5,24,27,"DST","LV DST","DST","https://www.fantasypros.com/nfl/players/las-vegas-defense.php","las-vegas-defense.php","8",4.6,3,NA,NA,NA,"DST27","95.2",2025,"2025-09-09T18:09:55Z","fantasypros","Las Vegas Raiders",8220,NA,27,24,27,NA,1.5,NA,"las-vegas-raiders","lv","las-vegas-raiders|DST|lv",27
"Tennessee Titans","DST","TEN",28,26.5,1.5,25,28,"DST","TEN DST","DST","https://www.fantasypros.com/nfl/players/tennessee-defense.php","tennessee-defense.php","10",10.9,3,NA,NA,NA,"DST28","95.2",2025,"2025-09-09T18:09:55Z","fantasypros","Tennessee Titans",8300,NA,28,25,28,NA,1.5,NA,"tennessee-titans","ten","tennessee-titans|DST|ten",28
"New Orleans Saints","DST","NO",29,27,2,25,29,"DST","NO DST","DST","https://www.fantasypros.com/nfl/players/new-orleans-defense.php","new-orleans-defense.php","11",12.3,NA,NA,NA,NA,"DST29","91.8",2025,"2025-09-09T18:09:55Z","fantasypros","New Orleans Saints",8190,NA,29,25,29,NA,2,NA,"new-orleans-saints","no","new-orleans-saints|DST|no",29
"Cincinnati Bengals","DST","CIN",30,27.67,0.47,27,28,"DST","CIN DST","DST","https://www.fantasypros.com/nfl/players/cincinnati-defense.php","cincinnati-defense.php","10",21.7,NA,NA,NA,NA,"DST30","91.8",2025,"2025-09-09T18:09:55Z","fantasypros","Cincinnati Bengals",8060,NA,30,27,28,NA,0.47,NA,"cincinnati-bengals","cin","cincinnati-bengals|DST|cin",30
"Jacksonville Jaguars","DST","JAC",31,29,1,28,30,"DST","JAC DST","DST","https://www.fantasypros.com/nfl/players/jacksonville-defense.php","jacksonville-defense.php","8",6.2,NA,NA,NA,NA,"DST31","86.7",2025,"2025-09-09T18:09:55Z","fantasypros","Jacksonville Jaguars",8140,NA,31,28,30,NA,1,NA,"jacksonville-jaguars","jac","jacksonville-jaguars|DST|jac",31
"Carolina Panthers","DST","CAR",32,32,0,32,32,"DST","CAR DST","DST","https://www.fantasypros.com/nfl/players/carolina-defense.php","carolina-defense.php","14",1.1,NA,NA,NA,NA,"DST32","85.0",2025,"2025-09-09T18:09:55Z","fantasypros","Carolina Panthers",8040,NA,32,32,32,NA,0,NA,"carolina-panthers","car","carolina-panthers|DST|car",32
"Brandon Aubrey","K","DAL",1,1,0,1,1,"K","B. Aubrey","K","https://www.fantasypros.com/nfl/players/brandon-aubrey.php","brandon-aubrey.php","10",98.7,NA,NA,NA,NA,"K1","139.4",2025,"2025-09-09T18:09:55Z","fantasypros","Brandon Aubrey",26068,NA,1,1,1,NA,0,NA,"brandon-aubrey","dal","brandon-aubrey|K|dal",1
"Wil Lutz","K","DEN",2,3.6,1.02,2,5,"K","W. Lutz","K","https://www.fantasypros.com/nfl/players/wil-lutz.php","wil-lutz.php","12",47.8,NA,NA,NA,NA,"K2","137.7",2025,"2025-09-09T18:09:55Z","fantasypros","Wil Lutz",16026,NA,2,2,5,NA,1.02,NA,"wil-lutz","den","wil-lutz|K|den",2
"Cameron Dicker","K","LAC",3,3.6,1.2,2,5,"K","C. Dicker","K","https://www.fantasypros.com/nfl/players/cameron-dicker.php","cameron-dicker.php","12",98,NA,NA,NA,NA,"K3","136.0",2025,"2025-09-09T18:09:55Z","fantasypros","Cameron Dicker",23901,NA,3,2,5,NA,1.2,NA,"cameron-dicker","lac","cameron-dicker|K|lac",3
"Jake Bates","K","DET",4,4.6,3.38,2,11,"K","J. Bates","K","https://www.fantasypros.com/nfl/players/jake-bates.php","jake-bates.php","8",98.3,-2,NA,NA,NA,"K4","134.3",2025,"2025-09-09T18:09:55Z","fantasypros","Jake Bates",26075,NA,4,2,11,NA,3.38,NA,"jake-bates","det","jake-bates|K|det",4
"Ka'imi Fairbairn","K","HOU",5,4.8,1.72,2,7,"K","K. Fairbairn","K","https://www.fantasypros.com/nfl/players/kaimi-fairbairn.php","kaimi-fairbairn.php","6",60.4,3,NA,NA,NA,"K5","132.6",2025,"2025-09-09T18:09:55Z","fantasypros","Ka'imi Fairbairn",15756,NA,5,2,7,NA,1.72,NA,"ka-imi-fairbairn","hou","ka-imi-fairbairn|K|hou",5
"Chase McLaughlin","K","TB",6,8.6,2.42,6,13,"K","C. McLaughlin","K","https://www.fantasypros.com/nfl/players/chase-mclaughlin.php","chase-mclaughlin.php","9",87.9,-3,NA,NA,NA,"K6","130.9",2025,"2025-09-09T18:09:55Z","fantasypros","Chase McLaughlin",19058,NA,6,6,13,NA,2.42,NA,"chase-mclaughlin","tb","chase-mclaughlin|K|tb",6
"Tyler Loop","K","BAL",7,10.6,5.68,3,19,"K","T. Loop","K","https://www.fantasypros.com/nfl/players/tyler-loop.php","tyler-loop.php","7",50.3,2,NA,NA,NA,"K7","129.2",2025,"2025-09-09T18:09:55Z","fantasypros","Tyler Loop",27534,NA,7,3,19,NA,5.68,NA,"tyler-loop","bal","tyler-loop|K|bal",7
"Chris Boswell","K","PIT",8,11.2,6.4,4,20,"K","C. Boswell","K","https://www.fantasypros.com/nfl/players/chris-boswell.php","chris-boswell.php","5",86.7,-4,NA,NA,NA,"K8","129.2",2025,"2025-09-09T18:09:55Z","fantasypros","Chris Boswell",13029,NA,8,4,20,NA,6.4,NA,"chris-boswell","pit","chris-boswell|K|pit",8
"Jake Elliott","K","PHI",9,11.4,3.88,6,18,"K","J. Elliott","K","https://www.fantasypros.com/nfl/players/jake-elliott.php","jake-elliott.php","9",75,6,NA,NA,NA,"K9","129.2",2025,"2025-09-09T18:09:55Z","fantasypros","Jake Elliott",16540,NA,9,6,18,NA,3.88,NA,"jake-elliott","phi","jake-elliott|K|phi",9
"Matt Gay","K","WAS",10,11.4,4.27,6,18,"K","M. Gay","K","https://www.fantasypros.com/nfl/players/matt-gay.php","matt-gay.php","12",33.3,4,NA,NA,NA,"K10","127.5",2025,"2025-09-09T18:09:55Z","fantasypros","Matt Gay",18545,NA,10,6,18,NA,4.27,NA,"matt-gay","was","matt-gay|K|was",10
"Harrison Butker","K","KC",11,11.4,3.44,7,17,"K","H. Butker","K","https://www.fantasypros.com/nfl/players/harrison-butker.php","harrison-butker.php","10",79.8,NA,NA,NA,NA,"K11","127.5",2025,"2025-09-09T18:09:55Z","fantasypros","Harrison Butker",16712,NA,11,7,17,NA,3.44,NA,"harrison-butker","kc","harrison-butker|K|kc",11
"Evan McPherson","K","CIN",12,11.6,4.36,7,19,"K","E. McPherson","K","https://www.fantasypros.com/nfl/players/evan-mcpherson.php","evan-mcpherson.php","10",52.7,NA,NA,NA,NA,"K12","125.8",2025,"2025-09-09T18:09:55Z","fantasypros","Evan McPherson",23297,NA,12,7,19,NA,4.36,NA,"evan-mcpherson","cin","evan-mcpherson|K|cin",12
"Tyler Bass","K","BUF",13,12.6,3.01,9,17,"K","T. Bass","K","https://www.fantasypros.com/nfl/players/tyler-bass.php","tyler-bass.php","7",52.7,-5,NA,NA,NA,"K13","125.8",2025,"2025-09-09T18:09:55Z","fantasypros","Tyler Bass",19760,NA,13,9,17,NA,3.01,NA,"tyler-bass","buf","tyler-bass|K|buf",13
"Brandon McManus","K","GB",14,11.5,4.97,8,20,"K","B. McManus","K","https://www.fantasypros.com/nfl/players/brandon-mcmanus.php","brandon-mcmanus.php","5",9.8,6,NA,NA,NA,"K14","125.8",2025,"2025-09-09T18:09:55Z","fantasypros","Brandon McManus",13274,NA,14,8,20,NA,4.97,NA,"brandon-mcmanus","gb","brandon-mcmanus|K|gb",14
"Cam Little","K","JAC",15,15,4.73,8,22,"K","C. Little","K","https://www.fantasypros.com/nfl/players/cam-little.php","cam-little.php","8",52,NA,NA,NA,NA,"K15","125.8",2025,"2025-09-09T18:09:55Z","fantasypros","Cam Little",26475,NA,15,8,22,NA,4.73,NA,"cam-little","jac","cam-little|K|jac",15
"Will Reichard","K","MIN",16,14.25,5.12,7,20,"K","W. Reichard","K","https://www.fantasypros.com/nfl/players/will-reichard.php","will-reichard.php","6",7.9,NA,NA,NA,NA,"K16","125.8",2025,"2025-09-09T18:09:55Z","fantasypros","Will Reichard",26341,NA,16,7,20,NA,5.12,NA,"will-reichard","min","will-reichard|K|min",16
"Joshua Karty","K","LAR",17,17.6,3.2,13,21,"K","J. Karty","K","https://www.fantasypros.com/nfl/players/joshua-karty.php","joshua-karty.php","8",6.5,-3,NA,NA,NA,"K17","124.1",2025,"2025-09-09T18:09:55Z","fantasypros","Joshua Karty",26478,NA,17,13,21,NA,3.2,NA,"joshua-karty","lar","joshua-karty|K|lar",17
"Younghoe Koo","K","ATL",18,18,3.69,13,23,"K","Y. Koo","K","https://www.fantasypros.com/nfl/players/younghoe-koo.php","younghoe-koo.php","5",29.8,-5,NA,NA,NA,"K18","122.4",2025,"2025-09-09T18:09:55Z","fantasypros","Younghoe Koo",16910,NA,18,13,23,NA,3.69,NA,"younghoe-koo","atl","younghoe-koo|K|atl",18
"Jason Sanders","K","MIA",19,18.4,7.23,10,30,"K","J. Sanders","K","https://www.fantasypros.com/nfl/players/jason-sanders.php","jason-sanders.php","12",10.9,NA,NA,NA,NA,"K19","120.7",2025,"2025-09-09T18:09:55Z","fantasypros","Jason Sanders",17533,NA,19,10,30,NA,7.23,NA,"jason-sanders","mia","jason-sanders|K|mia",19
"Chad Ryland","K","ARI",20,16,2.92,14,21,"K","C. Ryland","K","https://www.fantasypros.com/nfl/players/chad-ryland.php","chad-ryland.php","8",2,9,NA,NA,NA,"K20","120.7",2025,"2025-09-09T18:09:55Z","fantasypros","Chad Ryland",25354,NA,20,14,21,NA,2.92,NA,"chad-ryland","ari","chad-ryland|K|ari",20
"Jason Myers","K","SEA",21,19.8,2.79,17,24,"K","J. Myers","K","https://www.fantasypros.com/nfl/players/jason-myers.php","jason-myers.php","8",4.1,NA,NA,NA,NA,"K21","119.0",2025,"2025-09-09T18:09:55Z","fantasypros","Jason Myers",14003,NA,21,17,24,NA,2.79,NA,"jason-myers","sea","jason-myers|K|sea",21
"Daniel Carlson","K","LV",22,18,2.74,15,22,"K","D. Carlson","K","https://www.fantasypros.com/nfl/players/daniel-carlson.php","daniel-carlson.php","8",10.7,NA,NA,NA,NA,"K22","119.0",2025,"2025-09-09T18:09:55Z","fantasypros","Daniel Carlson",17420,NA,22,15,22,NA,2.74,NA,"daniel-carlson","lv","daniel-carlson|K|lv",22
"Jake Moody","K","FA",23,20.25,2.68,16,23,"K","J. Moody","K","https://www.fantasypros.com/nfl/players/jake-moody.php","jake-moody.php",NA,6.5,NA,NA,NA,NA,"K23","117.3",2025,"2025-09-09T18:09:55Z","fantasypros","Jake Moody",24009,NA,23,16,23,NA,2.68,NA,"jake-moody","fa","jake-moody|K|fa",23
"Matthew Wright","K","FA",24,20,7.12,10,26,"K","M. Wright","K","https://www.fantasypros.com/nfl/players/matthew-wright.php","matthew-wright.php",NA,0.6,7,NA,NA,NA,"K24","117.3",2025,"2025-09-09T18:09:55Z","fantasypros","Matthew Wright",18779,NA,24,10,26,NA,7.12,NA,"matthew-wright","fa","matthew-wright|K|fa",24
"Cairo Santos","K","CHI",25,25,1.22,24,27,"K","C. Santos","K","https://www.fantasypros.com/nfl/players/cairo-santos.php","cairo-santos.php","5",16.8,NA,NA,NA,NA,"K25","112.2",2025,"2025-09-09T18:09:55Z","fantasypros","Cairo Santos",13731,NA,25,24,27,NA,1.22,NA,"cairo-santos","chi","cairo-santos|K|chi",25
"Joey Slye","K","TEN",26,24,1,23,25,"K","J. Slye","K","https://www.fantasypros.com/nfl/players/joey-slye.php","joey-slye.php","10",0.7,5,NA,NA,NA,"K26","110.5",2025,"2025-09-09T18:09:55Z","fantasypros","Joey Slye",19028,NA,26,23,25,NA,1,NA,"joey-slye","ten","joey-slye|K|ten",26
"Graham Gano","K","NYG",27,26.67,0.94,26,28,"K","G. Gano","K","https://www.fantasypros.com/nfl/players/graham-gano.php","graham-gano.php","14",1,-5,NA,NA,NA,"K27","108.8",2025,"2025-09-09T18:09:55Z","fantasypros","Graham Gano",9232,NA,27,26,28,NA,0.94,NA,"graham-gano","nyg","graham-gano|K|nyg",27
"Spencer Shrader","K","IND",28,26.67,0.47,26,27,"K","S. Shrader","K","https://www.fantasypros.com/nfl/players/spencer-shrader.php","spencer-shrader.php","11",1.3,NA,NA,NA,NA,"K28","108.8",2025,"2025-09-09T18:09:55Z","fantasypros","Spencer Shrader",26763,NA,28,26,27,NA,0.47,NA,"spencer-shrader","ind","spencer-shrader|K|ind",28
"Nick Folk","K","NYJ",29,27,1.41,25,28,"K","N. Folk","K","https://www.fantasypros.com/nfl/players/nick-folk.php","nick-folk.php","9",2.2,NA,NA,NA,NA,"K29","107.1",2025,"2025-09-09T18:09:55Z","fantasypros","Nick Folk",9491,NA,29,25,28,NA,1.41,NA,"nick-folk","nyj","nick-folk|K|nyj",29
"Blake Grupe","K","NO",30,28,2.45,25,31,"K","B. Grupe","K","https://www.fantasypros.com/nfl/players/blake-grupe.php","blake-grupe.php","11",0.9,-5,NA,NA,NA,"K30","105.4",2025,"2025-09-09T18:09:55Z","fantasypros","Blake Grupe",25533,NA,30,25,31,NA,2.45,NA,"blake-grupe","no","blake-grupe|K|no",30
"Andy Borregales","K","NE",31,27,0,27,27,"K","A. Borregales","K","https://www.fantasypros.com/nfl/players/andres-borregales.php","andres-borregales.php","14",1,NA,NA,NA,NA,"K31","102.0",2025,"2025-09-09T18:09:55Z","fantasypros","Andy Borregales",27291,NA,31,27,27,NA,0,NA,"andy-borregales","ne","andy-borregales|K|ne",31
"Ryan Fitzgerald","K","CAR",32,29,0,29,29,"K","R. Fitzgerald","K","https://www.fantasypros.com/nfl/players/ryan-fitzgerald.php","ryan-fitzgerald.php","14",0.8,NA,NA,NA,NA,"K32","95.2",2025,"2025-09-09T18:09:55Z","fantasypros","Ryan Fitzgerald",27261,NA,32,29,29,NA,0,NA,"ryan-fitzgerald","car","ryan-fitzgerald|K|car",32
"Andre Szmyt","K","CLE",33,32,0,32,32,"K","A. Szmyt","K","https://www.fantasypros.com/nfl/players/andre-szmyt.php","andre-szmyt.php","9",0.7,NA,NA,NA,NA,"K33","30.6",2025,"2025-09-09T18:09:55Z","fantasypros","Andre Szmyt",25713,NA,33,32,32,NA,0,NA,"andre-szmyt","cle","andre-szmyt|K|cle",33
"Lamar Jackson","QB","BAL",1,1.4,0.49,1,2,"QB","L. Jackson","QB","https://www.fantasypros.com/nfl/players/lamar-jackson.php","lamar-jackson.php","7",99.8,1,NA,NA,NA,"QB1","379.1",2025,"2025-09-09T18:09:55Z","fantasypros","Lamar Jackson",17233,NA,1,1,2,NA,0.49,NA,"lamar-jackson","bal","lamar-jackson|QB|bal",1
"Josh Allen","QB","BUF",2,1.6,0.49,1,2,"QB","J. Allen","QB","https://www.fantasypros.com/nfl/players/josh-allen-qb.php","josh-allen-qb.php","7",99.8,-1,NA,NA,NA,"QB2","377.4",2025,"2025-09-09T18:09:55Z","fantasypros","Josh Allen",17298,NA,2,1,2,NA,0.49,NA,"josh-allen","buf","josh-allen|QB|buf",2
"Jayden Daniels","QB","WAS",3,3.4,0.49,3,4,"QB","J. Daniels","QB","https://www.fantasypros.com/nfl/players/jayden-daniels.php","jayden-daniels.php","12",99.7,NA,NA,NA,NA,"QB3","363.8",2025,"2025-09-09T18:09:55Z","fantasypros","Jayden Daniels",22902,NA,3,3,4,NA,0.49,NA,"jayden-daniels","was","jayden-daniels|QB|was",3
"Jalen Hurts","QB","PHI",4,4,0.63,3,5,"QB","J. Hurts","QB","https://www.fantasypros.com/nfl/players/jalen-hurts.php","jalen-hurts.php","9",99.7,NA,NA,NA,NA,"QB4","363.8",2025,"2025-09-09T18:09:55Z","fantasypros","Jalen Hurts",19275,NA,4,3,5,NA,0.63,NA,"jalen-hurts","phi","jalen-hurts|QB|phi",4
"Joe Burrow","QB","CIN",5,4.6,0.8,3,5,"QB","J. Burrow","QB","https://www.fantasypros.com/nfl/players/joe-burrow.php","joe-burrow.php","10",99.7,NA,NA,NA,NA,"QB5","345.1",2025,"2025-09-09T18:09:55Z","fantasypros","Joe Burrow",19196,NA,5,3,5,NA,0.8,NA,"joe-burrow","cin","joe-burrow|QB|cin",5
"Patrick Mahomes II","QB","KC",6,8.2,2.64,6,13,"QB","P. Mahomes II","QB","https://www.fantasypros.com/nfl/players/patrick-mahomes.php","patrick-mahomes.php","10",98.9,NA,NA,NA,NA,"QB6","323.0",2025,"2025-09-09T18:09:55Z","fantasypros","Patrick Mahomes II",16413,NA,6,6,13,NA,2.64,NA,"patrick-mahomes","kc","patrick-mahomes|QB|kc",6
"Baker Mayfield","QB","TB",7,8.8,2.48,6,12,"QB","B. Mayfield","QB","https://www.fantasypros.com/nfl/players/baker-mayfield.php","baker-mayfield.php","9",97.6,NA,NA,NA,NA,"QB7","321.3",2025,"2025-09-09T18:09:55Z","fantasypros","Baker Mayfield",17237,NA,7,6,12,NA,2.48,NA,"baker-mayfield","tb","baker-mayfield|QB|tb",7
"Justin Herbert","QB","LAC",8,9,0.63,8,10,"QB","J. Herbert","QB","https://www.fantasypros.com/nfl/players/justin-herbert.php","justin-herbert.php","12",87.6,2,NA,NA,NA,"QB8","314.5",2025,"2025-09-09T18:09:55Z","fantasypros","Justin Herbert",18635,NA,8,8,10,NA,0.63,NA,"justin-herbert","lac","justin-herbert|QB|lac",8
"Justin Fields","QB","NYJ",9,9.2,1.94,7,12,"QB","J. Fields","QB","https://www.fantasypros.com/nfl/players/justin-fields.php","justin-fields.php","9",70.5,4,NA,NA,NA,"QB9","311.1",2025,"2025-09-09T18:09:55Z","fantasypros","Justin Fields",19781,NA,9,7,12,NA,1.94,NA,"justin-fields","nyj","justin-fields|QB|nyj",9
"Bo Nix","QB","DEN",10,10.6,1.74,8,13,"QB","Bo Nix","QB","https://www.fantasypros.com/nfl/players/bo-nix.php","bo-nix.php","12",96.3,-3,NA,NA,NA,"QB10","307.7",2025,"2025-09-09T18:09:55Z","fantasypros","Bo Nix",22910,NA,10,8,13,NA,1.74,NA,"bo-nix","den","bo-nix|QB|den",10
"Dak Prescott","QB","DAL",11,11.8,4.53,6,17,"QB","D. Prescott","QB","https://www.fantasypros.com/nfl/players/dak-prescott.php","dak-prescott.php","10",86.8,-3,NA,NA,NA,"QB11","306.0",2025,"2025-09-09T18:09:55Z","fantasypros","Dak Prescott",15600,NA,11,6,17,NA,4.53,NA,"dak-prescott","dal","dak-prescott|QB|dal",11
"Kyler Murray","QB","ARI",12,12.2,2.48,8,15,"QB","K. Murray","QB","https://www.fantasypros.com/nfl/players/kyler-murray.php","kyler-murray.php","8",92.5,NA,NA,NA,NA,"QB12","299.2",2025,"2025-09-09T18:09:55Z","fantasypros","Kyler Murray",18600,NA,12,8,15,NA,2.48,NA,"kyler-murray","ari","kyler-murray|QB|ari",12
"Brock Purdy","QB","SF",13,13.4,4.13,7,19,"QB","B. Purdy","QB","https://www.fantasypros.com/nfl/players/brock-purdy.php","brock-purdy.php","14",91.5,2,NA,NA,NA,"QB13","292.4",2025,"2025-09-09T18:09:55Z","fantasypros","Brock Purdy",19797,NA,13,7,19,NA,4.13,NA,"brock-purdy","sf","brock-purdy|QB|sf",13
"Drake Maye","QB","NE",14,13.6,3.72,8,18,"QB","D. Maye","QB","https://www.fantasypros.com/nfl/players/drake-maye.php","drake-maye.php","14",77.9,NA,NA,NA,NA,"QB14","283.9",2025,"2025-09-09T18:09:55Z","fantasypros","Drake Maye",23046,NA,14,8,18,NA,3.72,NA,"drake-maye","ne","drake-maye|QB|ne",14
"Jordan Love","QB","GB",15,14.2,2.48,11,18,"QB","J. Love","QB","https://www.fantasypros.com/nfl/players/jordan-love.php","jordan-love.php","5",71.9,NA,NA,NA,NA,"QB15","282.2",2025,"2025-09-09T18:09:55Z","fantasypros","Jordan Love",19246,NA,15,11,18,NA,2.48,NA,"jordan-love","gb","jordan-love|QB|gb",15
"J.J. McCarthy","QB","MIN",16,15.8,4.35,8,21,"QB","J.J. McCarthy","QB","https://www.fantasypros.com/nfl/players/jj-mccarthy.php","jj-mccarthy.php","6",66,NA,NA,NA,NA,"QB16","280.5",2025,"2025-09-09T18:09:55Z","fantasypros","J.J. McCarthy",23018,NA,16,8,21,NA,4.35,NA,"j-j-mccarthy","min","j-j-mccarthy|QB|min",16
"Jared Goff","QB","DET",17,16.4,3.26,12,21,"QB","J. Goff","QB","https://www.fantasypros.com/nfl/players/jared-goff.php","jared-goff.php","8",81.4,-3,NA,NA,NA,"QB17","280.5",2025,"2025-09-09T18:09:55Z","fantasypros","Jared Goff",15501,NA,17,12,21,NA,3.26,NA,"jared-goff","det","jared-goff|QB|det",17
"Caleb Williams","QB","CHI",18,17.2,3.31,13,22,"QB","C. Williams","QB","https://www.fantasypros.com/nfl/players/caleb-williams.php","caleb-williams.php","5",73.1,NA,NA,NA,NA,"QB18","273.7",2025,"2025-09-09T18:09:55Z","fantasypros","Caleb Williams",23084,NA,18,13,22,NA,3.31,NA,"caleb-williams","chi","caleb-williams|QB|chi",18
"C.J. Stroud","QB","HOU",19,17.6,1.96,15,21,"QB","C.J. Stroud","QB","https://www.fantasypros.com/nfl/players/cj-stroud.php","cj-stroud.php","6",73.7,NA,NA,NA,NA,"QB19","272.0",2025,"2025-09-09T18:09:55Z","fantasypros","C.J. Stroud",23071,NA,19,15,21,NA,1.96,NA,"c-j-stroud","hou","c-j-stroud|QB|hou",19
"Trevor Lawrence","QB","JAC",20,18.2,1.94,16,21,"QB","T. Lawrence","QB","https://www.fantasypros.com/nfl/players/trevor-lawrence.php","trevor-lawrence.php","8",45.2,NA,NA,NA,NA,"QB20","270.3",2025,"2025-09-09T18:09:55Z","fantasypros","Trevor Lawrence",19780,NA,20,16,21,NA,1.94,NA,"trevor-lawrence","jac","trevor-lawrence|QB|jac",20
"Geno Smith","QB","LV",21,22,1.67,20,24,"QB","G. Smith","QB","https://www.fantasypros.com/nfl/players/geno-smith.php","geno-smith.php","8",16.1,3,NA,NA,NA,"QB21","268.6",2025,"2025-09-09T18:09:55Z","fantasypros","Geno Smith",11687,NA,21,20,24,NA,1.67,NA,"geno-smith","lv","geno-smith|QB|lv",21
"Michael Penix Jr.","QB","ATL",22,22,1.1,20,23,"QB","M. Penix Jr.","QB","https://www.fantasypros.com/nfl/players/michael-penix-jr.php","michael-penix-jr.php","5",29.3,NA,NA,NA,NA,"QB22","266.9",2025,"2025-09-09T18:09:55Z","fantasypros","Michael Penix Jr.",22973,NA,22,20,23,NA,1.1,NA,"michael-penix","atl","michael-penix|QB|atl",22
"Bryce Young","QB","CAR",23,23.2,1.94,20,25,"QB","B. Young","QB","https://www.fantasypros.com/nfl/players/bryce-young.php","bryce-young.php","14",24.1,NA,NA,NA,NA,"QB23","263.5",2025,"2025-09-09T18:09:55Z","fantasypros","Bryce Young",22900,NA,23,20,25,NA,1.94,NA,"bryce-young","car","bryce-young|QB|car",23
"Matthew Stafford","QB","LAR",24,23.6,2.06,21,27,"QB","M. Stafford","QB","https://www.fantasypros.com/nfl/players/matthew-stafford.php","matthew-stafford.php","8",29.4,NA,NA,NA,NA,"QB24","261.8",2025,"2025-09-09T18:09:55Z","fantasypros","Matthew Stafford",9451,NA,24,21,27,NA,2.06,NA,"matthew-stafford","lar","matthew-stafford|QB|lar",24
"Tua Tagovailoa","QB","MIA",25,25.2,2.99,20,29,"QB","T. Tagovailoa","QB","https://www.fantasypros.com/nfl/players/tua-tagovailoa.php","tua-tagovailoa.php","12",29.4,-5,NA,NA,NA,"QB25","256.7",2025,"2025-09-09T18:09:55Z","fantasypros","Tua Tagovailoa",19198,NA,25,20,29,NA,2.99,NA,"tua-tagovailoa","mia","tua-tagovailoa|QB|mia",25
"Cam Ward","QB","TEN",26,26.6,0.8,26,28,"QB","C. Ward","QB","https://www.fantasypros.com/nfl/players/cam-ward.php","cam-ward.php","10",32.1,NA,NA,NA,NA,"QB26","253.3",2025,"2025-09-09T18:09:55Z","fantasypros","Cam Ward",24755,NA,26,26,28,NA,0.8,NA,"cam-ward","ten","cam-ward|QB|ten",26
"Sam Darnold","QB","SEA",27,27.4,1.02,26,29,"QB","S. Darnold","QB","https://www.fantasypros.com/nfl/players/sam-darnold.php","sam-darnold.php","8",15.5,NA,NA,NA,NA,"QB27","253.3",2025,"2025-09-09T18:09:55Z","fantasypros","Sam Darnold",17236,NA,27,26,29,NA,1.02,NA,"sam-darnold","sea","sam-darnold|QB|sea",27
"Aaron Rodgers","QB","PIT",28,28.2,1.83,25,30,"QB","A. Rodgers","QB","https://www.fantasypros.com/nfl/players/aaron-rodgers.php","aaron-rodgers.php","5",13.7,NA,NA,NA,NA,"QB28","241.4",2025,"2025-09-09T18:09:55Z","fantasypros","Aaron Rodgers",9001,NA,28,25,30,NA,1.83,NA,"aaron-rodgers","pit","aaron-rodgers|QB|pit",28
"Daniel Jones","QB","IND",29,28.4,3.72,23,34,"QB","D. Jones","QB","https://www.fantasypros.com/nfl/players/daniel-jones.php","daniel-jones.php","11",8,NA,NA,NA,NA,"QB29","239.7",2025,"2025-09-09T18:09:55Z","fantasypros","Daniel Jones",18232,NA,29,23,34,NA,3.72,NA,"daniel-jones","ind","daniel-jones|QB|ind",29
"Joe Flacco","QB","CLE",30,30.4,1.02,29,32,"QB","J. Flacco","QB","https://www.fantasypros.com/nfl/players/joe-flacco.php","joe-flacco.php","9",5.9,NA,NA,NA,NA,"QB30","181.9",2025,"2025-09-09T18:09:55Z","fantasypros","Joe Flacco",9300,NA,30,29,32,NA,1.02,NA,"joe-flacco","cle","joe-flacco|QB|cle",30
"Anthony Richardson Sr.","QB","IND",31,30.8,3.43,24,33,"QB","A. Richardson Sr.","QB","https://www.fantasypros.com/nfl/players/anthony-richardson.php","anthony-richardson.php","11",6.8,NA,NA,NA,NA,"QB31","176.8",2025,"2025-09-09T18:09:55Z","fantasypros","Anthony Richardson Sr.",24347,NA,31,24,33,NA,3.43,NA,"anthony-richardson","ind","anthony-richardson|QB|ind",31
"Jaxson Dart","QB","NYG",32,31.2,1.72,28,33,"QB","J. Dart","QB","https://www.fantasypros.com/nfl/players/jaxson-dart.php","jaxson-dart.php","14",8.1,NA,NA,NA,NA,"QB32","129.2",2025,"2025-09-09T18:09:55Z","fantasypros","Jaxson Dart",23160,NA,32,28,33,NA,1.72,NA,"jaxson-dart","nyg","jaxson-dart|QB|nyg",32
"Russell Wilson","QB","NYG",33,31.4,1.96,29,35,"QB","R. Wilson","QB","https://www.fantasypros.com/nfl/players/russell-wilson.php","russell-wilson.php","14",7.6,NA,NA,NA,NA,"QB33","68.0",2025,"2025-09-09T18:09:55Z","fantasypros","Russell Wilson",11180,NA,33,29,35,NA,1.96,NA,"russell-wilson","nyg","russell-wilson|QB|nyg",33
"Spencer Rattler","QB","NO",34,37.8,6.24,33,50,"QB","S. Rattler","QB","https://www.fantasypros.com/nfl/players/spencer-rattler.php","spencer-rattler.php","11",2.9,NA,NA,NA,NA,"QB34","57.8",2025,"2025-09-09T18:09:55Z","fantasypros","Spencer Rattler",23081,NA,34,33,50,NA,6.24,NA,"spencer-rattler","no","spencer-rattler|QB|no",34
"Tyler Shough","QB","NO",35,39,7.59,34,54,"QB","T. Shough","QB","https://www.fantasypros.com/nfl/players/tyler-shough.php","tyler-shough.php","11",2,NA,NA,NA,NA,"QB35","57.8",2025,"2025-09-09T18:09:55Z","fantasypros","Tyler Shough",23096,NA,35,34,54,NA,7.59,NA,"tyler-shough","no","tyler-shough|QB|no",35
"Shedeur Sanders","QB","CLE",36,39.6,5.99,35,51,"QB","S. Sanders","QB","https://www.fantasypros.com/nfl/players/shedeur-sanders.php","shedeur-sanders.php","9",4.9,NA,NA,NA,NA,"QB36","54.4",2025,"2025-09-09T18:09:55Z","fantasypros","Shedeur Sanders",25968,NA,36,35,51,NA,5.99,NA,"shedeur-sanders","cle","shedeur-sanders|QB|cle",36
"Jalen Milroe","QB","SEA",37,36,2.55,33,40,"QB","J. Milroe","QB","https://www.fantasypros.com/nfl/players/jalen-milroe.php","jalen-milroe.php","8",1.9,NA,NA,NA,NA,"QB37","52.7",2025,"2025-09-09T18:09:55Z","fantasypros","Jalen Milroe",22884,NA,37,33,40,NA,2.55,NA,"jalen-milroe","sea","jalen-milroe|QB|sea",37
"Jameis Winston","QB","NYG",38,45.2,11.86,34,68,"QB","J. Winston","QB","https://www.fantasypros.com/nfl/players/jameis-winston.php","jameis-winston.php","14",0.8,NA,NA,NA,NA,"QB38","25.5",2025,"2025-09-09T18:09:55Z","fantasypros","Jameis Winston",13891,NA,38,34,68,NA,11.86,NA,"jameis-winston","nyg","jameis-winston|QB|nyg",38
"Joe Milton III","QB","DAL",39,42.25,3.27,37,46,"QB","J. Milton III","QB","https://www.fantasypros.com/nfl/players/joe-milton.php","joe-milton.php","10",0.9,NA,NA,NA,NA,"QB39","17.0",2025,"2025-09-09T18:09:55Z","fantasypros","Joe Milton III",25967,NA,39,37,46,NA,3.27,NA,"joe-milton","dal","joe-milton|QB|dal",39
"Kirk Cousins","QB","ATL",40,44,11.02,36,63,"QB","K. Cousins","QB","https://www.fantasypros.com/nfl/players/kirk-cousins.php","kirk-cousins.php","5",1.4,NA,NA,NA,NA,"QB40","17.0",2025,"2025-09-09T18:09:55Z","fantasypros","Kirk Cousins",11177,NA,40,36,63,NA,11.02,NA,"kirk-cousins","atl","kirk-cousins|QB|atl",40
"Kenny Pickett","QB","LV",41,45.25,4.71,41,53,"QB","K. Pickett","QB","https://www.fantasypros.com/nfl/players/kenny-pickett.php","kenny-pickett.php","8",1.2,NA,NA,NA,NA,"QB41","13.6",2025,"2025-09-09T18:09:55Z","fantasypros","Kenny Pickett",22722,NA,41,41,53,NA,4.71,NA,"kenny-pickett","lv","kenny-pickett|QB|lv",41
"Malik Willis","QB","GB",42,46.5,9.6,38,62,"QB","M. Willis","QB","https://www.fantasypros.com/nfl/players/malik-willis.php","malik-willis.php","5",0.7,6,NA,NA,NA,"QB42","11.9",2025,"2025-09-09T18:09:55Z","fantasypros","Malik Willis",23499,NA,42,38,62,NA,9.6,NA,"malik-willis","gb","malik-willis|QB|gb",42
"Jimmy Garoppolo","QB","LAR",43,48.75,9.98,36,64,"QB","J. Garoppolo","QB","https://www.fantasypros.com/nfl/players/jimmy-garoppolo.php","jimmy-garoppolo.php","8",0.9,NA,NA,NA,NA,"QB43","11.9",2025,"2025-09-09T18:09:55Z","fantasypros","Jimmy Garoppolo",12208,NA,43,36,64,NA,9.98,NA,"jimmy-garoppolo","lar","jimmy-garoppolo|QB|lar",43
"Dillon Gabriel","QB","CLE",44,48.5,7.92,38,60,"QB","D. Gabriel","QB","https://www.fantasypros.com/nfl/players/dillon-gabriel.php","dillon-gabriel.php","9",0.9,NA,NA,NA,NA,"QB44","11.9",2025,"2025-09-09T18:09:55Z","fantasypros","Dillon Gabriel",23150,NA,44,38,60,NA,7.92,NA,"dillon-gabriel","cle","dillon-gabriel|QB|cle",44
"Mac Jones","QB","SF",45,46,3.74,42,51,"QB","M. Jones","QB","https://www.fantasypros.com/nfl/players/mac-jones.php","mac-jones.php","14",0.6,NA,NA,NA,NA,"QB45","10.2",2025,"2025-09-09T18:09:55Z","fantasypros","Mac Jones",20156,NA,45,42,51,NA,3.74,NA,"mac-jones","sf","mac-jones|QB|sf",45
"Tyrod Taylor","QB","NYJ",46,51.25,9.44,42,65,"QB","T. Taylor","QB","https://www.fantasypros.com/nfl/players/tyrod-taylor.php","tyrod-taylor.php","9",0.6,NA,NA,NA,NA,"QB46","10.2",2025,"2025-09-09T18:09:55Z","fantasypros","Tyrod Taylor",10007,NA,46,42,65,NA,9.44,NA,"tyrod-taylor","nyj","tyrod-taylor|QB|nyj",46
"Kyle Allen","QB","DET",47,47,9.42,36,59,"QB","K. Allen","QB","https://www.fantasypros.com/nfl/players/kyle-allen.php","kyle-allen.php","8",0.6,8,NA,NA,NA,"QB47","10.2",2025,"2025-09-09T18:09:55Z","fantasypros","Kyle Allen",17869,NA,47,36,59,NA,9.42,NA,"kyle-allen","det","kyle-allen|QB|det",47
"Marcus Mariota","QB","WAS",48,47,8.52,40,59,"QB","M. Mariota","QB","https://www.fantasypros.com/nfl/players/marcus-mariota.php","marcus-mariota.php","12",0.6,NA,NA,NA,NA,"QB48","10.2",2025,"2025-09-09T18:09:55Z","fantasypros","Marcus Mariota",13890,NA,48,40,59,NA,8.52,NA,"marcus-mariota","was","marcus-mariota|QB|was",48
"Jake Browning","QB","CIN",49,47,5.89,41,55,"QB","J. Browning","QB","https://www.fantasypros.com/nfl/players/jake-browning.php","jake-browning.php","10",0.6,NA,NA,NA,NA,"QB49","10.2",2025,"2025-09-09T18:09:55Z","fantasypros","Jake Browning",18557,NA,49,41,55,NA,5.89,NA,"jake-browning","cin","jake-browning|QB|cin",49
"Gardner Minshew II","QB","KC",50,48,3.27,44,52,"QB","G. Minshew II","QB","https://www.fantasypros.com/nfl/players/gardner-minshew.php","gardner-minshew.php","10",0.6,NA,NA,NA,NA,"QB50","10.2",2025,"2025-09-09T18:09:55Z","fantasypros","Gardner Minshew II",18562,NA,50,44,52,NA,3.27,NA,"gardner-minshew","kc","gardner-minshew|QB|kc",50
"Andy Dalton","QB","CAR",51,48.33,7.85,38,57,"QB","A. Dalton","QB","https://www.fantasypros.com/nfl/players/andy-dalton.php","andy-dalton.php","14",0.7,NA,NA,NA,NA,"QB51","8.5",2025,"2025-09-09T18:09:55Z","fantasypros","Andy Dalton",9907,NA,51,38,57,NA,7.85,NA,"andy-dalton","car","andy-dalton|QB|car",51
"Trey Lance","QB","LAC",52,48.33,4.03,45,54,"QB","T. Lance","QB","https://www.fantasypros.com/nfl/players/trey-lance.php","trey-lance.php","12",0.6,7,NA,NA,NA,"QB52","8.5",2025,"2025-09-09T18:09:55Z","fantasypros","Trey Lance",20082,NA,52,45,54,NA,4.03,NA,"trey-lance","lac","trey-lance|QB|lac",52
"Zach Wilson","QB","MIA",53,49.67,6.02,44,58,"QB","Z. Wilson","QB","https://www.fantasypros.com/nfl/players/zach-wilson.php","zach-wilson.php","12",0.6,NA,NA,NA,NA,"QB53","6.8",2025,"2025-09-09T18:09:55Z","fantasypros","Zach Wilson",22679,NA,53,44,58,NA,6.02,NA,"zach-wilson","mia","zach-wilson|QB|mia",53
"Mason Rudolph","QB","PIT",54,54.5,7.4,48,66,"QB","M. Rudolph","QB","https://www.fantasypros.com/nfl/players/mason-rudolph.php","mason-rudolph.php","5",0.6,-8,NA,NA,NA,"QB54","6.8",2025,"2025-09-09T18:09:55Z","fantasypros","Mason Rudolph",17234,NA,54,48,66,NA,7.4,NA,"mason-rudolph","pit","mason-rudolph|QB|pit",54
"Nick Mullens","QB","JAC",55,46,9,37,55,"QB","N. Mullens","QB","https://www.fantasypros.com/nfl/players/nick-mullens.php","nick-mullens.php","8",1,8,NA,NA,NA,"QB55","6.8",2025,"2025-09-09T18:09:55Z","fantasypros","Nick Mullens",16726,NA,55,37,55,NA,9,NA,"nick-mullens","jac","nick-mullens|QB|jac",55
"Cooper Rush","QB","BAL",56,51,1.41,49,52,"QB","C. Rush","QB","https://www.fantasypros.com/nfl/players/cooper-rush.php","cooper-rush.php","7",0.7,NA,NA,NA,NA,"QB56","6.8",2025,"2025-09-09T18:09:55Z","fantasypros","Cooper Rush",16477,NA,56,49,52,NA,1.41,NA,"cooper-rush","bal","cooper-rush|QB|bal",56
"Teddy Bridgewater","QB","TB",57,39,0,39,39,"QB","T. Bridgewater","QB","https://www.fantasypros.com/nfl/players/teddy-bridgewater.php","teddy-bridgewater.php","9",0.8,7,NA,NA,NA,"QB57","6.8",2025,"2025-09-09T18:09:55Z","fantasypros","Teddy Bridgewater",12088,NA,57,39,39,NA,0,NA,"teddy-bridgewater","tb","teddy-bridgewater|QB|tb",57
"Tanner McKee","QB","PHI",58,40,0,40,40,"QB","T. McKee","QB","https://www.fantasypros.com/nfl/players/tanner-mckee.php","tanner-mckee.php","9",0.9,10,NA,NA,NA,"QB58","6.8",2025,"2025-09-09T18:09:55Z","fantasypros","Tanner McKee",24740,NA,58,40,40,NA,0,NA,"tanner-mckee","phi","tanner-mckee|QB|phi",58
"Davis Mills","QB","HOU",59,50.5,9.5,41,60,"QB","D. Mills","QB","https://www.fantasypros.com/nfl/players/davis-mills.php","davis-mills.php","6",0.6,NA,NA,NA,NA,"QB59","6.8",2025,"2025-09-09T18:09:55Z","fantasypros","Davis Mills",22799,NA,59,41,60,NA,9.5,NA,"davis-mills","hou","davis-mills|QB|hou",59
"Joshua Dobbs","QB","NE",60,51,2,49,53,"QB","J. Dobbs","QB","https://www.fantasypros.com/nfl/players/joshua-dobbs.php","joshua-dobbs.php","14",1,NA,NA,NA,NA,"QB60","6.8",2025,"2025-09-09T18:09:55Z","fantasypros","Joshua Dobbs",16417,NA,60,49,53,NA,2,NA,"joshua-dobbs","ne","joshua-dobbs|QB|ne",60
"Sam Howell","QB","PHI",61,51,2,49,53,"QB","S. Howell","QB","https://www.fantasypros.com/nfl/players/sam-howell.php","sam-howell.php","9",0.7,-12,NA,NA,NA,"QB61","6.8",2025,"2025-09-09T18:09:55Z","fantasypros","Sam Howell",23045,NA,61,49,53,NA,2,NA,"sam-howell","phi","sam-howell|QB|phi",61
"Kyle Trask","QB","FA",62,43,0,43,43,"QB","K. Trask","QB","https://www.fantasypros.com/nfl/players/kyle-trask.php","kyle-trask.php",NA,1.1,NA,NA,NA,NA,"QB62","6.8",2025,"2025-09-09T18:09:55Z","fantasypros","Kyle Trask",19800,NA,62,43,43,NA,0,NA,"kyle-trask","fa","kyle-trask|QB|fa",62
"Quinn Ewers","QB","MIA",63,44,0,44,44,"QB","Q. Ewers","QB","https://www.fantasypros.com/nfl/players/quinn-ewers.php","quinn-ewers.php","12",0.6,NA,NA,NA,NA,"QB63","6.8",2025,"2025-09-09T18:09:55Z","fantasypros","Quinn Ewers",23680,NA,63,44,44,NA,0,NA,"quinn-ewers","mia","quinn-ewers|QB|mia",63
"Tyson Bagent","QB","CHI",64,55.67,1.25,54,57,"QB","T. Bagent","QB","https://www.fantasypros.com/nfl/players/tyson-bagent.php","tyson-bagent.php","5",0.6,NA,NA,NA,NA,"QB64","6.8",2025,"2025-09-09T18:09:55Z","fantasypros","Tyson Bagent",25321,NA,64,54,57,NA,1.25,NA,"tyson-bagent","chi","tyson-bagent|QB|chi",64
"Jacoby Brissett","QB","ARI",65,47,0,47,47,"QB","J. Brissett","QB","https://www.fantasypros.com/nfl/players/jacoby-brissett.php","jacoby-brissett.php","8",1,NA,NA,NA,NA,"QB65","6.8",2025,"2025-09-09T18:09:55Z","fantasypros","Jacoby Brissett",15642,NA,65,47,47,NA,0,NA,"jacoby-brissett","ari","jacoby-brissett|QB|ari",65
"Carson Wentz","QB","MIN",66,59,8,51,67,"QB","C. Wentz","QB","https://www.fantasypros.com/nfl/players/carson-wentz.php","carson-wentz.php","6",0.7,-8,NA,NA,NA,"QB66","5.1",2025,"2025-09-09T18:09:55Z","fantasypros","Carson Wentz",15520,NA,66,51,67,NA,8,NA,"carson-wentz","min","carson-wentz|QB|min",66
"Jarrett Stidham","QB","DEN",67,56,0,56,56,"QB","J. Stidham","QB","https://www.fantasypros.com/nfl/players/jarrett-stidham.php","jarrett-stidham.php","12",0.7,NA,NA,NA,NA,"QB67","5.1",2025,"2025-09-09T18:09:55Z","fantasypros","Jarrett Stidham",18604,NA,67,56,56,NA,0,NA,"jarrett-stidham","den","jarrett-stidham|QB|den",67
"Mitchell Trubisky","QB","BUF",68,59.5,1.5,58,61,"QB","M. Trubisky","QB","https://www.fantasypros.com/nfl/players/mitch-trubisky.php","mitch-trubisky.php","7",0.6,NA,NA,NA,NA,"QB68","5.1",2025,"2025-09-09T18:09:55Z","fantasypros","Mitchell Trubisky",16381,NA,68,58,61,NA,1.5,NA,"mitchell-trubisky","buf","mitchell-trubisky|QB|buf",68
"Taylor Heinicke","QB","FA",69,69,0,69,69,"QB","T. Heinicke","QB","https://www.fantasypros.com/nfl/players/taylor-heinicke.php","taylor-heinicke.php",NA,1,NA,NA,NA,NA,"QB69","5.1",2025,"2025-09-09T18:09:55Z","fantasypros","Taylor Heinicke",13932,NA,69,69,69,NA,0,NA,"taylor-heinicke","fa","taylor-heinicke|QB|fa",69
"Drew Lock","QB","SEA",70,70,0,70,70,"QB","D. Lock","QB","https://www.fantasypros.com/nfl/players/drew-lock.php","drew-lock.php","8",1.9,NA,NA,NA,NA,"QB70","3.4",2025,"2025-09-09T18:09:55Z","fantasypros","Drew Lock",18225,NA,70,70,70,NA,0,NA,"drew-lock","sea","drew-lock|QB|sea",70
"Hendon Hooker","QB","CAR",71,71,0,71,71,"QB","H. Hooker","QB","https://www.fantasypros.com/nfl/players/hendon-hooker.php","hendon-hooker.php","14",0.6,NA,NA,NA,NA,"QB71","0.0",2025,"2025-09-09T18:09:55Z","fantasypros","Hendon Hooker",24332,NA,71,71,71,NA,0,NA,"hendon-hooker","car","hendon-hooker|QB|car",71
"Aidan O'Connell","QB","LV",72,72,0,72,72,"QB","A. O'Connell","QB","https://www.fantasypros.com/nfl/players/aidan-oconnell.php","aidan-oconnell.php","8",1.9,-7,NA,NA,NA,"QB72","0.0",2025,"2025-09-09T18:09:55Z","fantasypros","Aidan O'Connell",24330,NA,72,72,72,NA,0,NA,"aidan-o-connell","lv","aidan-o-connell|QB|lv",72
"Will Howard","QB","PIT",73,73,0,73,73,"QB","W. Howard","QB","https://www.fantasypros.com/nfl/players/will-howard.php","will-howard.php","5",0.6,-8,NA,NA,NA,"QB73","0.0",2025,"2025-09-09T18:09:55Z","fantasypros","Will Howard",25972,NA,73,73,73,NA,0,NA,"will-howard","pit","will-howard|QB|pit",73
"Deshaun Watson","QB","CLE",74,74,0,74,74,"QB","D. Watson","QB","https://www.fantasypros.com/nfl/players/deshaun-watson.php","deshaun-watson.php","9",0.7,NA,NA,NA,NA,"QB74","0.0",2025,"2025-09-09T18:09:55Z","fantasypros","Deshaun Watson",16398,NA,74,74,74,NA,0,NA,"deshaun-watson","cle","deshaun-watson|QB|cle",74
"Bijan Robinson","RB","ATL",1,1.2,0.4,1,2,"RB","B. Robinson","RB","https://www.fantasypros.com/nfl/players/bijan-robinson.php","bijan-robinson.php","5",99.8,NA,NA,NA,NA,"RB1","277.1",2025,"2025-09-09T18:09:55Z","fantasypros","Bijan Robinson",23133,NA,1,1,2,NA,0.4,NA,"bijan-robinson","atl","bijan-robinson|RB|atl",1
"Jahmyr Gibbs","RB","DET",2,2.8,0.4,2,3,"RB","J. Gibbs","RB","https://www.fantasypros.com/nfl/players/jahmyr-gibbs.php","jahmyr-gibbs.php","8",99.8,NA,"The Lions offense disappointed in Week 1 versus the Packers but they should bounce back in Week 2 at home. Gibbs played 66% of the snaps in his debut - which was the second-highest snap rate he has played since 2024 alongside a healthy David Montgomery. This offense is going to pepper Gibbs with targets (10 catches in Week 1) so buy low on the consensus top-5 fantasy RB during draft season.","buy",NA,"RB2","265.2",2025,"2025-09-09T18:09:55Z","fantasypros","Jahmyr Gibbs",22968,NA,2,2,3,NA,0.4,NA,"jahmyr-gibbs","det","jahmyr-gibbs|RB|det",2
"Saquon Barkley","RB","PHI",3,3,1.26,2,5,"RB","S. Barkley","RB","https://www.fantasypros.com/nfl/players/saquon-barkley.php","saquon-barkley.php","9",99.8,NA,NA,NA,NA,"RB3","265.2",2025,"2025-09-09T18:09:55Z","fantasypros","Saquon Barkley",17240,NA,3,2,5,NA,1.26,NA,"saquon-barkley","phi","saquon-barkley|RB|phi",3
"Derrick Henry","RB","BAL",4,3.6,1.36,1,5,"RB","D. Henry","RB","https://www.fantasypros.com/nfl/players/derrick-henry.php","derrick-henry.php","7",99.8,NA,NA,NA,NA,"RB4","260.1",2025,"2025-09-09T18:09:55Z","fantasypros","Derrick Henry",15514,NA,4,1,5,NA,1.36,NA,"derrick-henry","bal","derrick-henry|RB|bal",4
"Ashton Jeanty","RB","LV",5,5,1.67,3,8,"RB","A. Jeanty","RB","https://www.fantasypros.com/nfl/players/ashton-jeanty.php","ashton-jeanty.php","8",99.7,-1,NA,NA,NA,"RB5","238.0",2025,"2025-09-09T18:09:55Z","fantasypros","Ashton Jeanty",25989,NA,5,3,8,NA,1.67,NA,"ashton-jeanty","lv","ashton-jeanty|RB|lv",5
"Christian McCaffrey","RB","SF",6,6.6,0.8,6,8,"RB","C. McCaffrey","RB","https://www.fantasypros.com/nfl/players/christian-mccaffrey.php","christian-mccaffrey.php","14",99.8,NA,NA,NA,NA,"RB6","231.2",2025,"2025-09-09T18:09:55Z","fantasypros","Christian McCaffrey",16393,NA,6,6,8,NA,0.8,NA,"christian-mccaffrey","sf","christian-mccaffrey|RB|sf",6
"Jonathan Taylor","RB","IND",7,7.2,1.72,5,10,"RB","J. Taylor","RB","https://www.fantasypros.com/nfl/players/jonathan-taylor.php","jonathan-taylor.php","11",99.6,NA,NA,NA,NA,"RB7","229.5",2025,"2025-09-09T18:09:55Z","fantasypros","Jonathan Taylor",19217,NA,7,5,10,NA,1.72,NA,"jonathan-taylor","ind","jonathan-taylor|RB|ind",7
"Josh Jacobs","RB","GB",8,7.4,1.02,6,9,"RB","J. Jacobs","RB","https://www.fantasypros.com/nfl/players/josh-jacobs.php","josh-jacobs.php","5",99.7,NA,"Josh Jacobs was a bell cow for the Packers in Week 1, playing 88% of the snaps. Rushed 19 times for 66 yards and 1 TD. There is no threat to his touches in this backfield.","buy",NA,"RB8","229.5",2025,"2025-09-09T18:09:55Z","fantasypros","Josh Jacobs",18269,NA,8,6,9,NA,1.02,NA,"josh-jacobs","gb","josh-jacobs|RB|gb",8
"Bucky Irving","RB","TB",9,9.4,1.02,8,11,"RB","B. Irving","RB","https://www.fantasypros.com/nfl/players/bucky-irving.php","bucky-irving.php","9",99.7,-2,NA,NA,NA,"RB9","227.8",2025,"2025-09-09T18:09:55Z","fantasypros","Bucky Irving",25981,NA,9,8,11,NA,1.02,NA,"bucky-irving","tb","bucky-irving|RB|tb",9
"De'Von Achane","RB","MIA",10,10.8,1.94,7,12,"RB","D. Achane","RB","https://www.fantasypros.com/nfl/players/devon-achane.php","devon-achane.php","12",99.7,3,NA,"buy",NA,"RB10","219.3",2025,"2025-09-09T18:09:55Z","fantasypros","De'Von Achane",23136,NA,10,7,12,NA,1.94,NA,"de-von-achane","mia","de-von-achane|RB|mia",10
"Chase Brown","RB","CIN",11,10.8,0.98,9,12,"RB","C. Brown","RB","https://www.fantasypros.com/nfl/players/chase-brown.php","chase-brown.php","10",99.3,NA,NA,NA,NA,"RB11","217.6",2025,"2025-09-09T18:09:55Z","fantasypros","Chase Brown",25324,NA,11,9,12,NA,0.98,NA,"chase-brown","cin","chase-brown|RB|cin",11
"Kyren Williams","RB","LAR",12,11,1.26,10,13,"RB","K. Williams","RB","https://www.fantasypros.com/nfl/players/kyren-williams.php","kyren-williams.php","8",99.5,-2,NA,NA,NA,"RB12","212.5",2025,"2025-09-09T18:09:55Z","fantasypros","Kyren Williams",23059,NA,12,10,13,NA,1.26,NA,"kyren-williams","lar","kyren-williams|RB|lar",12
"James Cook","RB","BUF",13,12.8,2.04,9,15,"RB","J. Cook","RB","https://www.fantasypros.com/nfl/players/james-cook.php","james-cook.php","7",99.4,NA,NA,NA,NA,"RB13","212.5",2025,"2025-09-09T18:09:55Z","fantasypros","James Cook",22958,NA,13,9,15,NA,2.04,NA,"james-cook","buf","james-cook|RB|buf",13
"Omarion Hampton","RB","LAC",14,14,0.89,13,15,"RB","O. Hampton","RB","https://www.fantasypros.com/nfl/players/omarion-hampton.php","omarion-hampton.php","12",98.5,NA,NA,NA,NA,"RB14","188.7",2025,"2025-09-09T18:09:55Z","fantasypros","Omarion Hampton",25395,NA,14,13,15,NA,0.89,NA,"omarion-hampton","lac","omarion-hampton|RB|lac",14
"TreVeyon Henderson","RB","NE",15,16.6,1.62,15,19,"RB","T. Henderson","RB","https://www.fantasypros.com/nfl/players/treveyon-henderson.php","treveyon-henderson.php","14",97,NA,"Henderson led the Pats in rushing yards (25) on just 5 carries. He also caught 6 passes for 24 yards. He only played 35% of the snaps to Stevenson's 65%, but that is going to move in Hendo's favor after Rhamondre's rough Week 1 performance. Henderson is arguably the best player on NE's offense and they will have to keep him involved if they want to start winning games.","buy",NA,"RB15","188.7",2025,"2025-09-09T18:09:55Z","fantasypros","TreVeyon Henderson",23065,NA,15,15,19,NA,1.62,NA,"treveyon-henderson","ne","treveyon-henderson|RB|ne",15
"Breece Hall","RB","NYJ",16,17,2.37,14,21,"RB","B. Hall","RB","https://www.fantasypros.com/nfl/players/breece-hall.php","breece-hall.php","9",97.6,NA,NA,"buy",NA,"RB16","187.0",2025,"2025-09-09T18:09:55Z","fantasypros","Breece Hall",22982,NA,16,14,21,NA,2.37,NA,"breece-hall","nyj","breece-hall|RB|nyj",16
"Kenneth Walker III","RB","SEA",17,18.4,3.83,14,23,"RB","K. Walker III","RB","https://www.fantasypros.com/nfl/players/kenneth-walker-rb.php","kenneth-walker-rb.php","8",97.8,NA,NA,NA,NA,"RB17","187.0",2025,"2025-09-09T18:09:55Z","fantasypros","Kenneth Walker III",23021,NA,17,14,23,NA,3.83,NA,"kenneth-walker","sea","kenneth-walker|RB|sea",17
"Chuba Hubbard","RB","CAR",18,19,1.9,17,22,"RB","C. Hubbard","RB","https://www.fantasypros.com/nfl/players/chuba-hubbard.php","chuba-hubbard.php","14",98.3,-6,NA,NA,NA,"RB18","181.9",2025,"2025-09-09T18:09:55Z","fantasypros","Chuba Hubbard",19792,NA,18,17,22,NA,1.9,NA,"chuba-hubbard","car","chuba-hubbard|RB|car",18
"James Conner","RB","ARI",19,19.2,2.71,14,21,"RB","J. Conner","RB","https://www.fantasypros.com/nfl/players/james-conner.php","james-conner.php","8",97.1,NA,"The Cardinals' backfield shifted from a true bell cow toward a 1A/1B in Week 1. James Conner still led usage, but Trey Benson brought the juice and chunk gains. Conner finished with 12 carries for 39 yards (3.3 YPC); 4 targets, 4-5, and a TD. Played 65% snaps,= with 16 touches.
The box score was saved by receiving TD; as the rushing efficiency lagged in a plus matchup. Age/volume profile + Benson's emergence makes Conner a sell-high candidate (although after Week 2 might also be advised given the matchup versus Carolina).","sell",NA,"RB19","178.5",2025,"2025-09-09T18:09:55Z","fantasypros","James Conner",16447,NA,19,14,21,NA,2.71,NA,"james-conner","ari","james-conner|RB|ari",19
"Alvin Kamara","RB","NO",20,19.2,1.17,17,20,"RB","A. Kamara","RB","https://www.fantasypros.com/nfl/players/alvin-kamara.php","alvin-kamara.php","11",98.7,4,NA,NA,NA,"RB20","178.5",2025,"2025-09-09T18:09:55Z","fantasypros","Alvin Kamara",16421,NA,20,17,20,NA,1.17,NA,"alvin-kamara","no","alvin-kamara|RB|no",20
"RJ Harvey","RB","DEN",21,19.6,2.06,17,22,"RB","RJ Harvey","RB","https://www.fantasypros.com/nfl/players/rj-harvey.php","rj-harvey.php","12",94.3,5,NA,NA,NA,"RB21","175.1",2025,"2025-09-09T18:09:55Z","fantasypros","RJ Harvey",27142,NA,21,17,22,NA,2.06,NA,"rj-harvey","den","rj-harvey|RB|den",21
"Tony Pollard","RB","TEN",22,21.4,2.8,18,24,"RB","T. Pollard","RB","https://www.fantasypros.com/nfl/players/tony-pollard.php","tony-pollard.php","10",93.9,NA,NA,NA,NA,"RB22","173.4",2025,"2025-09-09T18:09:55Z","fantasypros","Tony Pollard",18705,NA,22,18,24,NA,2.8,NA,"tony-pollard","ten","tony-pollard|RB|ten",22
"David Montgomery","RB","DET",23,24.8,1.47,22,26,"RB","D. Montgomery","RB","https://www.fantasypros.com/nfl/players/david-montgomery.php","david-montgomery.php","8",96.3,NA,NA,NA,NA,"RB23","166.6",2025,"2025-09-09T18:09:55Z","fantasypros","David Montgomery",18239,NA,23,22,26,NA,1.47,NA,"david-montgomery","det","david-montgomery|RB|det",23
"Isiah Pacheco","RB","KC",24,25.4,3.56,22,32,"RB","I. Pacheco","RB","https://www.fantasypros.com/nfl/players/isiah-pacheco.php","isiah-pacheco.php","10",95.1,NA,NA,NA,NA,"RB24","161.5",2025,"2025-09-09T18:09:55Z","fantasypros","Isiah Pacheco",24333,NA,24,22,32,NA,3.56,NA,"isiah-pacheco","kc","isiah-pacheco|RB|kc",24
"D'Andre Swift","RB","CHI",25,25.8,2.79,21,29,"RB","D. Swift","RB","https://www.fantasypros.com/nfl/players/dandre-swift.php","dandre-swift.php","5",94.5,-3,NA,NA,NA,"RB25","153.0",2025,"2025-09-09T18:09:55Z","fantasypros","D'Andre Swift",19210,NA,25,21,29,NA,2.79,NA,"d-andre-swift","chi","d-andre-swift|RB|chi",25
"Aaron Jones Sr.","RB","MIN",26,26.2,1.17,24,27,"RB","A. Jones Sr.","RB","https://www.fantasypros.com/nfl/players/aaron-jones.php","aaron-jones.php","6",93.8,NA,NA,NA,NA,"RB26","151.3",2025,"2025-09-09T18:09:55Z","fantasypros","Aaron Jones Sr.",16673,NA,26,24,27,NA,1.17,NA,"aaron-jones","min","aaron-jones|RB|min",26
"Travis Etienne Jr.","RB","JAC",27,26.4,6.65,17,34,"RB","T. Etienne Jr.","RB","https://www.fantasypros.com/nfl/players/travis-etienne.php","travis-etienne.php","8",85.6,NA,NA,"buy",NA,"RB27","147.9",2025,"2025-09-09T18:09:55Z","fantasypros","Travis Etienne Jr.",19231,NA,27,17,34,NA,6.65,NA,"travis-etienne","jac","travis-etienne|RB|jac",27
"Jordan Mason","RB","MIN",28,26.6,3.38,20,29,"RB","J. Mason","RB","https://www.fantasypros.com/nfl/players/jordan-mason.php","jordan-mason.php","6",82,NA,NA,NA,NA,"RB28","139.4",2025,"2025-09-09T18:09:55Z","fantasypros","Jordan Mason",22969,NA,28,20,29,NA,3.38,NA,"jordan-mason","min","jordan-mason|RB|min",28
"Zach Charbonnet","RB","SEA",29,29.8,0.98,28,31,"RB","Z. Charbonnet","RB","https://www.fantasypros.com/nfl/players/zach-charbonnet.php","zach-charbonnet.php","8",79.5,NA,NA,NA,NA,"RB29","132.6",2025,"2025-09-09T18:09:55Z","fantasypros","Zach Charbonnet",23152,NA,29,28,31,NA,0.98,NA,"zach-charbonnet","sea","zach-charbonnet|RB|sea",29
"Jacory Croskey-Merritt","RB","WAS",30,30,3.22,25,35,"RB","J. Croskey-Merritt","RB","https://www.fantasypros.com/nfl/players/jacory-croskeymerritt.php","jacory-croskeymerritt.php","12",78.8,NA,NA,NA,NA,"RB30","127.5",2025,"2025-09-09T18:09:55Z","fantasypros","Jacory Croskey-Merritt",27316,NA,30,25,35,NA,3.22,NA,"jacory-croskey-merritt","was","jacory-croskey-merritt|RB|was",30
"Tyrone Tracy Jr.","RB","NYG",31,30.6,1.62,28,33,"RB","T. Tracy Jr.","RB","https://www.fantasypros.com/nfl/players/tyrone-tracy-jr.php","tyrone-tracy-jr.php","14",91.1,NA,"Tracy got the ideal snap share for the Giants in Week 1 (74%) but made nothing of his opportunities, totaling just 35 scoreless yards on 12 touches. He lost a red-zone attempt to rookie Cam Skattebo and matched the rookie in receiving production despite three more targets (5 vs 2). He also had a ball security issue yet again (it was eventually ruled incomplete). I want out of the Tracy business before his value completely bottoms out.","sell",NA,"RB31","122.4",2025,"2025-09-09T18:09:55Z","fantasypros","Tyrone Tracy Jr.",22980,NA,31,28,33,NA,1.62,NA,"tyrone-tracy","nyg","tyrone-tracy|RB|nyg",31
"Kaleb Johnson","RB","PIT",32,31,4.24,25,36,"RB","K. Johnson","RB","https://www.fantasypros.com/nfl/players/kaleb-johnson-rb.php","kaleb-johnson-rb.php","5",87.8,NA,"Classic Arthur Smith. Draft a rookie RB perfectly suited for your scheme just to play Kenneth Gainwell as your lead back. But based on how ineffective the Steelers' run game was in Week 1 (2.7 yards per rush), I think the Steelers have to find a way to get Kaleb Johnson more involved moving forward. Buy low or scoop him up off waivers if he gets dropped this week.","buy",NA,"RB32","120.7",2025,"2025-09-09T18:09:55Z","fantasypros","Kaleb Johnson",27165,NA,32,25,36,NA,4.24,NA,"kaleb-johnson","pit","kaleb-johnson|RB|pit",32
"Javonte Williams","RB","DAL",33,33.2,2.93,28,36,"RB","J. Williams","RB","https://www.fantasypros.com/nfl/players/javonte-williams.php","javonte-williams.php","10",80.1,NA,NA,NA,NA,"RB33","117.3",2025,"2025-09-09T18:09:55Z","fantasypros","Javonte Williams",22739,NA,33,28,36,NA,2.93,NA,"javonte-williams","dal","javonte-williams|RB|dal",33
"J.K. Dobbins","RB","DEN",34,33.8,4.12,31,42,"RB","J.K. Dobbins","RB","https://www.fantasypros.com/nfl/players/jk-dobbins.php","jk-dobbins.php","12",86,NA,"J.K. Dobbins started for the Broncos in Week 1 and was the volume leader: 16 carries, 63 yards (3.9 YPC), with 1 red-zone TD.
But he played just a 53% snap share (40 snaps). His rushing success rate ~31%","sell",NA,"RB34","115.6",2025,"2025-09-09T18:09:55Z","fantasypros","J.K. Dobbins",19245,NA,34,31,42,NA,4.12,NA,"j-k-dobbins","den","j-k-dobbins|RB|den",34
"Jaylen Warren","RB","PIT",35,35.6,5.78,29,46,"RB","J. Warren","RB","https://www.fantasypros.com/nfl/players/jaylen-warren.php","jaylen-warren.php","5",89.2,NA,NA,NA,NA,"RB35","113.9",2025,"2025-09-09T18:09:55Z","fantasypros","Jaylen Warren",24209,NA,35,29,46,NA,5.78,NA,"jaylen-warren","pit","jaylen-warren|RB|pit",35
"Braelon Allen","RB","NYJ",36,36.4,1.5,34,38,"RB","B. Allen","RB","https://www.fantasypros.com/nfl/players/braelon-allen.php","braelon-allen.php","9",56,NA,NA,NA,NA,"RB36","112.2",2025,"2025-09-09T18:09:55Z","fantasypros","Braelon Allen",24346,NA,36,34,38,NA,1.5,NA,"braelon-allen","nyj","braelon-allen|RB|nyj",36
"Austin Ekeler","RB","WAS",37,39.8,2.14,37,43,"RB","A. Ekeler","RB","https://www.fantasypros.com/nfl/players/austin-ekeler.php","austin-ekeler.php","12",77.6,4,NA,NA,NA,"RB37","112.2",2025,"2025-09-09T18:09:55Z","fantasypros","Austin Ekeler",16483,NA,37,37,43,NA,2.14,NA,"austin-ekeler","was","austin-ekeler|RB|was",37
"Trey Benson","RB","ARI",38,40,4.52,33,46,"RB","T. Benson","RB","https://www.fantasypros.com/nfl/players/trey-benson.php","trey-benson.php","8",48.3,NA,NA,NA,NA,"RB38","110.5",2025,"2025-09-09T18:09:55Z","fantasypros","Trey Benson",25388,NA,38,33,46,NA,4.52,NA,"trey-benson","ari","trey-benson|RB|ari",38
"Bhayshul Tuten","RB","JAC",39,40,3.16,34,43,"RB","B. Tuten","RB","https://www.fantasypros.com/nfl/players/bhayshul-tuten.php","bhayshul-tuten.php","8",46.2,7,"The Tank Bigbsy trade opens up the door for 4th-round rookie, Bhayshul Tuten, to carve out a larger role in the Jaguars' offense over the rest of the season.","buy",NA,"RB39","105.4",2025,"2025-09-09T18:09:55Z","fantasypros","Bhayshul Tuten",27297,NA,39,34,43,NA,3.16,NA,"bhayshul-tuten","jac","bhayshul-tuten|RB|jac",39
"Dylan Sampson","RB","CLE",40,40.4,4.84,35,48,"RB","D. Sampson","RB","https://www.fantasypros.com/nfl/players/dylan-sampson.php","dylan-sampson.php","9",43.4,NA,NA,"buy",NA,"RB40","102.0",2025,"2025-09-09T18:09:55Z","fantasypros","Dylan Sampson",27102,NA,40,35,48,NA,4.84,NA,"dylan-sampson","cle","dylan-sampson|RB|cle",40
"Cam Skattebo","RB","NYG",41,41.8,3.49,39,47,"RB","C. Skattebo","RB","https://www.fantasypros.com/nfl/players/cam-skattebo.php","cam-skattebo.php","14",77.7,-5,NA,NA,NA,"RB41","102.0",2025,"2025-09-09T18:09:55Z","fantasypros","Cam Skattebo",27166,NA,41,39,47,NA,3.49,NA,"cam-skattebo","nyg","cam-skattebo|RB|nyg",41
"Nick Chubb","RB","HOU",42,42.4,2.5,40,47,"RB","N. Chubb","RB","https://www.fantasypros.com/nfl/players/nick-chubb.php","nick-chubb.php","6",74.5,-5,"Led the backfield with a 51% snap share and looked strong despite Houston's offensive line struggles. 13 carries, 60 yards (4.6 YPC), forcing 7 missed tackles per NFL Next Gen stats.","buy",NA,"RB42","100.3",2025,"2025-09-09T18:09:55Z","fantasypros","Nick Chubb",17246,NA,42,40,47,NA,2.5,NA,"nick-chubb","hou","nick-chubb|RB|hou",42
"Rhamondre Stevenson","RB","NE",43,42.6,2.06,39,45,"RB","R. Stevenson","RB","https://www.fantasypros.com/nfl/players/rhamondre-stevenson.php","rhamondre-stevenson.php","14",73.1,-4,NA,NA,NA,"RB43","98.6",2025,"2025-09-09T18:09:55Z","fantasypros","Rhamondre Stevenson",22726,NA,43,39,45,NA,2.06,NA,"rhamondre-stevenson","ne","rhamondre-stevenson|RB|ne",43
"Brian Robinson Jr.","RB","SF",44,44,7.43,35,53,"RB","B. Robinson Jr.","RB","https://www.fantasypros.com/nfl/players/brian-robinson-jr.php","brian-robinson-jr.php","14",67.9,NA,NA,NA,NA,"RB44","96.9",2025,"2025-09-09T18:09:55Z","fantasypros","Brian Robinson Jr.",20094,NA,44,35,53,NA,7.43,NA,"brian-robinson","sf","brian-robinson|RB|sf",44
"Tank Bigsby","RB","PHI",45,45,6.57,36,54,"RB","T. Bigsby","RB","https://www.fantasypros.com/nfl/players/tank-bigsby.php","tank-bigsby.php","9",70.3,NA,NA,NA,NA,"RB45","96.9",2025,"2025-09-09T18:09:55Z","fantasypros","Tank Bigsby",22908,NA,45,36,54,NA,6.57,NA,"tank-bigsby","phi","tank-bigsby|RB|phi",45
"Najee Harris","RB","LAC",46,46,1.9,44,49,"RB","N. Harris","RB","https://www.fantasypros.com/nfl/players/najee-harris-rb.php","najee-harris-rb.php","12",49.5,NA,NA,NA,NA,"RB46","91.8",2025,"2025-09-09T18:09:55Z","fantasypros","Najee Harris",19302,NA,46,44,49,NA,1.9,NA,"najee-harris","lac","najee-harris|RB|lac",46
"Ollie Gordon II","RB","MIA",47,47.2,7.14,38,57,"RB","O. Gordon II","RB","https://www.fantasypros.com/nfl/players/ollie-gordon.php","ollie-gordon.php","12",48,NA,NA,NA,NA,"RB47","91.8",2025,"2025-09-09T18:09:55Z","fantasypros","Ollie Gordon II",25984,NA,47,38,57,NA,7.14,NA,"ollie-gordon","mia","ollie-gordon|RB|mia",47
"Jerome Ford","RB","CLE",48,48.4,3.01,45,52,"RB","J. Ford","RB","https://www.fantasypros.com/nfl/players/jerome-ford.php","jerome-ford.php","9",55.6,NA,NA,"sell",NA,"RB48","90.1",2025,"2025-09-09T18:09:55Z","fantasypros","Jerome Ford",22921,NA,48,45,52,NA,3.01,NA,"jerome-ford","cle","jerome-ford|RB|cle",48
"Ray Davis","RB","BUF",49,49,1.26,47,51,"RB","R. Davis","RB","https://www.fantasypros.com/nfl/players/ray-davis.php","ray-davis.php","7",30.3,NA,NA,NA,NA,"RB49","90.1",2025,"2025-09-09T18:09:55Z","fantasypros","Ray Davis",26191,NA,49,47,51,NA,1.26,NA,"ray-davis","buf","ray-davis|RB|buf",49
"Tyler Allgeier","RB","ATL",50,49.6,2.65,45,53,"RB","T. Allgeier","RB","https://www.fantasypros.com/nfl/players/tyler-allgeier.php","tyler-allgeier.php","5",36.6,NA,NA,NA,NA,"RB50","86.7",2025,"2025-09-09T18:09:55Z","fantasypros","Tyler Allgeier",24172,NA,50,45,53,NA,2.65,NA,"tyler-allgeier","atl","tyler-allgeier|RB|atl",50
"Jaydon Blue","RB","DAL",51,52.6,3.61,46,57,"RB","J. Blue","RB","https://www.fantasypros.com/nfl/players/jaydon-blue.php","jaydon-blue.php","10",44.6,NA,NA,NA,NA,"RB51","86.7",2025,"2025-09-09T18:09:55Z","fantasypros","Jaydon Blue",24344,NA,51,46,57,NA,3.61,NA,"jaydon-blue","dal","jaydon-blue|RB|dal",51
"Rachaad White","RB","TB",52,53,4.1,48,60,"RB","R. White","RB","https://www.fantasypros.com/nfl/players/rachaad-white.php","rachaad-white.php","9",51.1,NA,NA,NA,NA,"RB52","85.0",2025,"2025-09-09T18:09:55Z","fantasypros","Rachaad White",23891,NA,52,48,60,NA,4.1,NA,"rachaad-white","tb","rachaad-white|RB|tb",52
"Joe Mixon","RB","HOU",53,54.4,5.57,45,59,"RB","J. Mixon","RB","https://www.fantasypros.com/nfl/players/joe-mixon.php","joe-mixon.php","6",76.1,-8,NA,NA,NA,"RB53","81.6",2025,"2025-09-09T18:09:55Z","fantasypros","Joe Mixon",16420,NA,53,45,59,NA,5.57,NA,"joe-mixon","hou","joe-mixon|RB|hou",53
"Tyjae Spears","RB","TEN",54,54.8,3.06,50,59,"RB","T. Spears","RB","https://www.fantasypros.com/nfl/players/tyjae-spears.php","tyjae-spears.php","10",40.7,NA,NA,NA,NA,"RB54","81.6",2025,"2025-09-09T18:09:55Z","fantasypros","Tyjae Spears",25323,NA,54,50,59,NA,3.06,NA,"tyjae-spears","ten","tyjae-spears|RB|ten",54
"Kyle Monangai","RB","CHI",55,57.4,4.72,52,66,"RB","K. Monangai","RB","https://www.fantasypros.com/nfl/players/kyle-monangai.php","kyle-monangai.php","5",9.3,NA,NA,NA,NA,"RB55","78.2",2025,"2025-09-09T18:09:55Z","fantasypros","Kyle Monangai",27131,NA,55,52,66,NA,4.72,NA,"kyle-monangai","chi","kyle-monangai|RB|chi",55
"Quinshon Judkins","RB","CLE",56,45.5,6.8,40,57,"RB","Q. Judkins","RB","https://www.fantasypros.com/nfl/players/quinshon-judkins.php","quinshon-judkins.php","9",64,NA,NA,NA,NA,"RB56","76.5",2025,"2025-09-09T18:09:55Z","fantasypros","Quinshon Judkins",25391,NA,56,40,57,NA,6.8,NA,"quinshon-judkins","cle","quinshon-judkins|RB|cle",56
"DJ Giddens","RB","IND",57,58.6,3.5,52,61,"RB","DJ Giddens","RB","https://www.fantasypros.com/nfl/players/dj-giddens.php","dj-giddens.php","11",5.3,NA,NA,NA,NA,"RB57","73.1",2025,"2025-09-09T18:09:55Z","fantasypros","DJ Giddens",27097,NA,57,52,61,NA,3.5,NA,"dj-giddens","ind","dj-giddens|RB|ind",57
"Will Shipley","RB","PHI",58,58.6,2.15,56,62,"RB","W. Shipley","RB","https://www.fantasypros.com/nfl/players/will-shipley.php","will-shipley.php","9",15.6,6,NA,NA,NA,"RB58","71.4",2025,"2025-09-09T18:09:55Z","fantasypros","Will Shipley",22930,NA,58,56,62,NA,2.15,NA,"will-shipley","phi","will-shipley|RB|phi",58
"Blake Corum","RB","LAR",59,59.8,2.79,55,63,"RB","B. Corum","RB","https://www.fantasypros.com/nfl/players/blake-corum.php","blake-corum.php","8",9.9,NA,NA,NA,NA,"RB59","68.0",2025,"2025-09-09T18:09:55Z","fantasypros","Blake Corum",23013,NA,59,55,63,NA,2.79,NA,"blake-corum","lar","blake-corum|RB|lar",59
"Chris Rodriguez Jr.","RB","WAS",60,60.8,8.42,50,75,"RB","C. Rodriguez Jr.","RB","https://www.fantasypros.com/nfl/players/chris-rodriguez-jr.php","chris-rodriguez-jr.php","12",9.1,7,NA,NA,NA,"RB60","68.0",2025,"2025-09-09T18:09:55Z","fantasypros","Chris Rodriguez Jr.",22986,NA,60,50,75,NA,8.42,NA,"chris-rodriguez","was","chris-rodriguez|RB|was",60
"Woody Marks","RB","HOU",61,62.8,5.88,55,73,"RB","W. Marks","RB","https://www.fantasypros.com/nfl/players/woody-marks.php","woody-marks.php","6",14.4,NA,NA,NA,NA,"RB61","66.3",2025,"2025-09-09T18:09:55Z","fantasypros","Woody Marks",27520,NA,61,55,73,NA,5.88,NA,"woody-marks","hou","woody-marks|RB|hou",61
"Rico Dowdle","RB","CAR",62,53.75,4.6,48,60,"RB","R. Dowdle","RB","https://www.fantasypros.com/nfl/players/rico-dowdle.php","rico-dowdle.php","14",18.7,NA,NA,NA,NA,"RB62","64.6",2025,"2025-09-09T18:09:55Z","fantasypros","Rico Dowdle",19647,NA,62,48,60,NA,4.6,NA,"rico-dowdle","car","rico-dowdle|RB|car",62
"Kareem Hunt","RB","KC",63,67.2,7.47,55,78,"RB","K. Hunt","RB","https://www.fantasypros.com/nfl/players/kareem-hunt.php","kareem-hunt.php","10",18.9,NA,NA,NA,NA,"RB63","62.9",2025,"2025-09-09T18:09:55Z","fantasypros","Kareem Hunt",16425,NA,63,55,78,NA,7.47,NA,"kareem-hunt","kc","kareem-hunt|RB|kc",63
"Roschon Johnson","RB","CHI",64,69.4,7.76,56,77,"RB","R. Johnson","RB","https://www.fantasypros.com/nfl/players/roschon-johnson.php","roschon-johnson.php","5",7.9,-13,NA,NA,NA,"RB64","61.2",2025,"2025-09-09T18:09:55Z","fantasypros","Roschon Johnson",25322,NA,64,56,77,NA,7.76,NA,"roschon-johnson","chi","roschon-johnson|RB|chi",64
"Isaac Guerendo","RB","SF",65,69.6,6.8,59,77,"RB","I. Guerendo","RB","https://www.fantasypros.com/nfl/players/isaac-guerendo.php","isaac-guerendo.php","14",13.7,NA,NA,NA,NA,"RB65","57.8",2025,"2025-09-09T18:09:55Z","fantasypros","Isaac Guerendo",26392,NA,65,59,77,NA,6.8,NA,"isaac-guerendo","sf","isaac-guerendo|RB|sf",65
"Kendre Miller","RB","NO",66,63.75,1.3,63,66,"RB","K. Miller","RB","https://www.fantasypros.com/nfl/players/kendre-miller.php","kendre-miller.php","11",6.4,NA,NA,NA,NA,"RB66","56.1",2025,"2025-09-09T18:09:55Z","fantasypros","Kendre Miller",24360,NA,66,63,66,NA,1.3,NA,"kendre-miller","no","kendre-miller|RB|no",66
"Keaton Mitchell","RB","BAL",67,64,5.48,58,72,"RB","K. Mitchell","RB","https://www.fantasypros.com/nfl/players/keaton-mitchell.php","keaton-mitchell.php","7",5.7,NA,NA,NA,NA,"RB67","52.7",2025,"2025-09-09T18:09:55Z","fantasypros","Keaton Mitchell",25360,NA,67,58,72,NA,5.48,NA,"keaton-mitchell","bal","keaton-mitchell|RB|bal",67
"Tahj Brooks","RB","CIN",68,64.5,1.5,63,67,"RB","T. Brooks","RB","https://www.fantasypros.com/nfl/players/tahj-brooks.php","tahj-brooks.php","10",3.3,8,NA,NA,NA,"RB68","52.7",2025,"2025-09-09T18:09:55Z","fantasypros","Tahj Brooks",26212,NA,68,63,67,NA,1.5,NA,"tahj-brooks","cin","tahj-brooks|RB|cin",68
"Dameon Pierce","RB","HOU",69,65.75,5.8,56,71,"RB","D. Pierce","RB","https://www.fantasypros.com/nfl/players/dameon-pierce.php","dameon-pierce.php","6",6.8,NA,NA,NA,NA,"RB69","52.7",2025,"2025-09-09T18:09:55Z","fantasypros","Dameon Pierce",22947,NA,69,56,71,NA,5.8,NA,"dameon-pierce","hou","dameon-pierce|RB|hou",69
"Miles Sanders","RB","DAL",70,70,6.16,62,76,"RB","M. Sanders","RB","https://www.fantasypros.com/nfl/players/miles-sanders.php","miles-sanders.php","10",3.5,NA,NA,NA,NA,"RB70","52.7",2025,"2025-09-09T18:09:55Z","fantasypros","Miles Sanders",18283,NA,70,62,76,NA,6.16,NA,"miles-sanders","dal","miles-sanders|RB|dal",70
"Jarquez Hunter","RB","LAR",71,70.25,5.54,65,78,"RB","J. Hunter","RB","https://www.fantasypros.com/nfl/players/jarquez-hunter.php","jarquez-hunter.php","8",2.6,NA,NA,NA,NA,"RB71","49.3",2025,"2025-09-09T18:09:55Z","fantasypros","Jarquez Hunter",24335,NA,71,65,78,NA,5.54,NA,"jarquez-hunter","lar","jarquez-hunter|RB|lar",71
"Brashard Smith","RB","KC",72,70.25,2.05,67,72,"RB","B. Smith","RB","https://www.fantasypros.com/nfl/players/brashard-smith.php","brashard-smith.php","10",3,NA,NA,NA,NA,"RB72","47.6",2025,"2025-09-09T18:09:55Z","fantasypros","Brashard Smith",27259,NA,72,67,72,NA,2.05,NA,"brashard-smith","kc","brashard-smith|RB|kc",72
"Sean Tucker","RB","TB",73,72.25,4.92,68,80,"RB","S. Tucker","RB","https://www.fantasypros.com/nfl/players/sean-tucker.php","sean-tucker.php","9",3.1,NA,NA,NA,NA,"RB73","45.9",2025,"2025-09-09T18:09:55Z","fantasypros","Sean Tucker",23679,NA,73,68,80,NA,4.92,NA,"sean-tucker","tb","sean-tucker|RB|tb",73
"Isaiah Davis","RB","NYJ",74,74.75,4.32,71,82,"RB","I. Davis","RB","https://www.fantasypros.com/nfl/players/isaiah-davis.php","isaiah-davis.php","9",0.8,8,NA,NA,NA,"RB74","45.9",2025,"2025-09-09T18:09:55Z","fantasypros","Isaiah Davis",25977,NA,74,71,82,NA,4.32,NA,"isaiah-davis","nyj","isaiah-davis|RB|nyj",74
"Devin Neal","RB","NO",75,76.5,6.69,69,87,"RB","D. Neal","RB","https://www.fantasypros.com/nfl/players/devin-neal.php","devin-neal.php","11",2.5,NA,NA,NA,NA,"RB75","40.8",2025,"2025-09-09T18:09:55Z","fantasypros","Devin Neal",23682,NA,75,69,87,NA,6.69,NA,"devin-neal","no","devin-neal|RB|no",75
"Jaylen Wright","RB","MIA",76,77.75,6.83,69,87,"RB","J. Wright","RB","https://www.fantasypros.com/nfl/players/jaylen-wright.php","jaylen-wright.php","12",8.9,-15,NA,NA,NA,"RB76","40.8",2025,"2025-09-09T18:09:55Z","fantasypros","Jaylen Wright",25987,NA,76,69,87,NA,6.83,NA,"jaylen-wright","mia","jaylen-wright|RB|mia",76
"Devin Singletary","RB","NYG",77,78,5.92,71,87,"RB","D. Singletary","RB","https://www.fantasypros.com/nfl/players/devin-singletary.php","devin-singletary.php","14",1.4,NA,NA,NA,NA,"RB77","37.4",2025,"2025-09-09T18:09:55Z","fantasypros","Devin Singletary",18280,NA,77,71,87,NA,5.92,NA,"devin-singletary","nyg","devin-singletary|RB|nyg",77
"Kenneth Gainwell","RB","PIT",78,78.5,10.23,64,90,"RB","K. Gainwell","RB","https://www.fantasypros.com/nfl/players/kenneth-gainwell.php","kenneth-gainwell.php","5",2.2,8,NA,NA,NA,"RB78","37.4",2025,"2025-09-09T18:09:55Z","fantasypros","Kenneth Gainwell",23310,NA,78,64,90,NA,10.23,NA,"kenneth-gainwell","pit","kenneth-gainwell|RB|pit",78
"Trevor Etienne","RB","CAR",79,79,6.48,69,87,"RB","T. Etienne","RB","https://www.fantasypros.com/nfl/players/trevor-etienne.php","trevor-etienne.php","14",1.7,NA,NA,NA,NA,"RB79","35.7",2025,"2025-09-09T18:09:55Z","fantasypros","Trevor Etienne",25393,NA,79,69,87,NA,6.48,NA,"trevor-etienne","car","trevor-etienne|RB|car",79
"MarShawn Lloyd","RB","GB",80,79.75,3.49,75,84,"RB","M. Lloyd","RB","https://www.fantasypros.com/nfl/players/marshawn-lloyd.php","marshawn-lloyd.php","5",3.6,NA,NA,NA,NA,"RB80","34.0",2025,"2025-09-09T18:09:55Z","fantasypros","MarShawn Lloyd",23118,NA,80,75,84,NA,3.49,NA,"marshawn-lloyd","gb","marshawn-lloyd|RB|gb",80
"Justice Hill","RB","BAL",81,81.25,6.76,75,92,"RB","J. Hill","RB","https://www.fantasypros.com/nfl/players/justice-hill.php","justice-hill.php","7",11.7,NA,NA,NA,NA,"RB81","32.3",2025,"2025-09-09T18:09:55Z","fantasypros","Justice Hill",18256,NA,81,75,92,NA,6.76,NA,"justice-hill","bal","justice-hill|RB|bal",81
"Chris Brooks","RB","GB",82,83,7.84,70,91,"RB","C. Brooks","RB","https://www.fantasypros.com/nfl/players/christopher-brooks.php","christopher-brooks.php","5",0.8,NA,NA,NA,NA,"RB82","32.3",2025,"2025-09-09T18:09:55Z","fantasypros","Chris Brooks",25823,NA,82,70,91,NA,7.84,NA,"chris-brooks","gb","chris-brooks|RB|gb",82
"Elijah Mitchell","RB","KC",83,83,4.53,79,90,"RB","E. Mitchell","RB","https://www.fantasypros.com/nfl/players/elijah-mitchell-rb.php","elijah-mitchell-rb.php","10",1.4,NA,NA,NA,NA,"RB83","28.9",2025,"2025-09-09T18:09:55Z","fantasypros","Elijah Mitchell",22813,NA,83,79,90,NA,4.53,NA,"elijah-mitchell","kc","elijah-mitchell|RB|kc",83
"Ty Johnson","RB","BUF",84,83.75,3.27,80,89,"RB","Ty Johnson","RB","https://www.fantasypros.com/nfl/players/ty-johnson.php","ty-johnson.php","7",1.2,NA,NA,NA,NA,"RB84","28.9",2025,"2025-09-09T18:09:55Z","fantasypros","Ty Johnson",18406,NA,84,80,89,NA,3.27,NA,"ty-johnson","buf","ty-johnson|RB|buf",84
"Raheem Mostert","RB","LV",85,85.25,5.54,80,93,"RB","R. Mostert","RB","https://www.fantasypros.com/nfl/players/raheem-mostert.php","raheem-mostert.php","8",3.7,NA,NA,NA,NA,"RB85","27.2",2025,"2025-09-09T18:09:55Z","fantasypros","Raheem Mostert",14338,NA,85,80,93,NA,5.54,NA,"raheem-mostert","lv","raheem-mostert|RB|lv",85
"Emanuel Wilson","RB","GB",86,86.25,7.92,74,95,"RB","E. Wilson","RB","https://www.fantasypros.com/nfl/players/emanuel-wilson.php","emanuel-wilson.php","5",2,NA,NA,NA,NA,"RB86","25.5",2025,"2025-09-09T18:09:55Z","fantasypros","Emanuel Wilson",25885,NA,86,74,95,NA,7.92,NA,"emanuel-wilson","gb","emanuel-wilson|RB|gb",86
"Samaje Perine","RB","CIN",87,87.25,2.86,84,91,"RB","S. Perine","RB","https://www.fantasypros.com/nfl/players/samaje-perine.php","samaje-perine.php","10",1.4,NA,NA,NA,NA,"RB87","23.8",2025,"2025-09-09T18:09:55Z","fantasypros","Samaje Perine",16423,NA,87,84,91,NA,2.86,NA,"samaje-perine","cin","samaje-perine|RB|cin",87
"A.J. Dillon","RB","PHI",88,87.75,4.02,83,94,"RB","A.J. Dillon","RB","https://www.fantasypros.com/nfl/players/aj-dillon.php","aj-dillon.php","9",1.3,NA,NA,NA,NA,"RB88","23.8",2025,"2025-09-09T18:09:55Z","fantasypros","A.J. Dillon",19358,NA,88,83,94,NA,4.02,NA,"a-j-dillon","phi","a-j-dillon|RB|phi",88
"Jaleel McLaughlin","RB","DEN",89,88.5,6.34,78,94,"RB","J. McLaughlin","RB","https://www.fantasypros.com/nfl/players/jaleel-mclaughlin.php","jaleel-mclaughlin.php","12",1.3,NA,NA,NA,NA,"RB89","23.8",2025,"2025-09-09T18:09:55Z","fantasypros","Jaleel McLaughlin",25876,NA,89,78,94,NA,6.34,NA,"jaleel-mclaughlin","den","jaleel-mclaughlin|RB|den",89
"Antonio Gibson","RB","NE",90,88.5,3.64,83,93,"RB","A. Gibson","RB","https://www.fantasypros.com/nfl/players/antonio-gibson.php","antonio-gibson.php","14",1.4,NA,NA,NA,NA,"RB90","20.4",2025,"2025-09-09T18:09:55Z","fantasypros","Antonio Gibson",19624,NA,90,83,93,NA,3.64,NA,"antonio-gibson","ne","antonio-gibson|RB|ne",90
"Jeremy McNichols","RB","WAS",91,89.75,13.65,68,104,"RB","J. McNichols","RB","https://www.fantasypros.com/nfl/players/jeremy-mcnichols.php","jeremy-mcnichols.php","12",0.7,10,NA,NA,NA,"RB91","20.4",2025,"2025-09-09T18:09:55Z","fantasypros","Jeremy McNichols",16445,NA,91,68,104,NA,13.65,NA,"jeremy-mcnichols","was","jeremy-mcnichols|RB|was",91
"Zamir White","RB","LV",92,89.75,5.49,82,97,"RB","Z. White","RB","https://www.fantasypros.com/nfl/players/zamir-white.php","zamir-white.php","8",1.1,NA,NA,NA,NA,"RB92","18.7",2025,"2025-09-09T18:09:55Z","fantasypros","Zamir White",20095,NA,92,82,97,NA,5.49,NA,"zamir-white","lv","zamir-white|RB|lv",92
"Jordan James","RB","SF",93,92,9.51,81,106,"RB","J. James","RB","https://www.fantasypros.com/nfl/players/jordan-james.php","jordan-james.php","14",1.5,NA,NA,NA,NA,"RB93","18.7",2025,"2025-09-09T18:09:55Z","fantasypros","Jordan James",27310,NA,93,81,106,NA,9.51,NA,"jordan-james","sf","jordan-james|RB|sf",93
"Julius Chestnut","RB","TEN",94,93.5,4.92,85,97,"RB","J. Chestnut","RB","https://www.fantasypros.com/nfl/players/julius-chestnut.php","julius-chestnut.php","10",1.2,11,NA,NA,NA,"RB94","17.0",2025,"2025-09-09T18:09:55Z","fantasypros","Julius Chestnut",24689,NA,94,85,97,NA,4.92,NA,"julius-chestnut","ten","julius-chestnut|RB|ten",94
"Kalel Mullings","RB","TEN",95,94.5,1.12,93,96,"RB","K. Mullings","RB","https://www.fantasypros.com/nfl/players/kalel-mullings.php","kalel-mullings.php","10",0.7,NA,NA,NA,NA,"RB95","17.0",2025,"2025-09-09T18:09:55Z","fantasypros","Kalel Mullings",27045,NA,95,93,96,NA,1.12,NA,"kalel-mullings","ten","kalel-mullings|RB|ten",95
"LeQuint Allen Jr.","RB","JAC",96,91.33,6.13,84,99,"RB","L. Allen Jr.","RB","https://www.fantasypros.com/nfl/players/lequint-allen-jr.php","lequint-allen-jr.php","8",0.7,NA,NA,NA,NA,"RB96","15.3",2025,"2025-09-09T18:09:55Z","fantasypros","LeQuint Allen Jr.",27285,NA,96,84,99,NA,6.13,NA,"lequint-allen","jac","lequint-allen|RB|jac",96
"Tyler Badie","RB","DEN",97,95,12.83,81,112,"RB","T. Badie","RB","https://www.fantasypros.com/nfl/players/tyler-badie.php","tyler-badie.php","12",0.7,19,NA,NA,NA,"RB97","15.3",2025,"2025-09-09T18:09:55Z","fantasypros","Tyler Badie",23812,NA,97,81,112,NA,12.83,NA,"tyler-badie","den","tyler-badie|RB|den",97
"Phil Mafah","RB","DAL",98,99,7.79,90,109,"RB","P. Mafah","RB","https://www.fantasypros.com/nfl/players/phil-mafah.php","phil-mafah.php","10",0.6,NA,NA,NA,NA,"RB98","13.6",2025,"2025-09-09T18:09:55Z","fantasypros","Phil Mafah",22928,NA,98,90,109,NA,7.79,NA,"phil-mafah","dal","phil-mafah|RB|dal",98
"Kimani Vidal","RB","LAC",99,97,5,92,102,"RB","K. Vidal","RB","https://www.fantasypros.com/nfl/players/kimani-vidal.php","kimani-vidal.php","12",0.6,NA,NA,NA,NA,"RB99","13.6",2025,"2025-09-09T18:09:55Z","fantasypros","Kimani Vidal",26355,NA,99,92,102,NA,5,NA,"kimani-vidal","lac","kimani-vidal|RB|lac",99
"George Holani","RB","SEA",100,97.5,1.5,96,99,"RB","G. Holani","RB","https://www.fantasypros.com/nfl/players/george-holani.php","george-holani.php","8",0.1,NA,NA,NA,NA,"RB100","13.6",2025,"2025-09-09T18:09:55Z","fantasypros","George Holani",22915,NA,100,96,99,NA,1.5,NA,"george-holani","sea","george-holani|RB|sea",100
"Damien Martinez","RB","SEA",101,100,5,95,105,"RB","D. Martinez","RB","https://www.fantasypros.com/nfl/players/damien-martinez.php","damien-martinez.php","8",0.6,NA,NA,NA,NA,"RB101","10.2",2025,"2025-09-09T18:09:55Z","fantasypros","Damien Martinez",25976,NA,101,95,105,NA,5,NA,"damien-martinez","sea","damien-martinez|RB|sea",101
"Zack Moss","RB","FA",102,94,0,94,94,"RB","Z. Moss","RB","https://www.fantasypros.com/nfl/players/zack-moss.php","zack-moss.php",NA,1.9,NA,NA,NA,NA,"RB102","10.2",2025,"2025-09-09T18:09:55Z","fantasypros","Zack Moss",19263,NA,102,94,94,NA,0,NA,"zack-moss","fa","zack-moss|RB|fa",102
"Tyler Goodson","RB","IND",103,100.5,0.5,100,101,"RB","T. Goodson","RB","https://www.fantasypros.com/nfl/players/tyler-goodson.php","tyler-goodson.php","11",0.7,NA,NA,NA,NA,"RB103","10.2",2025,"2025-09-09T18:09:55Z","fantasypros","Tyler Goodson",22976,NA,103,100,101,NA,0.5,NA,"tyler-goodson","ind","tyler-goodson|RB|ind",103
"Jamaal Williams","RB","FA",104,97,0,97,97,"RB","J. Williams","RB","https://www.fantasypros.com/nfl/players/jamaal-williams.php","jamaal-williams.php",NA,2,21,NA,NA,NA,"RB104","6.8",2025,"2025-09-09T18:09:55Z","fantasypros","Jamaal Williams",16424,NA,104,97,97,NA,0,NA,"jamaal-williams","fa","jamaal-williams|RB|fa",104
"Hassan Haskins","RB","LAC",105,102,1,101,103,"RB","H. Haskins","RB","https://www.fantasypros.com/nfl/players/hassan-haskins.php","hassan-haskins.php","12",1.1,NA,NA,NA,NA,"RB105","6.8",2025,"2025-09-09T18:09:55Z","fantasypros","Hassan Haskins",23798,NA,105,101,103,NA,1,NA,"hassan-haskins","lac","hassan-haskins|RB|lac",105
"Troy Hairston II","RB","FA",106,98,0,98,98,"RB","T. Hairston II","RB","https://www.fantasypros.com/nfl/players/troy-hairston-ii.php","troy-hairston-ii.php",NA,1.1,35,NA,NA,NA,"RB106","6.8",2025,"2025-09-09T18:09:55Z","fantasypros","Troy Hairston II",24872,NA,106,98,98,NA,0,NA,"troy-hairston","fa","troy-hairston|RB|fa",106
"Khalil Herbert","RB","FA",107,100,0,100,100,"RB","K. Herbert","RB","https://www.fantasypros.com/nfl/players/khalil-herbert.php","khalil-herbert.php",NA,0.6,NA,NA,NA,NA,"RB107","6.8",2025,"2025-09-09T18:09:55Z","fantasypros","Khalil Herbert",22763,NA,107,100,100,NA,0,NA,"khalil-herbert","fa","khalil-herbert|RB|fa",107
"Cam Akers","RB","FA",108,102,0,102,102,"RB","C. Akers","RB","https://www.fantasypros.com/nfl/players/cam-akers.php","cam-akers.php",NA,0.7,NA,NA,NA,NA,"RB108","5.1",2025,"2025-09-09T18:09:55Z","fantasypros","Cam Akers",19268,NA,108,102,102,NA,0,NA,"cam-akers","fa","cam-akers|RB|fa",108
"Raheim Sanders","RB","CLE",109,114,11,103,125,"RB","R. Sanders","RB","https://www.fantasypros.com/nfl/players/raheim-sanders.php","raheim-sanders.php","9",0.6,NA,NA,NA,NA,"RB109","5.1",2025,"2025-09-09T18:09:55Z","fantasypros","Raheim Sanders",24351,NA,109,103,125,NA,11,NA,"raheim-sanders","cle","raheim-sanders|RB|cle",109
"Dare Ogunbowale","RB","HOU",110,106,2,104,108,"RB","D. Ogunbowale","RB","https://www.fantasypros.com/nfl/players/dare-ogunbowale.php","dare-ogunbowale.php","6",0.7,11,NA,NA,NA,"RB110","5.1",2025,"2025-09-09T18:09:55Z","fantasypros","Dare Ogunbowale",16879,NA,110,104,108,NA,2,NA,"dare-ogunbowale","hou","dare-ogunbowale|RB|hou",110
"Craig Reynolds","RB","DET",111,113,8,105,121,"RB","C. Reynolds","RB","https://www.fantasypros.com/nfl/players/craig-reynolds.php","craig-reynolds.php","8",0.6,NA,NA,NA,NA,"RB111","5.1",2025,"2025-09-09T18:09:55Z","fantasypros","Craig Reynolds",19074,NA,111,105,121,NA,8,NA,"craig-reynolds","det","craig-reynolds|RB|det",111
"Jeff Wilson Jr.","RB","MIA",112,106,0,106,106,"RB","J. Wilson Jr.","RB","https://www.fantasypros.com/nfl/players/jeffery-wilson.php","jeffery-wilson.php","12",1,14,NA,NA,NA,"RB112","3.4",2025,"2025-09-09T18:09:55Z","fantasypros","Jeff Wilson Jr.",18026,NA,112,106,106,NA,0,NA,"jeff-wilson","mia","jeff-wilson|RB|mia",112
"Audric Estime","RB","PHI",113,107,0,107,107,"RB","A. Estime","RB","https://www.fantasypros.com/nfl/players/audric-estime.php","audric-estime.php","9",0.8,-17,NA,NA,NA,"RB113","3.4",2025,"2025-09-09T18:09:55Z","fantasypros","Audric Estime",23054,NA,113,107,107,NA,0,NA,"audric-estime","phi","audric-estime|RB|phi",113
"Carson Steele","RB","KC",114,110,0,110,110,"RB","C. Steele","RB","https://www.fantasypros.com/nfl/players/carson-steele.php","carson-steele.php","10",1.1,NA,NA,NA,NA,"RB114","1.7",2025,"2025-09-09T18:09:55Z","fantasypros","Carson Steele",26372,NA,114,110,110,NA,0,NA,"carson-steele","kc","carson-steele|RB|kc",114
"Sincere McCormick","RB","SF",115,111,0,111,111,"RB","S. McCormick","RB","https://www.fantasypros.com/nfl/players/sincere-mccormick.php","sincere-mccormick.php","14",0.6,-22,NA,NA,NA,"RB115","0.0",2025,"2025-09-09T18:09:55Z","fantasypros","Sincere McCormick",23172,NA,115,111,111,NA,0,NA,"sincere-mccormick","sf","sincere-mccormick|RB|sf",115
"Ty Chandler","RB","MIN",116,113,0,113,113,"RB","Ty Chandler","RB","https://www.fantasypros.com/nfl/players/ty-chandler.php","ty-chandler.php","6",1,-15,NA,NA,NA,"RB116","0.0",2025,"2025-09-09T18:09:55Z","fantasypros","Ty Chandler",19471,NA,116,113,113,NA,0,NA,"ty-chandler","min","ty-chandler|RB|min",116
"Sione Vaki","RB","DET",117,114,0,114,114,"RB","S. Vaki","RB","https://www.fantasypros.com/nfl/players/sione-vaki.php","sione-vaki.php","8",1.1,17,NA,NA,NA,"RB117","0.0",2025,"2025-09-09T18:09:55Z","fantasypros","Sione Vaki",26309,NA,117,114,114,NA,0,NA,"sione-vaki","det","sione-vaki|RB|det",117
"Ronnie Rivers","RB","LAR",118,115,0,115,115,"RB","R. Rivers","RB","https://www.fantasypros.com/nfl/players/ronnie-rivers.php","ronnie-rivers.php","8",1.1,NA,NA,NA,NA,"RB118","0.0",2025,"2025-09-09T18:09:55Z","fantasypros","Ronnie Rivers",23986,NA,118,115,115,NA,0,NA,"ronnie-rivers","lar","ronnie-rivers|RB|lar",118
"Tony Jones Jr.","RB","FA",119,116,0,116,116,"RB","T. Jones Jr.","RB","https://www.fantasypros.com/nfl/players/tony-jones-rb.php","tony-jones-rb.php",NA,0,49,NA,NA,NA,"RB119","0.0",2025,"2025-09-09T18:09:55Z","fantasypros","Tony Jones Jr.",19482,NA,119,116,116,NA,0,NA,"tony-jones","fa","tony-jones|RB|fa",119
"Nyheim Hines","RB","LAC",120,117,0,117,117,"RB","N. Hines","RB","https://www.fantasypros.com/nfl/players/nyheim-hines.php","nyheim-hines.php","12",0,28,NA,NA,NA,"RB120","0.0",2025,"2025-09-09T18:09:55Z","fantasypros","Nyheim Hines",17297,NA,120,117,117,NA,0,NA,"nyheim-hines","lac","nyheim-hines|RB|lac",120
"Donovan Edwards","RB","WAS",121,118,0,118,118,"RB","D. Edwards","RB","https://www.fantasypros.com/nfl/players/donovan-edwards.php","donovan-edwards.php","12",1,NA,NA,NA,NA,"RB121","0.0",2025,"2025-09-09T18:09:55Z","fantasypros","Donovan Edwards",23014,NA,121,118,118,NA,0,NA,"donovan-edwards","was","donovan-edwards|RB|was",121
"Marcus Yarns","RB","FA",122,119,0,119,119,"RB","M. Yarns","RB","https://www.fantasypros.com/nfl/players/marcus-yarns.php","marcus-yarns.php",NA,1,NA,NA,NA,NA,"RB122","0.0",2025,"2025-09-09T18:09:55Z","fantasypros","Marcus Yarns",27293,NA,122,119,119,NA,0,NA,"marcus-yarns","fa","marcus-yarns|RB|fa",122
"Emari Demercado","RB","ARI",123,120,0,120,120,"RB","E. Demercado","RB","https://www.fantasypros.com/nfl/players/emari-demercado.php","emari-demercado.php","8",0.7,NA,NA,NA,NA,"RB123","0.0",2025,"2025-09-09T18:09:55Z","fantasypros","Emari Demercado",25654,NA,123,120,120,NA,0,NA,"emari-demercado","ari","emari-demercado|RB|ari",123
"Gus Edwards","RB","FA",124,122,0,122,122,"RB","G. Edwards","RB","https://www.fantasypros.com/nfl/players/gus-edwards.php","gus-edwards.php",NA,1,NA,NA,NA,NA,"RB124","0.0",2025,"2025-09-09T18:09:55Z","fantasypros","Gus Edwards",17687,NA,124,122,122,NA,0,NA,"gus-edwards","fa","gus-edwards|RB|fa",124
"Trey Sermon","RB","PIT",125,123,0,123,123,"RB","T. Sermon","RB","https://www.fantasypros.com/nfl/players/trey-sermon.php","trey-sermon.php","5",1,NA,NA,NA,NA,"RB125","0.0",2025,"2025-09-09T18:09:55Z","fantasypros","Trey Sermon",19425,NA,125,123,123,NA,0,NA,"trey-sermon","pit","trey-sermon|RB|pit",125
"Clyde Edwards-Helaire","RB","KC",126,124,0,124,124,"RB","C. Edwards-Helaire","RB","https://www.fantasypros.com/nfl/players/clyde-edwards-helaire.php","clyde-edwards-helaire.php","10",0.7,NA,NA,NA,NA,"RB126","0.0",2025,"2025-09-09T18:09:55Z","fantasypros","Clyde Edwards-Helaire",19325,NA,126,124,124,NA,0,NA,"clyde-edwards-helaire","kc","clyde-edwards-helaire|RB|kc",126
"Ja'Quinden Jackson","RB","JAC",127,126,0,126,126,"RB","J. Jackson","RB","https://www.fantasypros.com/nfl/players/jaquinden-jackson.php","jaquinden-jackson.php","8",1,NA,NA,NA,NA,"RB127","0.0",2025,"2025-09-09T18:09:55Z","fantasypros","Ja'Quinden Jackson",23170,NA,127,126,126,NA,0,NA,"ja-quinden-jackson","jac","ja-quinden-jackson|RB|jac",127
"D'Ernest Johnson","RB","BAL",128,127,0,127,127,"RB","D. Johnson","RB","https://www.fantasypros.com/nfl/players/dernest-johnson.php","dernest-johnson.php","7",1,NA,NA,NA,NA,"RB128","0.0",2025,"2025-09-09T18:09:55Z","fantasypros","D'Ernest Johnson",19111,NA,128,127,127,NA,0,NA,"d-ernest-johnson","bal","d-ernest-johnson|RB|bal",128
"Chris Tyree","RB","NO",129,128,0,128,128,"RB","C. Tyree","WR","https://www.fantasypros.com/nfl/players/chris-tyree.php","chris-tyree.php","11",0,NA,NA,NA,NA,"RB129","0.0",2025,"2025-09-09T18:09:55Z","fantasypros","Chris Tyree",23058,NA,129,128,128,NA,0,NA,"chris-tyree","no","chris-tyree|RB|no",129
"Brock Bowers","TE","LV",1,1.4,0.8,1,3,"TE","B. Bowers","TE","https://www.fantasypros.com/nfl/players/brock-bowers.php","brock-bowers.php","8",99.8,1,NA,NA,NA,"TE1","153.0",2025,"2025-09-09T18:09:55Z","fantasypros","Brock Bowers",22955,NA,1,1,3,NA,0.8,NA,"brock-bowers","lv","brock-bowers|TE|lv",1
"Trey McBride","TE","ARI",2,2.4,0.8,1,3,"TE","T. McBride","TE","https://www.fantasypros.com/nfl/players/trey-mcbride.php","trey-mcbride.php","8",99.7,NA,NA,NA,NA,"TE2","147.9",2025,"2025-09-09T18:09:55Z","fantasypros","Trey McBride",22936,NA,2,1,3,NA,0.8,NA,"trey-mcbride","ari","trey-mcbride|TE|ari",2
"George Kittle","TE","SF",3,2.4,0.8,2,4,"TE","G. Kittle","TE","https://www.fantasypros.com/nfl/players/george-kittle.php","george-kittle.php","14",99.7,-1,NA,NA,NA,"TE3","139.4",2025,"2025-09-09T18:09:55Z","fantasypros","George Kittle",16499,NA,3,2,4,NA,0.8,NA,"george-kittle","sf","george-kittle|TE|sf",3
"Sam LaPorta","TE","DET",4,5.6,1.85,4,9,"TE","S. LaPorta","TE","https://www.fantasypros.com/nfl/players/sam-laporta.php","sam-laporta.php","8",99.5,NA,NA,NA,NA,"TE4","120.7",2025,"2025-09-09T18:09:55Z","fantasypros","Sam LaPorta",22978,NA,4,4,9,NA,1.85,NA,"sam-laporta","det","sam-laporta|TE|det",4
"Tyler Warren","TE","IND",5,6.6,2.65,3,10,"TE","T. Warren","TE","https://www.fantasypros.com/nfl/players/tyler-warren.php","tyler-warren.php","11",91.8,2,NA,NA,NA,"TE5","117.3",2025,"2025-09-09T18:09:55Z","fantasypros","Tyler Warren",26434,NA,5,3,10,NA,2.65,NA,"tyler-warren","ind","tyler-warren|TE|ind",5
"T.J. Hockenson","TE","MIN",6,6.8,1.47,4,8,"TE","T.J. Hockenson","TE","https://www.fantasypros.com/nfl/players/tj-hockenson.php","tj-hockenson.php","6",98.2,NA,NA,NA,NA,"TE6","108.8",2025,"2025-09-09T18:09:55Z","fantasypros","T.J. Hockenson",18290,NA,6,4,8,NA,1.47,NA,"t-j-hockenson","min","t-j-hockenson|TE|min",6
"Mark Andrews","TE","BAL",7,7,2.1,5,10,"TE","M. Andrews","TE","https://www.fantasypros.com/nfl/players/mark-andrews.php","mark-andrews.php","7",96.5,NA,"Mark Andrews was a complete no-show in Week 1 for the Ravens. Despite no Isaiah Likely and a 75% snap share, Andrews saw one target from Lamar Jackson versus Buffalo (who he basically always underwhelms against). The matchup was tough but Andrews seeing so little involvement without Likely is a major red flag. When Likely returns, it won't make things easier for the veteran tight end.","sell",NA,"TE7","105.4",2025,"2025-09-09T18:09:55Z","fantasypros","Mark Andrews",17269,NA,7,5,10,NA,2.1,NA,"mark-andrews","bal","mark-andrews|TE|bal",7
"Travis Kelce","TE","KC",8,7.4,2.87,5,13,"TE","T. Kelce","TE","https://www.fantasypros.com/nfl/players/travis-kelce.php","travis-kelce.php","10",98.4,NA,"Despite no, Rashee Rice or Xavier Worthy, Kelce was almost a non-factor for the Chiefs in Week 1 had it not been for a perfectly schemed up TD pass from Patrick Mahomes. He ran 81% of the routes but came away with just a 10.3% target share. Sell while there's still hope he can produce amid the Chiefs' WR injuries. Rice will be back in Week 7, making any boost Kelce sees short-lived at best.","sell",NA,"TE8","103.7",2025,"2025-09-09T18:09:55Z","fantasypros","Travis Kelce",11594,NA,8,5,13,NA,2.87,NA,"travis-kelce","kc","travis-kelce|TE|kc",8
"Tucker Kraft","TE","GB",9,7.8,1.6,5,9,"TE","T. Kraft","TE","https://www.fantasypros.com/nfl/players/tucker-kraft.php","tucker-kraft.php","5",87.4,NA,"Tucker Kraft led the Packers in routes run and played 92% of the team's snaps. The final box score wasn't great (2-16-1 on 4 targets) but the usage suggests he might be GB's No.1 target in the passing game. Game script limited the Packers' passing attack in Week 1, so buy low on the Green Bay skill players.","buy",NA,"TE9","100.3",2025,"2025-09-09T18:09:55Z","fantasypros","Tucker Kraft",25298,NA,9,5,9,NA,1.6,NA,"tucker-kraft","gb","tucker-kraft|TE|gb",9
"David Njoku","TE","CLE",10,9.4,2.5,6,12,"TE","D. Njoku","TE","https://www.fantasypros.com/nfl/players/david-njoku.php","david-njoku.php","9",94.9,NA,NA,"sell",NA,"TE10","98.6",2025,"2025-09-09T18:09:55Z","fantasypros","David Njoku",16399,NA,10,6,12,NA,2.5,NA,"david-njoku","cle","david-njoku|TE|cle",10
"Evan Engram","TE","DEN",11,11.4,2.65,8,16,"TE","E. Engram","TE","https://www.fantasypros.com/nfl/players/evan-engram.php","evan-engram.php","12",93.2,NA,NA,NA,NA,"TE11","91.8",2025,"2025-09-09T18:09:55Z","fantasypros","Evan Engram",16411,NA,11,8,16,NA,2.65,NA,"evan-engram","den","evan-engram|TE|den",11
"Kyle Pitts Sr.","TE","ATL",12,12.4,2.24,10,16,"TE","K. Pitts Sr.","TE","https://www.fantasypros.com/nfl/players/kyle-pitts.php","kyle-pitts.php","5",71.8,-2,NA,NA,NA,"TE12","91.8",2025,"2025-09-09T18:09:55Z","fantasypros","Kyle Pitts Sr.",20164,NA,12,10,16,NA,2.24,NA,"kyle-pitts","atl","kyle-pitts|TE|atl",12
"Dallas Goedert","TE","PHI",13,15,3.16,11,19,"TE","D. Goedert","TE","https://www.fantasypros.com/nfl/players/dallas-goedert.php","dallas-goedert.php","9",74.6,NA,NA,NA,NA,"TE13","88.4",2025,"2025-09-09T18:09:55Z","fantasypros","Dallas Goedert",17270,NA,13,11,19,NA,3.16,NA,"dallas-goedert","phi","dallas-goedert|TE|phi",13
"Dalton Kincaid","TE","BUF",14,15.2,3.66,11,22,"TE","D. Kincaid","TE","https://www.fantasypros.com/nfl/players/dalton-kincaid.php","dalton-kincaid.php","7",77,-3,NA,NA,NA,"TE14","88.4",2025,"2025-09-09T18:09:55Z","fantasypros","Dalton Kincaid",25247,NA,14,11,22,NA,3.66,NA,"dalton-kincaid","buf","dalton-kincaid|TE|buf",14
"Jake Ferguson","TE","DAL",15,15.4,2.24,13,19,"TE","J. Ferguson","TE","https://www.fantasypros.com/nfl/players/jake-ferguson.php","jake-ferguson.php","10",73.6,NA,NA,NA,NA,"TE15","86.7",2025,"2025-09-09T18:09:55Z","fantasypros","Jake Ferguson",22718,NA,15,13,19,NA,2.24,NA,"jake-ferguson","dal","jake-ferguson|TE|dal",15
"Colston Loveland","TE","CHI",16,16,2.28,13,19,"TE","C. Loveland","TE","https://www.fantasypros.com/nfl/players/colston-loveland.php","colston-loveland.php","5",81.8,4,NA,NA,NA,"TE16","85.0",2025,"2025-09-09T18:09:55Z","fantasypros","Colston Loveland",26006,NA,16,13,19,NA,2.28,NA,"colston-loveland","chi","colston-loveland|TE|chi",16
"Hunter Henry","TE","NE",17,16.4,2.73,12,20,"TE","H. Henry","TE","https://www.fantasypros.com/nfl/players/hunter-henry.php","hunter-henry.php","14",48.2,NA,NA,NA,NA,"TE17","83.3",2025,"2025-09-09T18:09:55Z","fantasypros","Hunter Henry",15561,NA,17,12,20,NA,2.73,NA,"hunter-henry","ne","hunter-henry|TE|ne",17
"Brenton Strange","TE","JAC",18,19.8,4.35,15,28,"TE","B. Strange","TE","https://www.fantasypros.com/nfl/players/brenton-strange.php","brenton-strange.php","8",24.9,NA,NA,NA,NA,"TE18","83.3",2025,"2025-09-09T18:09:55Z","fantasypros","Brenton Strange",25345,NA,18,15,28,NA,4.35,NA,"brenton-strange","jac","brenton-strange|TE|jac",18
"Zach Ertz","TE","WAS",19,20.6,5.82,17,32,"TE","Z. Ertz","TE","https://www.fantasypros.com/nfl/players/zach-ertz.php","zach-ertz.php","12",46.7,NA,NA,NA,NA,"TE19","81.6",2025,"2025-09-09T18:09:55Z","fantasypros","Zach Ertz",11689,NA,19,17,32,NA,5.82,NA,"zach-ertz","was","zach-ertz|TE|was",19
"Isaiah Likely","TE","BAL",20,21.2,3.87,17,28,"TE","I. Likely","TE","https://www.fantasypros.com/nfl/players/isaiah-likely.php","isaiah-likely.php","7",20.4,NA,NA,NA,NA,"TE20","81.6",2025,"2025-09-09T18:09:55Z","fantasypros","Isaiah Likely",23781,NA,20,17,28,NA,3.87,NA,"isaiah-likely","bal","isaiah-likely|TE|bal",20
"Jonnu Smith","TE","PIT",21,22,1.67,20,24,"TE","J. Smith","TE","https://www.fantasypros.com/nfl/players/jonnu-smith.php","jonnu-smith.php","5",41.3,NA,NA,NA,NA,"TE21","79.9",2025,"2025-09-09T18:09:55Z","fantasypros","Jonnu Smith",16460,NA,21,20,24,NA,1.67,NA,"jonnu-smith","pit","jonnu-smith|TE|pit",21
"Juwan Johnson","TE","NO",22,24.2,6.97,13,32,"TE","J. Johnson","TE","https://www.fantasypros.com/nfl/players/juwan-johnson.php","juwan-johnson.php","11",3.7,NA,NA,NA,NA,"TE22","79.9",2025,"2025-09-09T18:09:55Z","fantasypros","Juwan Johnson",19562,NA,22,13,32,NA,6.97,NA,"juwan-johnson","no","juwan-johnson|TE|no",22
"Harold Fannin Jr.","TE","CLE",23,24.8,6.91,14,33,"TE","H. Fannin Jr.","TE","https://www.fantasypros.com/nfl/players/harold-fannin-jr.php","harold-fannin-jr.php","9",2.8,NA,NA,NA,NA,"TE23","78.2",2025,"2025-09-09T18:09:55Z","fantasypros","Harold Fannin Jr.",27050,NA,23,14,33,NA,6.91,NA,"harold-fannin","cle","harold-fannin|TE|cle",23
"Chig Okonkwo","TE","TEN",24,21,3.67,15,25,"TE","C. Okonkwo","TE","https://www.fantasypros.com/nfl/players/chigoziem-okonkwo.php","chigoziem-okonkwo.php","10",23.5,NA,NA,NA,NA,"TE24","74.8",2025,"2025-09-09T18:09:55Z","fantasypros","Chig Okonkwo",23982,NA,24,15,25,NA,3.67,NA,"chig-okonkwo","ten","chig-okonkwo|TE|ten",24
"Dalton Schultz","TE","HOU",25,30.2,4.83,23,37,"TE","D. Schultz","TE","https://www.fantasypros.com/nfl/players/dalton-schultz.php","dalton-schultz.php","6",7.1,-4,NA,NA,NA,"TE25","73.1",2025,"2025-09-09T18:09:55Z","fantasypros","Dalton Schultz",17349,NA,25,23,37,NA,4.83,NA,"dalton-schultz","hou","dalton-schultz|TE|hou",25
"Pat Freiermuth","TE","PIT",26,24.25,3.49,20,29,"TE","P. Freiermuth","TE","https://www.fantasypros.com/nfl/players/pat-freiermuth.php","pat-freiermuth.php","5",13.1,NA,NA,NA,NA,"TE26","73.1",2025,"2025-09-09T18:09:55Z","fantasypros","Pat Freiermuth",20163,NA,26,20,29,NA,3.49,NA,"pat-freiermuth","pit","pat-freiermuth|TE|pit",26
"Mason Taylor","TE","NYJ",27,24.5,1.5,23,27,"TE","M. Taylor","TE","https://www.fantasypros.com/nfl/players/mason-taylor.php","mason-taylor.php","9",12,6,NA,NA,NA,"TE27","71.4",2025,"2025-09-09T18:09:55Z","fantasypros","Mason Taylor",26005,NA,27,23,27,NA,1.5,NA,"mason-taylor","nyj","mason-taylor|TE|nyj",27
"Mike Gesicki","TE","CIN",28,25.25,1.48,23,27,"TE","M. Gesicki","TE","https://www.fantasypros.com/nfl/players/mike-gesicki.php","mike-gesicki.php","10",7.6,NA,NA,NA,NA,"TE28","71.4",2025,"2025-09-09T18:09:55Z","fantasypros","Mike Gesicki",17272,NA,28,23,27,NA,1.48,NA,"mike-gesicki","cin","mike-gesicki|TE|cin",28
"Ja'Tavion Sanders","TE","CAR",29,26.75,3.7,21,30,"TE","J. Sanders","TE","https://www.fantasypros.com/nfl/players/jatavion-sanders.php","jatavion-sanders.php","14",4.1,NA,NA,NA,NA,"TE29","69.7",2025,"2025-09-09T18:09:55Z","fantasypros","Ja'Tavion Sanders",24334,NA,29,21,30,NA,3.7,NA,"ja-tavion-sanders","car","ja-tavion-sanders|TE|car",29
"Theo Johnson","TE","NYG",30,27.25,2.28,25,30,"TE","T. Johnson","TE","https://www.fantasypros.com/nfl/players/theo-johnson.php","theo-johnson.php","14",5.4,NA,NA,NA,NA,"TE30","69.7",2025,"2025-09-09T18:09:55Z","fantasypros","Theo Johnson",23104,NA,30,25,30,NA,2.28,NA,"theo-johnson","nyg","theo-johnson|TE|nyg",30
"Cade Otton","TE","TB",31,29,4.06,23,34,"TE","C. Otton","TE","https://www.fantasypros.com/nfl/players/cade-otton.php","cade-otton.php","9",16.1,-3,NA,NA,NA,"TE31","68.0",2025,"2025-09-09T18:09:55Z","fantasypros","Cade Otton",23181,NA,31,23,34,NA,4.06,NA,"cade-otton","tb","cade-otton|TE|tb",31
"Elijah Arroyo","TE","SEA",32,29.5,4.15,23,34,"TE","E. Arroyo","TE","https://www.fantasypros.com/nfl/players/elijah-arroyo.php","elijah-arroyo.php","8",6.4,NA,NA,NA,NA,"TE32","64.6",2025,"2025-09-09T18:09:55Z","fantasypros","Elijah Arroyo",23004,NA,32,23,34,NA,4.15,NA,"elijah-arroyo","sea","elijah-arroyo|TE|sea",32
"Cole Kmet","TE","CHI",33,32.75,2.49,29,35,"TE","C. Kmet","TE","https://www.fantasypros.com/nfl/players/cole-kmet.php","cole-kmet.php","5",4,NA,NA,NA,NA,"TE33","59.5",2025,"2025-09-09T18:09:55Z","fantasypros","Cole Kmet",19229,NA,33,29,35,NA,2.49,NA,"cole-kmet","chi","cole-kmet|TE|chi",33
"Darren Waller","TE","MIA",34,34.75,4.15,28,39,"TE","D. Waller","TE","https://www.fantasypros.com/nfl/players/darren-waller.php","darren-waller.php","12",15.8,NA,NA,NA,NA,"TE34","57.8",2025,"2025-09-09T18:09:55Z","fantasypros","Darren Waller",14104,NA,34,28,39,NA,4.15,NA,"darren-waller","mia","darren-waller|TE|mia",34
"Tyler Higbee","TE","LAR",35,36.25,7.08,26,45,"TE","T. Higbee","TE","https://www.fantasypros.com/nfl/players/tyler-higbee.php","tyler-higbee.php","8",3.9,NA,NA,NA,NA,"TE35","56.1",2025,"2025-09-09T18:09:55Z","fantasypros","Tyler Higbee",15623,NA,35,26,45,NA,7.08,NA,"tyler-higbee","lar","tyler-higbee|TE|lar",35
"Terrance Ferguson","TE","LAR",36,37.25,2.17,36,41,"TE","T. Ferguson","TE","https://www.fantasypros.com/nfl/players/terrance-ferguson.php","terrance-ferguson.php","8",2.2,NA,NA,NA,NA,"TE36","56.1",2025,"2025-09-09T18:09:55Z","fantasypros","Terrance Ferguson",23091,NA,36,36,41,NA,2.17,NA,"terrance-ferguson","lar","terrance-ferguson|TE|lar",36
"Noah Gray","TE","KC",37,37.75,3.77,34,44,"TE","N. Gray","TE","https://www.fantasypros.com/nfl/players/noah-gray.php","noah-gray.php","10",1.8,-6,NA,NA,NA,"TE37","51.0",2025,"2025-09-09T18:09:55Z","fantasypros","Noah Gray",19539,NA,37,34,44,NA,3.77,NA,"noah-gray","kc","noah-gray|TE|kc",37
"Tyler Conklin","TE","LAC",38,37.75,2.17,35,41,"TE","T. Conklin","TE","https://www.fantasypros.com/nfl/players/tyler-conklin.php","tyler-conklin.php","12",1.3,NA,NA,NA,NA,"TE38","44.2",2025,"2025-09-09T18:09:55Z","fantasypros","Tyler Conklin",17598,NA,38,35,41,NA,2.17,NA,"tyler-conklin","lac","tyler-conklin|TE|lac",38
"Ben Sinnott","TE","WAS",39,41,6.44,31,48,"TE","B. Sinnott","TE","https://www.fantasypros.com/nfl/players/ben-sinnott.php","ben-sinnott.php","12",1.4,4,NA,NA,NA,"TE39","42.5",2025,"2025-09-09T18:09:55Z","fantasypros","Ben Sinnott",26310,NA,39,31,48,NA,6.44,NA,"ben-sinnott","was","ben-sinnott|TE|was",39
"Michael Mayer","TE","LV",40,42.5,7.89,33,54,"TE","M. Mayer","TE","https://www.fantasypros.com/nfl/players/michael-mayer.php","michael-mayer.php","8",2,8,NA,NA,NA,"TE40","42.5",2025,"2025-09-09T18:09:55Z","fantasypros","Michael Mayer",23056,NA,40,33,54,NA,7.89,NA,"michael-mayer","lv","michael-mayer|TE|lv",40
"AJ Barner","TE","SEA",41,42.5,7.3,33,51,"TE","AJ Barner","TE","https://www.fantasypros.com/nfl/players/aj-barner.php","aj-barner.php","8",1.3,NA,NA,NA,NA,"TE41","39.1",2025,"2025-09-09T18:09:55Z","fantasypros","AJ Barner",26335,NA,41,33,51,NA,7.3,NA,"aj-barner","sea","aj-barner|TE|sea",41
"Oronde Gadsden II","TE","LAC",42,42.75,5.93,39,53,"TE","O. Gadsden II","TE","https://www.fantasypros.com/nfl/players/oronde-gadsden-ii.php","oronde-gadsden-ii.php","12",1.1,NA,NA,NA,NA,"TE42","39.1",2025,"2025-09-09T18:09:55Z","fantasypros","Oronde Gadsden II",25997,NA,42,39,53,NA,5.93,NA,"oronde-gadsden","lac","oronde-gadsden|TE|lac",42
"Dawson Knox","TE","BUF",43,44,0.71,43,45,"TE","D. Knox","TE","https://www.fantasypros.com/nfl/players/dawson-knox.php","dawson-knox.php","7",1.2,9,NA,NA,NA,"TE43","37.4",2025,"2025-09-09T18:09:55Z","fantasypros","Dawson Knox",18631,NA,43,43,45,NA,0.71,NA,"dawson-knox","buf","dawson-knox|TE|buf",43
"Noah Fant","TE","CIN",44,45.5,5.55,41,55,"TE","N. Fant","TE","https://www.fantasypros.com/nfl/players/noah-fant.php","noah-fant.php","10",2.6,-7,NA,NA,NA,"TE44","37.4",2025,"2025-09-09T18:09:55Z","fantasypros","Noah Fant",17527,NA,44,41,55,NA,5.55,NA,"noah-fant","cin","noah-fant|TE|cin",44
"Austin Hooper","TE","NE",45,45.75,2.49,42,49,"TE","A. Hooper","TE","https://www.fantasypros.com/nfl/players/austin-hooper.php","austin-hooper.php","14",0.6,NA,NA,NA,NA,"TE45","37.4",2025,"2025-09-09T18:09:55Z","fantasypros","Austin Hooper",15581,NA,45,42,49,NA,2.49,NA,"austin-hooper","ne","austin-hooper|TE|ne",45
"Cade Stover","TE","HOU",46,47,3.67,43,53,"TE","C. Stover","TE","https://www.fantasypros.com/nfl/players/cade-stover.php","cade-stover.php","6",0.6,NA,NA,NA,NA,"TE46","34.0",2025,"2025-09-09T18:09:55Z","fantasypros","Cade Stover",25269,NA,46,43,53,NA,3.67,NA,"cade-stover","hou","cade-stover|TE|hou",46
"Gunnar Helm","TE","TEN",47,47.75,4.66,42,55,"TE","G. Helm","TE","https://www.fantasypros.com/nfl/players/gunnar-helm.php","gunnar-helm.php","10",0.8,NA,NA,NA,NA,"TE47","34.0",2025,"2025-09-09T18:09:55Z","fantasypros","Gunnar Helm",27109,NA,47,42,55,NA,4.66,NA,"gunnar-helm","ten","gunnar-helm|TE|ten",47
"Taysom Hill","TE","NO",48,46.33,3.3,42,50,"TE","T. Hill","TE","https://www.fantasypros.com/nfl/players/taysom-hill.php","taysom-hill.php","11",2.5,-9,NA,NA,NA,"TE48","30.6",2025,"2025-09-09T18:09:55Z","fantasypros","Taysom Hill",17115,NA,48,42,50,NA,3.3,NA,"taysom-hill","no","taysom-hill|TE|no",48
"Luke Musgrave","TE","GB",49,50.75,5.07,44,58,"TE","L. Musgrave","TE","https://www.fantasypros.com/nfl/players/luke-musgrave.php","luke-musgrave.php","5",1.2,NA,NA,NA,NA,"TE49","30.6",2025,"2025-09-09T18:09:55Z","fantasypros","Luke Musgrave",25282,NA,49,44,58,NA,5.07,NA,"luke-musgrave","gb","luke-musgrave|TE|gb",49
"Will Dissly","TE","LAC",50,51.25,3.11,48,56,"TE","W. Dissly","TE","https://www.fantasypros.com/nfl/players/will-dissly.php","will-dissly.php","12",1,-8,NA,NA,NA,"TE50","30.6",2025,"2025-09-09T18:09:55Z","fantasypros","Will Dissly",18049,NA,50,48,56,NA,3.11,NA,"will-dissly","lac","will-dissly|TE|lac",50
"Darnell Washington","TE","PIT",51,48,4.97,41,52,"TE","D. Washington","TE","https://www.fantasypros.com/nfl/players/darnell-washington.php","darnell-washington.php","5",1,NA,NA,NA,NA,"TE51","27.2",2025,"2025-09-09T18:09:55Z","fantasypros","Darnell Washington",22967,NA,51,41,52,NA,4.97,NA,"darnell-washington","pit","darnell-washington|TE|pit",51
"Colby Parkinson","TE","LAR",52,50.67,9.1,38,59,"TE","C. Parkinson","TE","https://www.fantasypros.com/nfl/players/colby-parkinson.php","colby-parkinson.php","8",1,6,NA,NA,NA,"TE52","25.5",2025,"2025-09-09T18:09:55Z","fantasypros","Colby Parkinson",19372,NA,52,38,59,NA,9.1,NA,"colby-parkinson","lar","colby-parkinson|TE|lar",52
"Grant Calcaterra","TE","PHI",53,48.5,8.5,40,57,"TE","G. Calcaterra","TE","https://www.fantasypros.com/nfl/players/grant-calcaterra.php","grant-calcaterra.php","9",0.6,NA,NA,NA,NA,"TE53","25.5",2025,"2025-09-09T18:09:55Z","fantasypros","Grant Calcaterra",24180,NA,53,40,57,NA,8.5,NA,"grant-calcaterra","phi","grant-calcaterra|TE|phi",53
"Josh Oliver","TE","MIN",54,49,10,39,59,"TE","J. Oliver","TE","https://www.fantasypros.com/nfl/players/josh-oliver.php","josh-oliver.php","6",0.7,-6,NA,NA,NA,"TE54","23.8",2025,"2025-09-09T18:09:55Z","fantasypros","Josh Oliver",18487,NA,54,39,59,NA,10,NA,"josh-oliver","min","josh-oliver|TE|min",54
"Foster Moreau","TE","NO",55,54.67,7.32,49,65,"TE","F. Moreau","TE","https://www.fantasypros.com/nfl/players/foster-moreau.php","foster-moreau.php","11",0.7,NA,NA,NA,NA,"TE55","22.1",2025,"2025-09-09T18:09:55Z","fantasypros","Foster Moreau",18397,NA,55,49,65,NA,7.32,NA,"foster-moreau","no","foster-moreau|TE|no",55
"Jeremy Ruckert","TE","NYJ",56,56.67,8.73,50,69,"TE","J. Ruckert","TE","https://www.fantasypros.com/nfl/players/jeremy-ruckert.php","jeremy-ruckert.php","9",1.2,NA,NA,NA,NA,"TE56","22.1",2025,"2025-09-09T18:09:55Z","fantasypros","Jeremy Ruckert",23742,NA,56,50,69,NA,8.73,NA,"jeremy-ruckert","nyj","jeremy-ruckert|TE|nyj",56
"Luke Schoonmaker","TE","DAL",57,51,9,42,60,"TE","L. Schoonmaker","TE","https://www.fantasypros.com/nfl/players/luke-schoonmaker.php","luke-schoonmaker.php","10",0.6,-8,NA,NA,NA,"TE57","20.4",2025,"2025-09-09T18:09:55Z","fantasypros","Luke Schoonmaker",25267,NA,57,42,60,NA,9,NA,"luke-schoonmaker","dal","luke-schoonmaker|TE|dal",57
"Tommy Tremble","TE","CAR",58,57,6.48,51,66,"TE","T. Tremble","TE","https://www.fantasypros.com/nfl/players/tommy-tremble.php","tommy-tremble.php","14",0.6,NA,NA,NA,NA,"TE58","20.4",2025,"2025-09-09T18:09:55Z","fantasypros","Tommy Tremble",22795,NA,58,51,66,NA,6.48,NA,"tommy-tremble","car","tommy-tremble|TE|car",58
"Elijah Higgins","TE","ARI",59,56,4.24,53,62,"TE","E. Higgins","TE","https://www.fantasypros.com/nfl/players/elijah-higgins.php","elijah-higgins.php","8",0.6,NA,NA,NA,NA,"TE59","20.4",2025,"2025-09-09T18:09:55Z","fantasypros","Elijah Higgins",23119,NA,59,53,62,NA,4.24,NA,"elijah-higgins","ari","elijah-higgins|TE|ari",59
"Hunter Long","TE","JAC",60,47,0,47,47,"TE","H. Long","TE","https://www.fantasypros.com/nfl/players/hunter-long.php","hunter-long.php","8",0,NA,NA,NA,NA,"TE60","20.4",2025,"2025-09-09T18:09:55Z","fantasypros","Hunter Long",22783,NA,60,47,47,NA,0,NA,"hunter-long","jac","hunter-long|TE|jac",60
"Jared Wiley","TE","KC",61,48,0,48,48,"TE","J. Wiley","TE","https://www.fantasypros.com/nfl/players/jared-wiley.php","jared-wiley.php","10",1,NA,NA,NA,NA,"TE61","18.7",2025,"2025-09-09T18:09:55Z","fantasypros","Jared Wiley",26343,NA,61,48,48,NA,0,NA,"jared-wiley","kc","jared-wiley|TE|kc",61
"Mitchell Evans","TE","CAR",62,59.33,6.18,54,68,"TE","M. Evans","TE","https://www.fantasypros.com/nfl/players/mitchell-evans.php","mitchell-evans.php","14",0.6,NA,NA,NA,NA,"TE62","18.7",2025,"2025-09-09T18:09:55Z","fantasypros","Mitchell Evans",27138,NA,62,54,68,NA,6.18,NA,"mitchell-evans","car","mitchell-evans|TE|car",62
"Adam Trautman","TE","DEN",63,50,0,50,50,"TE","A. Trautman","TE","https://www.fantasypros.com/nfl/players/adam-trautman.php","adam-trautman.php","12",0.7,NA,NA,NA,NA,"TE63","17.0",2025,"2025-09-09T18:09:55Z","fantasypros","Adam Trautman",19423,NA,63,50,50,NA,0,NA,"adam-trautman","den","adam-trautman|TE|den",63
"Drew Sample","TE","CIN",64,52,0,52,52,"TE","D. Sample","TE","https://www.fantasypros.com/nfl/players/drew-sample.php","drew-sample.php","10",1,NA,NA,NA,NA,"TE64","17.0",2025,"2025-09-09T18:09:55Z","fantasypros","Drew Sample",18561,NA,64,52,52,NA,0,NA,"drew-sample","cin","drew-sample|TE|cin",64
"Brock Wright","TE","DET",65,56,0,56,56,"TE","B. Wright","TE","https://www.fantasypros.com/nfl/players/brock-wright.php","brock-wright.php","8",0.6,7,NA,NA,NA,"TE65","17.0",2025,"2025-09-09T18:09:55Z","fantasypros","Brock Wright",23341,NA,65,56,56,NA,0,NA,"brock-wright","det","brock-wright|TE|det",65
"Payne Durham","TE","TB",66,57,0,57,57,"TE","P. Durham","TE","https://www.fantasypros.com/nfl/players/payne-durham.php","payne-durham.php","9",1.1,-8,NA,NA,NA,"TE66","17.0",2025,"2025-09-09T18:09:55Z","fantasypros","Payne Durham",25346,NA,66,57,57,NA,0,NA,"payne-durham","tb","payne-durham|TE|tb",66
"Greg Dulcich","TE","MIA",67,63.5,6.5,57,70,"TE","G. Dulcich","TE","https://www.fantasypros.com/nfl/players/greg-dulcich.php","greg-dulcich.php","12",5.8,-16,NA,NA,NA,"TE67","15.3",2025,"2025-09-09T18:09:55Z","fantasypros","Greg Dulcich",23153,NA,67,57,70,NA,6.5,NA,"greg-dulcich","mia","greg-dulcich|TE|mia",67
"Charlie Kolar","TE","BAL",68,58,0,58,58,"TE","C. Kolar","TE","https://www.fantasypros.com/nfl/players/charlie-kolar.php","charlie-kolar.php","7",0.1,NA,NA,NA,NA,"TE68","15.3",2025,"2025-09-09T18:09:55Z","fantasypros","Charlie Kolar",22756,NA,68,58,58,NA,0,NA,"charlie-kolar","bal","charlie-kolar|TE|bal",68
"John Bates","TE","WAS",69,65,7,58,72,"TE","J. Bates","TE","https://www.fantasypros.com/nfl/players/john-bates.php","john-bates.php","12",0.6,15,NA,NA,NA,"TE69","15.3",2025,"2025-09-09T18:09:55Z","fantasypros","John Bates",22833,NA,69,58,72,NA,7,NA,"john-bates","was","john-bates|TE|was",69
"Robert Tonyan","TE","KC",70,59,0,59,59,"TE","R. Tonyan","TE","https://www.fantasypros.com/nfl/players/robert-tonyan.php","robert-tonyan.php","10",0,13,NA,NA,NA,"TE70","15.3",2025,"2025-09-09T18:09:55Z","fantasypros","Robert Tonyan",16502,NA,70,59,59,NA,0,NA,"robert-tonyan","kc","robert-tonyan|TE|kc",70
"Jelani Woods","TE","NYJ",71,60,0,60,60,"TE","J. Woods","TE","https://www.fantasypros.com/nfl/players/jelani-woods.php","jelani-woods.php","9",3.9,NA,NA,NA,NA,"TE71","13.6",2025,"2025-09-09T18:09:55Z","fantasypros","Jelani Woods",23829,NA,71,60,60,NA,0,NA,"jelani-woods","nyj","jelani-woods|TE|nyj",71
"Luke Farrell","TE","SF",72,61,0,61,61,"TE","L. Farrell","TE","https://www.fantasypros.com/nfl/players/luke-farrell.php","luke-farrell.php","14",0.6,NA,NA,NA,NA,"TE72","13.6",2025,"2025-09-09T18:09:55Z","fantasypros","Luke Farrell",19501,NA,72,61,61,NA,0,NA,"luke-farrell","sf","luke-farrell|TE|sf",72
"Julian Hill","TE","MIA",73,61,0,61,61,"TE","J. Hill","TE","https://www.fantasypros.com/nfl/players/julian-hill.php","julian-hill.php","12",0.6,NA,NA,NA,NA,"TE73","11.9",2025,"2025-09-09T18:09:55Z","fantasypros","Julian Hill",25824,NA,73,61,61,NA,0,NA,"julian-hill","mia","julian-hill|TE|mia",73
"Tanner Hudson","TE","CIN",74,63,0,63,63,"TE","T. Hudson","TE","https://www.fantasypros.com/nfl/players/tanner-hudson.php","tanner-hudson.php","10",2.3,7,NA,NA,NA,"TE74","11.9",2025,"2025-09-09T18:09:55Z","fantasypros","Tanner Hudson",17826,NA,74,63,63,NA,0,NA,"tanner-hudson","cin","tanner-hudson|TE|cin",74
"Harrison Bryant","TE","HOU",75,64,0,64,64,"TE","H. Bryant","TE","https://www.fantasypros.com/nfl/players/harrison-bryant.php","harrison-bryant.php","6",0,NA,NA,NA,NA,"TE75","11.9",2025,"2025-09-09T18:09:55Z","fantasypros","Harrison Bryant",19389,NA,75,64,64,NA,0,NA,"harrison-bryant","hou","harrison-bryant|TE|hou",75
"Stone Smartt","TE","NYJ",76,67,0,67,67,"TE","S. Smartt","TE","https://www.fantasypros.com/nfl/players/stone-smartt.php","stone-smartt.php","9",1,-11,NA,NA,NA,"TE76","11.9",2025,"2025-09-09T18:09:55Z","fantasypros","Stone Smartt",24621,NA,76,67,67,NA,0,NA,"stone-smartt","nyj","stone-smartt|TE|nyj",76
"Johnny Mundt","TE","JAC",77,71,0,71,71,"TE","J. Mundt","TE","https://www.fantasypros.com/nfl/players/johnny-mundt.php","johnny-mundt.php","8",0,-9,NA,NA,NA,"TE77","10.2",2025,"2025-09-09T18:09:55Z","fantasypros","Johnny Mundt",16743,NA,77,71,71,NA,0,NA,"johnny-mundt","jac","johnny-mundt|TE|jac",77
"Ja'Marr Chase","WR","CIN",1,1,0,1,1,"WR","J. Chase","WR","https://www.fantasypros.com/nfl/players/jamarr-chase.php","jamarr-chase.php","10",99.7,NA,NA,"buy",NA,"WR1","229.5",2025,"2025-09-09T18:09:55Z","fantasypros","Ja'Marr Chase",19788,NA,1,1,1,NA,0,NA,"ja-marr-chase","cin","ja-marr-chase|WR|cin",1
"Justin Jefferson","WR","MIN",2,2.6,0.8,2,4,"WR","J. Jefferson","WR","https://www.fantasypros.com/nfl/players/justin-jefferson.php","justin-jefferson.php","6",99.8,NA,NA,NA,NA,"WR2","198.9",2025,"2025-09-09T18:09:55Z","fantasypros","Justin Jefferson",19236,NA,2,2,4,NA,0.8,NA,"justin-jefferson","min","justin-jefferson|WR|min",2
"CeeDee Lamb","WR","DAL",3,2.6,0.49,2,3,"WR","C. Lamb","WR","https://www.fantasypros.com/nfl/players/ceedee-lamb.php","ceedee-lamb.php","10",99.8,NA,NA,NA,NA,"WR3","193.8",2025,"2025-09-09T18:09:55Z","fantasypros","CeeDee Lamb",19202,NA,3,2,3,NA,0.49,NA,"ceedee-lamb","dal","ceedee-lamb|WR|dal",3
"Nico Collins","WR","HOU",4,4.6,0.49,4,5,"WR","N. Collins","WR","https://www.fantasypros.com/nfl/players/nico-collins.php","nico-collins.php","6",99.7,NA,"Nico Collins remains the Texans WR1 and a buy-low target after a quiet game. Just 5 targets, 3 catches, and 25 yards but led all HOU WRs in snap share (84%). Commanded an 18.5% target share and fell short of scoring on his lone red-zone target. Favorable schedule coming up.","buy",NA,"WR4","188.7",2025,"2025-09-09T18:09:55Z","fantasypros","Nico Collins",20130,NA,4,4,5,NA,0.49,NA,"nico-collins","hou","nico-collins|WR|hou",4
"Brian Thomas Jr.","WR","JAC",5,5.4,0.8,4,6,"WR","B. Thomas Jr.","WR","https://www.fantasypros.com/nfl/players/brian-thomas-jr.php","brian-thomas-jr.php","8",99.6,-1,NA,NA,NA,"WR5","187.0",2025,"2025-09-09T18:09:55Z","fantasypros","Brian Thomas Jr.",23000,NA,5,4,6,NA,0.8,NA,"brian-thomas","jac","brian-thomas|WR|jac",5
"Puka Nacua","WR","LAR",6,6.6,1.85,3,8,"WR","P. Nacua","WR","https://www.fantasypros.com/nfl/players/puka-nacua.php","puka-nacua.php","8",99.8,NA,NA,NA,NA,"WR6","185.3",2025,"2025-09-09T18:09:55Z","fantasypros","Puka Nacua",23180,NA,6,3,8,NA,1.85,NA,"puka-nacua","lar","puka-nacua|WR|lar",6
"Malik Nabers","WR","NYG",7,7.6,1.36,6,10,"WR","M. Nabers","WR","https://www.fantasypros.com/nfl/players/malik-nabers.php","malik-nabers.php","14",99.7,NA,NA,NA,NA,"WR7","181.9",2025,"2025-09-09T18:09:55Z","fantasypros","Malik Nabers",25409,NA,7,6,10,NA,1.36,NA,"malik-nabers","nyg","malik-nabers|WR|nyg",7
"Drake London","WR","ATL",8,8,2.9,4,11,"WR","D. London","WR","https://www.fantasypros.com/nfl/players/drake-london.php","drake-london.php","5",99.6,4,NA,NA,NA,"WR8","176.8",2025,"2025-09-09T18:09:55Z","fantasypros","Drake London",23163,NA,8,4,11,NA,2.9,NA,"drake-london","atl","drake-london|WR|atl",8
"Amon-Ra St. Brown","WR","DET",9,8,1.41,6,10,"WR","A. St. Brown","WR","https://www.fantasypros.com/nfl/players/amonra-stbrown.php","amonra-stbrown.php","8",99.7,NA,NA,NA,NA,"WR9","173.4",2025,"2025-09-09T18:09:55Z","fantasypros","Amon-Ra St. Brown",19799,NA,9,6,10,NA,1.41,NA,"amon-ra-st-brown","det","amon-ra-st-brown|WR|det",9
"A.J. Brown","WR","PHI",10,10.4,2.33,9,15,"WR","A.J. Brown","WR","https://www.fantasypros.com/nfl/players/aj-brown.php","aj-brown.php","9",99.8,NA,NA,NA,NA,"WR10","168.3",2025,"2025-09-09T18:09:55Z","fantasypros","A.J. Brown",18218,NA,10,9,15,NA,2.33,NA,"a-j-brown","phi","a-j-brown|WR|phi",10
"Mike Evans","WR","TB",11,12.4,2.65,9,17,"WR","M. Evans","WR","https://www.fantasypros.com/nfl/players/mike-evans.php","mike-evans.php","9",99,-2,NA,NA,NA,"WR11","166.6",2025,"2025-09-09T18:09:55Z","fantasypros","Mike Evans",12119,NA,11,9,17,NA,2.65,NA,"mike-evans","tb","mike-evans|WR|tb",11
"Jaxon Smith-Njigba","WR","SEA",12,13,3.22,8,18,"WR","J. Smith-Njigba","WR","https://www.fantasypros.com/nfl/players/jaxon-smith-njigba.php","jaxon-smith-njigba.php","8",99.3,NA,NA,NA,NA,"WR12","164.9",2025,"2025-09-09T18:09:55Z","fantasypros","Jaxon Smith-Njigba",23070,NA,12,8,18,NA,3.22,NA,"jaxon-smith-njigba","sea","jaxon-smith-njigba|WR|sea",12
"Ladd McConkey","WR","LAC",13,13,1.79,11,16,"WR","L. McConkey","WR","https://www.fantasypros.com/nfl/players/ladd-mcconkey.php","ladd-mcconkey.php","12",99.5,NA,NA,NA,NA,"WR13","164.9",2025,"2025-09-09T18:09:55Z","fantasypros","Ladd McConkey",26122,NA,13,11,16,NA,1.79,NA,"ladd-mcconkey","lac","ladd-mcconkey|WR|lac",13
"Tee Higgins","WR","CIN",14,13.4,3.38,11,20,"WR","T. Higgins","WR","https://www.fantasypros.com/nfl/players/tee-higgins.php","tee-higgins.php","10",99.6,NA,NA,"buy",NA,"WR14","164.9",2025,"2025-09-09T18:09:55Z","fantasypros","Tee Higgins",19211,NA,14,11,20,NA,3.38,NA,"tee-higgins","cin","tee-higgins|WR|cin",14
"Garrett Wilson","WR","NYJ",15,16.8,1.33,15,19,"WR","G. Wilson","WR","https://www.fantasypros.com/nfl/players/garrett-wilson.php","garrett-wilson.php","9",98.6,NA,NA,NA,NA,"WR15","164.9",2025,"2025-09-09T18:09:55Z","fantasypros","Garrett Wilson",23072,NA,15,15,19,NA,1.33,NA,"garrett-wilson","nyj","garrett-wilson|WR|nyj",15
"Tetairoa McMillan","WR","CAR",16,17,1.79,15,20,"WR","T. McMillan","WR","https://www.fantasypros.com/nfl/players/tetairoa-mcmillan.php","tetairoa-mcmillan.php","14",95.8,8,NA,NA,NA,"WR16","161.5",2025,"2025-09-09T18:09:55Z","fantasypros","Tetairoa McMillan",25417,NA,16,15,20,NA,1.79,NA,"tetairoa-mcmillan","car","tetairoa-mcmillan|WR|car",16
"Marvin Harrison Jr.","WR","ARI",17,18,3.03,13,21,"WR","M. Harrison Jr.","WR","https://www.fantasypros.com/nfl/players/marvin-harrison-jr.php","marvin-harrison-jr.php","8",98.5,NA,NA,NA,NA,"WR17","158.1",2025,"2025-09-09T18:09:55Z","fantasypros","Marvin Harrison Jr.",23064,NA,17,13,21,NA,3.03,NA,"marvin-harrison","ari","marvin-harrison|WR|ari",17
"Davante Adams","WR","LAR",18,18.2,2.93,14,23,"WR","D. Adams","WR","https://www.fantasypros.com/nfl/players/davante-adams.php","davante-adams.php","8",98.5,NA,NA,NA,NA,"WR18","156.4",2025,"2025-09-09T18:09:55Z","fantasypros","Davante Adams",12123,NA,18,14,23,NA,2.93,NA,"davante-adams","lar","davante-adams|WR|lar",18
"Courtland Sutton","WR","DEN",19,19.6,5.24,13,26,"WR","C. Sutton","WR","https://www.fantasypros.com/nfl/players/courtland-sutton.php","courtland-sutton.php","12",96.1,NA,NA,NA,NA,"WR19","153.0",2025,"2025-09-09T18:09:55Z","fantasypros","Courtland Sutton",17253,NA,19,13,26,NA,5.24,NA,"courtland-sutton","den","courtland-sutton|WR|den",19
"Terry McLaurin","WR","WAS",20,19.6,3.44,14,24,"WR","T. McLaurin","WR","https://www.fantasypros.com/nfl/players/terry-mclaurin.php","terry-mclaurin.php","12",98.8,-3,NA,NA,NA,"WR20","149.6",2025,"2025-09-09T18:09:55Z","fantasypros","Terry McLaurin",18466,NA,20,14,24,NA,3.44,NA,"terry-mclaurin","was","terry-mclaurin|WR|was",20
"Jameson Williams","WR","DET",21,21,4.43,15,27,"WR","J. Williams","WR","https://www.fantasypros.com/nfl/players/jameson-williams.php","jameson-williams.php","8",94.8,NA,NA,NA,NA,"WR21","149.6",2025,"2025-09-09T18:09:55Z","fantasypros","Jameson Williams",23677,NA,21,15,27,NA,4.43,NA,"jameson-williams","det","jameson-williams|WR|det",21
"Tyreek Hill","WR","MIA",22,21.6,4.54,15,28,"WR","T. Hill","WR","https://www.fantasypros.com/nfl/players/tyreek-hill.php","tyreek-hill.php","12",99.1,-4,NA,"sell",NA,"WR22","147.9",2025,"2025-09-09T18:09:55Z","fantasypros","Tyreek Hill",15802,NA,22,15,28,NA,4.54,NA,"tyreek-hill","mia","tyreek-hill|WR|mia",22
"Calvin Ridley","WR","TEN",23,24.2,2.64,21,27,"WR","C. Ridley","WR","https://www.fantasypros.com/nfl/players/calvin-ridley.php","calvin-ridley.php","10",93.9,NA,"Buy low on Calvin Ridley. Saw a team-high 8 targets (28% target share) in Week 1, but the Broncos' strong pass defense shut him down. Expect a bounce back in Week 2.","buy",NA,"WR23","147.9",2025,"2025-09-09T18:09:55Z","fantasypros","Calvin Ridley",17258,NA,23,21,27,NA,2.64,NA,"calvin-ridley","ten","calvin-ridley|WR|ten",23
"George Pickens","WR","DAL",24,25.6,3.5,22,32,"WR","G. Pickens","WR","https://www.fantasypros.com/nfl/players/george-pickens.php","george-pickens.php","10",95.6,3,"Pickens opened up Week 1 with a total dud, but there's reason to believe there's more to come with the new Cowboys WR. It was his first game with Dak Prescott (who looked great) and ran a route on 90% of the dropbacks. Had he caught a pass that he had not been interfered with, his game log (3-30 on 4 targets) might have looked a lot different.","buy",NA,"WR24","147.9",2025,"2025-09-09T18:09:55Z","fantasypros","George Pickens",22963,NA,24,22,32,NA,3.5,NA,"george-pickens","dal","george-pickens|WR|dal",24
"Xavier Worthy","WR","KC",25,25.8,5.42,19,35,"WR","X. Worthy","WR","https://www.fantasypros.com/nfl/players/xavier-worthy.php","xavier-worthy.php","10",97,NA,NA,NA,NA,"WR25","147.9",2025,"2025-09-09T18:09:55Z","fantasypros","Xavier Worthy",23019,NA,25,19,35,NA,5.42,NA,"xavier-worthy","kc","xavier-worthy|WR|kc",25
"Ricky Pearsall","WR","SF",26,26.2,5.49,18,35,"WR","R. Pearsall","WR","https://www.fantasypros.com/nfl/players/ricky-pearsall.php","ricky-pearsall.php","14",89.7,NA,"SLICK RICK. The 49ers' second-year WR picked up right where he left off in 2024. He emerged as SF's No.1 WR in Week 1, hauling in 4 catches for 108 yards on 7 targets (20% target share and 140 iar yards on 4 deep targets). He also fell short of scoring on 2 end-zone targets. With George Kittle and Jauan Jennings dealing with injuries, Pearsall's second-year breakout looks like it cemented in stone.","buy",NA,"WR26","142.8",2025,"2025-09-09T18:09:55Z","fantasypros","Ricky Pearsall",26214,NA,26,18,35,NA,5.49,NA,"ricky-pearsall","sf","ricky-pearsall|WR|sf",26
"DK Metcalf","WR","PIT",27,26.6,2.73,23,31,"WR","DK Metcalf","WR","https://www.fantasypros.com/nfl/players/dk-metcalf.php","dk-metcalf.php","5",98,-6,NA,NA,NA,"WR27","142.8",2025,"2025-09-09T18:09:55Z","fantasypros","DK Metcalf",18219,NA,27,23,31,NA,2.73,NA,"dk-metcalf","pit","dk-metcalf|WR|pit",27
"Emeka Egbuka","WR","TB",28,27.6,6.53,19,37,"WR","E. Egbuka","WR","https://www.fantasypros.com/nfl/players/emeka-egbuka.php","emeka-egbuka.php","9",91.4,4,NA,NA,NA,"WR28","141.1",2025,"2025-09-09T18:09:55Z","fantasypros","Emeka Egbuka",23062,NA,28,19,37,NA,6.53,NA,"emeka-egbuka","tb","emeka-egbuka|WR|tb",28
"DeVonta Smith","WR","PHI",29,28.6,4.03,22,34,"WR","D. Smith","WR","https://www.fantasypros.com/nfl/players/devonta-smith.php","devonta-smith.php","9",96.4,NA,NA,NA,NA,"WR29","141.1",2025,"2025-09-09T18:09:55Z","fantasypros","DeVonta Smith",19222,NA,29,22,34,NA,4.03,NA,"devonta-smith","phi","devonta-smith|WR|phi",29
"DJ Moore","WR","CHI",30,30,1.1,29,32,"WR","DJ Moore","WR","https://www.fantasypros.com/nfl/players/dj-moore-wr.php","dj-moore-wr.php","5",96.2,-4,NA,NA,NA,"WR30","136.0",2025,"2025-09-09T18:09:55Z","fantasypros","DJ Moore",17265,NA,30,29,32,NA,1.1,NA,"dj-moore","chi","dj-moore|WR|chi",30
"Zay Flowers","WR","BAL",31,30.6,1.85,28,33,"WR","Z. Flowers","WR","https://www.fantasypros.com/nfl/players/zay-flowers.php","zay-flowers.php","7",96.7,-4,NA,NA,NA,"WR31","132.6",2025,"2025-09-09T18:09:55Z","fantasypros","Zay Flowers",22916,NA,31,28,33,NA,1.85,NA,"zay-flowers","bal","zay-flowers|WR|bal",31
"Jaylen Waddle","WR","MIA",32,31.4,6.41,23,40,"WR","J. Waddle","WR","https://www.fantasypros.com/nfl/players/jaylen-waddle.php","jaylen-waddle.php","12",95,NA,NA,NA,NA,"WR32","132.6",2025,"2025-09-09T18:09:55Z","fantasypros","Jaylen Waddle",19790,NA,32,23,40,NA,6.41,NA,"jaylen-waddle","mia","jaylen-waddle|WR|mia",32
"Travis Hunter","WR","JAC",33,32.2,3.19,29,38,"WR","T. Hunter","WR,CB","https://www.fantasypros.com/nfl/players/travis-hunter.php","travis-hunter.php","8",93.7,NA,NA,NA,NA,"WR33","129.2",2025,"2025-09-09T18:09:55Z","fantasypros","Travis Hunter",26034,NA,33,29,38,NA,3.19,NA,"travis-hunter","jac","travis-hunter|WR|jac",33
"Deebo Samuel Sr.","WR","WAS",34,33.8,6.11,25,44,"WR","D. Samuel Sr.","WR","https://www.fantasypros.com/nfl/players/deebo-samuel.php","deebo-samuel.php","12",90.2,NA,"Deebo Samuel operated as the Commanders' slot hammer in Kliff Kingsbury's debut: He finished Week 1 with 10 targets, 7 receptions and 77 yards, plus 1 rush for 19 yards and a TD.

78% routes and 76% slot rate in an offensive game plan built around him early.

Deebo had a monster Week 1, but he has a long injury history, making him a prime Sell-High candidate, especially as Terry McLaurin gets fully back up to speed off his long training camp holdout.","sell",NA,"WR34","127.5",2025,"2025-09-09T18:09:55Z","fantasypros","Deebo Samuel Sr.",18244,NA,34,25,44,NA,6.11,NA,"deebo-samuel","was","deebo-samuel|WR|was",34
"Rome Odunze","WR","CHI",35,36.6,3.56,31,42,"WR","R. Odunze","WR","https://www.fantasypros.com/nfl/players/rome-odunze.php","rome-odunze.php","5",91.7,-5,NA,NA,NA,"WR35","125.8",2025,"2025-09-09T18:09:55Z","fantasypros","Rome Odunze",25411,NA,35,31,42,NA,3.56,NA,"rome-odunze","chi","rome-odunze|WR|chi",35
"Jerry Jeudy","WR","CLE",36,37.4,0.49,37,38,"WR","J. Jeudy","WR","https://www.fantasypros.com/nfl/players/jerry-jeudy.php","jerry-jeudy.php","9",92.8,NA,NA,NA,NA,"WR36","124.1",2025,"2025-09-09T18:09:55Z","fantasypros","Jerry Jeudy",19201,NA,36,37,38,NA,0.49,NA,"jerry-jeudy","cle","jerry-jeudy|WR|cle",36
"Rashee Rice","WR","KC",37,37.6,5.46,30,47,"WR","R. Rice","WR","https://www.fantasypros.com/nfl/players/rashee-rice.php","rashee-rice.php","10",90.6,NA,NA,NA,NA,"WR37","124.1",2025,"2025-09-09T18:09:55Z","fantasypros","Rashee Rice",23113,NA,37,30,47,NA,5.46,NA,"rashee-rice","kc","rashee-rice|WR|kc",37
"Matthew Golden","WR","GB",38,37.8,5.49,33,48,"WR","M. Golden","WR","https://www.fantasypros.com/nfl/players/matthew-golden.php","matthew-golden.php","5",90.3,5,NA,NA,NA,"WR38","124.1",2025,"2025-09-09T18:09:55Z","fantasypros","Matthew Golden",26024,NA,38,33,48,NA,5.49,NA,"matthew-golden","gb","matthew-golden|WR|gb",38
"Chris Olave","WR","NO",39,38.8,4.71,30,44,"WR","C. Olave","WR","https://www.fantasypros.com/nfl/players/chris-olave.php","chris-olave.php","11",91,NA,NA,NA,NA,"WR39","120.7",2025,"2025-09-09T18:09:55Z","fantasypros","Chris Olave",20111,NA,39,30,44,NA,4.71,NA,"chris-olave","no","chris-olave|WR|no",39
"Stefon Diggs","WR","NE",40,39.6,4.22,34,46,"WR","S. Diggs","WR","https://www.fantasypros.com/nfl/players/stefon-diggs.php","stefon-diggs.php","14",90.2,6,NA,NA,NA,"WR40","120.7",2025,"2025-09-09T18:09:55Z","fantasypros","Stefon Diggs",13981,NA,40,34,46,NA,4.22,NA,"stefon-diggs","ne","stefon-diggs|WR|ne",40
"Keon Coleman","WR","BUF",41,40.6,3.56,34,44,"WR","K. Coleman","WR","https://www.fantasypros.com/nfl/players/keon-coleman.php","keon-coleman.php","7",74.1,NA,"Keon Coleman didn't wait long to break out in Year 2. After a slow 1st half, Coleman erupted for 11 targets (team-high 24% target share), 8 receptions, 112 yards and 1 TD. He played 88% snaps and ran routes on 83% of dropbacks, operating as Buffalo's No. 1 WR. He led the team in air yards (144, 33% share) and red-zone targets (2).","buy",NA,"WR41","119.0",2025,"2025-09-09T18:09:55Z","fantasypros","Keon Coleman",26019,NA,41,34,44,NA,3.56,NA,"keon-coleman","buf","keon-coleman|WR|buf",41
"Jakobi Meyers","WR","LV",42,41.4,2.06,39,44,"WR","J. Meyers","WR","https://www.fantasypros.com/nfl/players/jakobi-meyers.php","jakobi-meyers.php","8",90,NA,NA,NA,NA,"WR42","117.3",2025,"2025-09-09T18:09:55Z","fantasypros","Jakobi Meyers",18598,NA,42,39,44,NA,2.06,NA,"jakobi-meyers","lv","jakobi-meyers|WR|lv",42
"Jordan Addison","WR","MIN",43,41.8,3.25,39,48,"WR","J. Addison","WR","https://www.fantasypros.com/nfl/players/jordan-addison.php","jordan-addison.php","6",84.3,NA,NA,NA,NA,"WR43","117.3",2025,"2025-09-09T18:09:55Z","fantasypros","Jordan Addison",23107,NA,43,39,48,NA,3.25,NA,"jordan-addison","min","jordan-addison|WR|min",43
"Jauan Jennings","WR","SF",44,43.8,1.6,41,45,"WR","J. Jennings","WR","https://www.fantasypros.com/nfl/players/jauan-jennings.php","jauan-jennings.php","14",82.3,NA,NA,NA,NA,"WR44","117.3",2025,"2025-09-09T18:09:55Z","fantasypros","Jauan Jennings",19590,NA,44,41,45,NA,1.6,NA,"jauan-jennings","sf","jauan-jennings|WR|sf",44
"Jayden Reed","WR","GB",45,44.6,5.95,33,50,"WR","J. Reed","WR","https://www.fantasypros.com/nfl/players/jayden-reed.php","jayden-reed.php","5",69.3,NA,NA,NA,NA,"WR45","117.3",2025,"2025-09-09T18:09:55Z","fantasypros","Jayden Reed",23020,NA,45,33,50,NA,5.95,NA,"jayden-reed","gb","jayden-reed|WR|gb",45
"Keenan Allen","WR","LAC",46,45.2,5.6,36,52,"WR","K. Allen","WR","https://www.fantasypros.com/nfl/players/keenan-allen.php","keenan-allen.php","12",62.1,14,NA,NA,NA,"WR46","117.3",2025,"2025-09-09T18:09:55Z","fantasypros","Keenan Allen",11616,NA,46,36,52,NA,5.6,NA,"keenan-allen","lac","keenan-allen|WR|lac",46
"Michael Pittman Jr.","WR","IND",47,48.6,4.96,41,55,"WR","M. Pittman Jr.","WR","https://www.fantasypros.com/nfl/players/michael-pittman.php","michael-pittman.php","11",79.9,NA,NA,NA,NA,"WR47","115.6",2025,"2025-09-09T18:09:55Z","fantasypros","Michael Pittman Jr.",19278,NA,47,41,55,NA,4.96,NA,"michael-pittman","ind","michael-pittman|WR|ind",47
"Khalil Shakir","WR","BUF",48,48.6,1.5,46,50,"WR","K. Shakir","WR","https://www.fantasypros.com/nfl/players/khalil-shakir.php","khalil-shakir.php","7",82.1,NA,NA,NA,NA,"WR48","115.6",2025,"2025-09-09T18:09:55Z","fantasypros","Khalil Shakir",23748,NA,48,46,50,NA,1.5,NA,"khalil-shakir","buf","khalil-shakir|WR|buf",48
"Marvin Mims Jr.","WR","DEN",49,51.8,4.45,45,58,"WR","M. Mims Jr.","WR","https://www.fantasypros.com/nfl/players/marvin-mims.php","marvin-mims.php","12",46.4,NA,"Mims operated as the WR3 for the Broncos behind Troy Franklin in Week 1. Alas, the full-time preseason usage did not carry over, and that makes Mims a no-go for fantasy purposes unless something else changes. Just 3 targets going 3-for-12 with only 53% snaps and 50% route participation. Firmly the WR3 right now; the role didn't expand from preseason.","sell",NA,"WR49","115.6",2025,"2025-09-09T18:09:55Z","fantasypros","Marvin Mims Jr.",23080,NA,49,45,58,NA,4.45,NA,"marvin-mims","den","marvin-mims|WR|den",49
"Darnell Mooney","WR","ATL",50,52,4.94,44,59,"WR","D. Mooney","WR","https://www.fantasypros.com/nfl/players/darnell-mooney.php","darnell-mooney.php","5",61.4,NA,NA,NA,NA,"WR50","110.5",2025,"2025-09-09T18:09:55Z","fantasypros","Darnell Mooney",19810,NA,50,44,59,NA,4.94,NA,"darnell-mooney","atl","darnell-mooney|WR|atl",50
"Josh Downs","WR","IND",51,52.4,5.57,43,59,"WR","J. Downs","WR","https://www.fantasypros.com/nfl/players/josh-downs.php","josh-downs.php","11",71.1,NA,NA,NA,NA,"WR51","108.8",2025,"2025-09-09T18:09:55Z","fantasypros","Josh Downs",24706,NA,51,43,59,NA,5.57,NA,"josh-downs","ind","josh-downs|WR|ind",51
"Cedric Tillman","WR","CLE",52,54,7.07,43,62,"WR","C. Tillman","WR","https://www.fantasypros.com/nfl/players/cedric-tillman.php","cedric-tillman.php","9",34.9,NA,NA,"buy",NA,"WR52","108.8",2025,"2025-09-09T18:09:55Z","fantasypros","Cedric Tillman",25287,NA,52,43,62,NA,7.07,NA,"cedric-tillman","cle","cedric-tillman|WR|cle",52
"Jayden Higgins","WR","HOU",53,54.4,5.16,46,61,"WR","J. Higgins","WR","https://www.fantasypros.com/nfl/players/jayden-higgins.php","jayden-higgins.php","6",54.9,NA,NA,NA,NA,"WR53","107.1",2025,"2025-09-09T18:09:55Z","fantasypros","Jayden Higgins",27077,NA,53,46,61,NA,5.16,NA,"jayden-higgins","hou","jayden-higgins|WR|hou",53
"Chris Godwin Jr.","WR","TB",54,55.6,5.5,49,61,"WR","C. Godwin Jr.","WR","https://www.fantasypros.com/nfl/players/chris-godwin.php","chris-godwin.php","9",76.4,-9,NA,NA,NA,"WR54","105.4",2025,"2025-09-09T18:09:55Z","fantasypros","Chris Godwin Jr.",16406,NA,54,49,61,NA,5.5,NA,"chris-godwin","tb","chris-godwin|WR|tb",54
"Cooper Kupp","WR","SEA",55,56,7.29,47,65,"WR","C. Kupp","WR","https://www.fantasypros.com/nfl/players/cooper-kupp.php","cooper-kupp.php","8",87.9,NA,NA,NA,NA,"WR55","98.6",2025,"2025-09-09T18:09:55Z","fantasypros","Cooper Kupp",16433,NA,55,47,65,NA,7.29,NA,"cooper-kupp","sea","cooper-kupp|WR|sea",55
"Christian Kirk","WR","HOU",56,56,3.16,51,60,"WR","C. Kirk","WR","https://www.fantasypros.com/nfl/players/christian-kirk.php","christian-kirk.php","6",39.4,NA,NA,NA,NA,"WR56","98.6",2025,"2025-09-09T18:09:55Z","fantasypros","Christian Kirk",17268,NA,56,51,60,NA,3.16,NA,"christian-kirk","hou","christian-kirk|WR|hou",56
"Rashod Bateman","WR","BAL",57,56.6,3.98,52,64,"WR","R. Bateman","WR","https://www.fantasypros.com/nfl/players/rashod-bateman.php","rashod-bateman.php","7",40.9,NA,NA,NA,NA,"WR57","96.9",2025,"2025-09-09T18:09:55Z","fantasypros","Rashod Bateman",19794,NA,57,52,64,NA,3.98,NA,"rashod-bateman","bal","rashod-bateman|WR|bal",57
"Rashid Shaheed","WR","NO",58,57.2,4.62,53,66,"WR","R. Shaheed","WR","https://www.fantasypros.com/nfl/players/rashid-shaheed.php","rashid-shaheed.php","11",70.6,NA,NA,NA,NA,"WR58","95.2",2025,"2025-09-09T18:09:55Z","fantasypros","Rashid Shaheed",24687,NA,58,53,66,NA,4.62,NA,"rashid-shaheed","no","rashid-shaheed|WR|no",58
"Joshua Palmer","WR","BUF",59,58,4.47,51,63,"WR","J. Palmer","WR","https://www.fantasypros.com/nfl/players/josh-palmer.php","josh-palmer.php","7",23.6,NA,NA,NA,NA,"WR59","95.2",2025,"2025-09-09T18:09:55Z","fantasypros","Joshua Palmer",22845,NA,59,51,63,NA,4.47,NA,"joshua-palmer","buf","joshua-palmer|WR|buf",59
"Marquise Brown","WR","KC",60,60.2,7.03,47,68,"WR","M. Brown","WR","https://www.fantasypros.com/nfl/players/marquise-brown.php","marquise-brown.php","10",35.9,NA,NA,NA,NA,"WR60","93.5",2025,"2025-09-09T18:09:55Z","fantasypros","Marquise Brown",18226,NA,60,47,68,NA,7.03,NA,"marquise-brown","kc","marquise-brown|WR|kc",60
"Brandon Aiyuk","WR","SF",61,60.6,3.26,57,65,"WR","B. Aiyuk","WR","https://www.fantasypros.com/nfl/players/brandon-aiyuk.php","brandon-aiyuk.php","14",53.4,-6,NA,NA,NA,"WR61","91.8",2025,"2025-09-09T18:09:55Z","fantasypros","Brandon Aiyuk",19252,NA,61,57,65,NA,3.26,NA,"brandon-aiyuk","sf","brandon-aiyuk|WR|sf",61
"Luther Burden III","WR","CHI",62,61.2,5.91,55,72,"WR","L. Burden III","WR","https://www.fantasypros.com/nfl/players/luther-burden-iii.php","luther-burden-iii.php","5",28.6,NA,NA,NA,NA,"WR62","91.8",2025,"2025-09-09T18:09:55Z","fantasypros","Luther Burden III",27016,NA,62,55,72,NA,5.91,NA,"luther-burden","chi","luther-burden|WR|chi",62
"DeMario Douglas","WR","NE",63,61.6,4.96,53,66,"WR","D. Douglas","WR","https://www.fantasypros.com/nfl/players/demario-douglas.php","demario-douglas.php","14",20.7,NA,NA,NA,NA,"WR63","90.1",2025,"2025-09-09T18:09:55Z","fantasypros","DeMario Douglas",25304,NA,63,53,66,NA,4.96,NA,"demario-douglas","ne","demario-douglas|WR|ne",63
"Romeo Doubs","WR","GB",64,64.8,5.91,60,76,"WR","R. Doubs","WR","https://www.fantasypros.com/nfl/players/romeo-doubs.php","romeo-doubs.php","5",17.9,NA,"Doubs led the Packers WRs in routes runs , air yards and receiving yards in Week 1. He also went 0-2 on his targets in the red zone. If he maintains his role atop the Packers' WR depth chart in terms of usage, Doubs might be the Pack's most consistent WR option.","buy",NA,"WR64","88.4",2025,"2025-09-09T18:09:55Z","fantasypros","Romeo Doubs",23794,NA,64,60,76,NA,5.91,NA,"romeo-doubs","gb","romeo-doubs|WR|gb",64
"Quentin Johnston","WR","LAC",65,65,13.68,46,82,"WR","Q. Johnston","WR","https://www.fantasypros.com/nfl/players/quentin-johnston.php","quentin-johnston.php","12",9,NA,NA,NA,NA,"WR65","88.4",2025,"2025-09-09T18:09:55Z","fantasypros","Quentin Johnston",23123,NA,65,46,82,NA,13.68,NA,"quentin-johnston","lac","quentin-johnston|WR|lac",65
"Xavier Legette","WR","CAR",66,66.4,3.5,61,71,"WR","X. Legette","WR","https://www.fantasypros.com/nfl/players/xavier-legette.php","xavier-legette.php","14",37.5,NA,NA,NA,NA,"WR66","88.4",2025,"2025-09-09T18:09:55Z","fantasypros","Xavier Legette",26136,NA,66,61,71,NA,3.5,NA,"xavier-legette","car","xavier-legette|WR|car",66
"Adam Thielen","WR","MIN",67,66.8,7.41,56,79,"WR","A. Thielen","WR","https://www.fantasypros.com/nfl/players/adam-thielen.php","adam-thielen.php","6",40.7,NA,NA,NA,NA,"WR67","83.3",2025,"2025-09-09T18:09:55Z","fantasypros","Adam Thielen",13429,NA,67,56,79,NA,7.41,NA,"adam-thielen","min","adam-thielen|WR|min",67
"Isaac TeSlaa","WR","DET",68,68.2,8.98,53,76,"WR","I. TeSlaa","WR","https://www.fantasypros.com/nfl/players/isaac-teslaa.php","isaac-teslaa.php","8",14.1,11,NA,NA,NA,"WR68","81.6",2025,"2025-09-09T18:09:55Z","fantasypros","Isaac TeSlaa",27446,NA,68,53,76,NA,8.98,NA,"isaac-teslaa","det","isaac-teslaa|WR|det",68
"Elic Ayomanor","WR","TEN",69,69.8,2.99,66,74,"WR","E. Ayomanor","WR","https://www.fantasypros.com/nfl/players/elic-ayomanor.php","elic-ayomanor.php","10",11.2,NA,NA,NA,NA,"WR69","81.6",2025,"2025-09-09T18:09:55Z","fantasypros","Elic Ayomanor",27059,NA,69,66,74,NA,2.99,NA,"elic-ayomanor","ten","elic-ayomanor|WR|ten",69
"Jalen Coker","WR","CAR",70,70.2,8.13,62,81,"WR","J. Coker","WR","https://www.fantasypros.com/nfl/players/jalen-coker.php","jalen-coker.php","14",11.1,NA,NA,NA,NA,"WR70","79.9",2025,"2025-09-09T18:09:55Z","fantasypros","Jalen Coker",26403,NA,70,62,81,NA,8.13,NA,"jalen-coker","car","jalen-coker|WR|car",70
"Wan'Dale Robinson","WR","NYG",71,72.6,4.22,67,80,"WR","W. Robinson","WR","https://www.fantasypros.com/nfl/players/wandale-robinson.php","wandale-robinson.php","14",25.7,NA,NA,NA,NA,"WR71","78.2",2025,"2025-09-09T18:09:55Z","fantasypros","Wan'Dale Robinson",22985,NA,71,67,80,NA,4.22,NA,"wan-dale-robinson","nyg","wan-dale-robinson|WR|nyg",71
"Tre' Harris","WR","LAC",72,73.6,5.95,67,84,"WR","T. Harris","WR","https://www.fantasypros.com/nfl/players/tre-harris.php","tre-harris.php","12",20.3,NA,NA,NA,NA,"WR72","71.4",2025,"2025-09-09T18:09:55Z","fantasypros","Tre' Harris",26215,NA,72,67,84,NA,5.95,NA,"tre-harris","lac","tre-harris|WR|lac",72
"DeAndre Hopkins","WR","BAL",73,73.8,3.54,69,80,"WR","D. Hopkins","WR","https://www.fantasypros.com/nfl/players/deandre-hopkins.php","deandre-hopkins.php","7",10.6,NA,NA,NA,NA,"WR73","71.4",2025,"2025-09-09T18:09:55Z","fantasypros","DeAndre Hopkins",11606,NA,73,69,80,NA,3.54,NA,"deandre-hopkins","bal","deandre-hopkins|WR|bal",73
"Alec Pierce","WR","IND",74,75.6,4.84,68,83,"WR","A. Pierce","WR","https://www.fantasypros.com/nfl/players/alec-pierce.php","alec-pierce.php","11",6.1,NA,NA,NA,NA,"WR74","71.4",2025,"2025-09-09T18:09:55Z","fantasypros","Alec Pierce",23791,NA,74,68,83,NA,4.84,NA,"alec-pierce","ind","alec-pierce|WR|ind",74
"Dont'e Thornton Jr.","WR","LV",75,77,10.02,69,94,"WR","D. Thornton Jr.","WR","https://www.fantasypros.com/nfl/players/donte-thornton-jr.php","donte-thornton-jr.php","8",23.3,13,NA,NA,NA,"WR75","71.4",2025,"2025-09-09T18:09:55Z","fantasypros","Dont'e Thornton Jr.",27288,NA,75,69,94,NA,10.02,NA,"dont-e-thornton","lv","dont-e-thornton|WR|lv",75
"Jaylin Noel","WR","HOU",76,78.2,8.38,66,88,"WR","J. Noel","WR","https://www.fantasypros.com/nfl/players/jaylin-noel.php","jaylin-noel.php","6",2.7,NA,NA,NA,NA,"WR76","71.4",2025,"2025-09-09T18:09:55Z","fantasypros","Jaylin Noel",27122,NA,76,66,88,NA,8.38,NA,"jaylin-noel","hou","jaylin-noel|WR|hou",76
"Kyle Williams","WR","NE",77,78.2,6.14,70,86,"WR","K. Williams","WR","https://www.fantasypros.com/nfl/players/kyle-williams-wr-2025.php","kyle-williams-wr-2025.php","14",12.9,-8,NA,NA,NA,"WR77","71.4",2025,"2025-09-09T18:09:55Z","fantasypros","Kyle Williams",27487,NA,77,70,86,NA,6.14,NA,"kyle-williams","ne","kyle-williams|WR|ne",77
"Darius Slayton","WR","NYG",78,80.4,2.87,75,83,"WR","D. Slayton","WR","https://www.fantasypros.com/nfl/players/darius-slayton.php","darius-slayton.php","14",4.8,NA,NA,NA,NA,"WR78","68.0",2025,"2025-09-09T18:09:55Z","fantasypros","Darius Slayton",18706,NA,78,75,83,NA,2.87,NA,"darius-slayton","nyg","darius-slayton|WR|nyg",78
"Tory Horton","WR","SEA",79,80.8,8.16,75,97,"WR","T. Horton","WR","https://www.fantasypros.com/nfl/players/tory-horton.php","tory-horton.php","8",4.9,15,NA,NA,NA,"WR79","68.0",2025,"2025-09-09T18:09:55Z","fantasypros","Tory Horton",26022,NA,79,75,97,NA,8.16,NA,"tory-horton","sea","tory-horton|WR|sea",79
"Michael Wilson","WR","ARI",80,81.2,3.37,77,85,"WR","M. Wilson","WR","https://www.fantasypros.com/nfl/players/michael-wilson.php","michael-wilson.php","8",6.6,NA,NA,NA,NA,"WR80","66.3",2025,"2025-09-09T18:09:55Z","fantasypros","Michael Wilson",25333,NA,80,77,85,NA,3.37,NA,"michael-wilson","ari","michael-wilson|WR|ari",80
"Kayshon Boutte","WR","NE",81,84.4,11.07,70,100,"WR","K. Boutte","WR","https://www.fantasypros.com/nfl/players/kayshon-boutte.php","kayshon-boutte.php","14",2.3,NA,NA,NA,NA,"WR81","66.3",2025,"2025-09-09T18:09:55Z","fantasypros","Kayshon Boutte",22989,NA,81,70,100,NA,11.07,NA,"kayshon-boutte","ne","kayshon-boutte|WR|ne",81
"Jack Bech","WR","LV",82,85.2,10.94,69,100,"WR","J. Bech","WR","https://www.fantasypros.com/nfl/players/jack-bech.php","jack-bech.php","8",7.6,-17,NA,NA,NA,"WR82","64.6",2025,"2025-09-09T18:09:55Z","fantasypros","Jack Bech",27224,NA,82,69,100,NA,10.94,NA,"jack-bech","lv","jack-bech|WR|lv",82
"Tyler Lockett","WR","TEN",83,89.4,8.87,78,105,"WR","T. Lockett","WR","https://www.fantasypros.com/nfl/players/tyler-lockett.php","tyler-lockett.php","10",8.7,-10,NA,NA,NA,"WR83","62.9",2025,"2025-09-09T18:09:55Z","fantasypros","Tyler Lockett",13971,NA,83,78,105,NA,8.87,NA,"tyler-lockett","ten","tyler-lockett|WR|ten",83
"Calvin Austin III","WR","PIT",84,90.2,6.14,81,98,"WR","C. Austin III","WR","https://www.fantasypros.com/nfl/players/calvin-austin.php","calvin-austin.php","5",4.4,NA,NA,NA,NA,"WR84","61.2",2025,"2025-09-09T18:09:55Z","fantasypros","Calvin Austin III",23739,NA,84,81,98,NA,6.14,NA,"calvin-austin","pit","calvin-austin|WR|pit",84
"Troy Franklin","WR","DEN",85,79.25,7.56,69,87,"WR","T. Franklin","WR","https://www.fantasypros.com/nfl/players/troy-franklin.php","troy-franklin.php","12",3.2,30,NA,NA,NA,"WR85","61.2",2025,"2025-09-09T18:09:55Z","fantasypros","Troy Franklin",23092,NA,85,69,87,NA,7.56,NA,"troy-franklin","den","troy-franklin|WR|den",85
"Roman Wilson","WR","PIT",86,91.2,4.58,85,99,"WR","R. Wilson","WR","https://www.fantasypros.com/nfl/players/roman-wilson.php","roman-wilson.php","5",3.1,NA,NA,NA,NA,"WR86","59.5",2025,"2025-09-09T18:09:55Z","fantasypros","Roman Wilson",26160,NA,86,85,99,NA,4.58,NA,"roman-wilson","pit","roman-wilson|WR|pit",86
"Dyami Brown","WR","JAC",87,83.25,7.4,71,90,"WR","D. Brown","WR","https://www.fantasypros.com/nfl/players/dyami-brown.php","dyami-brown.php","8",2.8,NA,NA,NA,NA,"WR87","57.8",2025,"2025-09-09T18:09:55Z","fantasypros","Dyami Brown",20113,NA,87,71,90,NA,7.4,NA,"dyami-brown","jac","dyami-brown|WR|jac",87
"Dontayvion Wicks","WR","GB",88,83.75,9.12,72,97,"WR","D. Wicks","WR","https://www.fantasypros.com/nfl/players/dontayvion-wicks.php","dontayvion-wicks.php","5",2.5,NA,NA,NA,NA,"WR88","56.1",2025,"2025-09-09T18:09:55Z","fantasypros","Dontayvion Wicks",24354,NA,88,72,97,NA,9.12,NA,"dontayvion-wicks","gb","dontayvion-wicks|WR|gb",88
"Andrei Iosivas","WR","CIN",89,83.75,4.02,78,88,"WR","A. Iosivas","WR","https://www.fantasypros.com/nfl/players/andrei-iosivas.php","andrei-iosivas.php","10",2.3,NA,NA,NA,NA,"WR89","56.1",2025,"2025-09-09T18:09:55Z","fantasypros","Andrei Iosivas",25335,NA,89,78,88,NA,4.02,NA,"andrei-iosivas","cin","andrei-iosivas|WR|cin",89
"Adonai Mitchell","WR","IND",90,84.5,6.22,75,91,"WR","A. Mitchell","WR","https://www.fantasypros.com/nfl/players/adonai-mitchell.php","adonai-mitchell.php","11",3.3,NA,NA,NA,NA,"WR90","54.4",2025,"2025-09-09T18:09:55Z","fantasypros","Adonai Mitchell",24357,NA,90,75,91,NA,6.22,NA,"adonai-mitchell","ind","adonai-mitchell|WR|ind",90
"Pat Bryant","WR","DEN",91,85.25,7.08,74,93,"WR","P. Bryant","WR","https://www.fantasypros.com/nfl/players/pat-bryant.php","pat-bryant.php","12",5.4,-12,NA,NA,NA,"WR91","54.4",2025,"2025-09-09T18:09:55Z","fantasypros","Pat Bryant",27211,NA,91,74,93,NA,7.08,NA,"pat-bryant","den","pat-bryant|WR|den",91
"Jalen Royals","WR","KC",92,88,9.82,78,101,"WR","J. Royals","WR","https://www.fantasypros.com/nfl/players/jalen-royals.php","jalen-royals.php","10",2.6,NA,NA,NA,NA,"WR92","54.4",2025,"2025-09-09T18:09:55Z","fantasypros","Jalen Royals",27076,NA,92,78,101,NA,9.82,NA,"jalen-royals","kc","jalen-royals|WR|kc",92
"Malik Washington","WR","MIA",93,90.5,2.69,86,93,"WR","M. Washington","WR","https://www.fantasypros.com/nfl/players/malik-washington.php","malik-washington.php","12",2.5,NA,NA,NA,NA,"WR93","54.4",2025,"2025-09-09T18:09:55Z","fantasypros","Malik Washington",26314,NA,93,86,93,NA,2.69,NA,"malik-washington","mia","malik-washington|WR|mia",93
"KaVontae Turpin","WR","DAL",94,91,15.17,67,105,"WR","K. Turpin","WR","https://www.fantasypros.com/nfl/players/kavontae-turpin.php","kavontae-turpin.php","10",2.4,19,NA,NA,NA,"WR94","54.4",2025,"2025-09-09T18:09:55Z","fantasypros","KaVontae Turpin",18520,NA,94,67,105,NA,15.17,NA,"kavontae-turpin","dal","kavontae-turpin|WR|dal",94
"Jaylin Lane","WR","WAS",95,92.75,5.67,83,97,"WR","J. Lane","WR","https://www.fantasypros.com/nfl/players/jaylin-lane.php","jaylin-lane.php","12",1.1,14,NA,NA,NA,"WR95","52.7",2025,"2025-09-09T18:09:55Z","fantasypros","Jaylin Lane",27454,NA,95,83,97,NA,5.67,NA,"jaylin-lane","was","jaylin-lane|WR|was",95
"Jalen McMillan","WR","TB",96,94.75,15.19,80,119,"WR","J. McMillan","WR","https://www.fantasypros.com/nfl/players/jalen-mcmillan.php","jalen-mcmillan.php","9",5.9,NA,NA,NA,NA,"WR96","51.0",2025,"2025-09-09T18:09:55Z","fantasypros","Jalen McMillan",23179,NA,96,80,119,NA,15.19,NA,"jalen-mcmillan","tb","jalen-mcmillan|WR|tb",96
"Tutu Atwell","WR","LAR",97,95.5,11.61,81,113,"WR","T. Atwell","WR","https://www.fantasypros.com/nfl/players/tutu-atwell.php","tutu-atwell.php","8",2.1,19,NA,NA,NA,"WR97","49.3",2025,"2025-09-09T18:09:55Z","fantasypros","Tutu Atwell",20126,NA,97,81,113,NA,11.61,NA,"tutu-atwell","lar","tutu-atwell|WR|lar",97
"Nick Westbrook-Ikhine","WR","MIA",98,105.4,14.21,79,117,"WR","N. Westbrook-Ikhine","WR","https://www.fantasypros.com/nfl/players/nick-westbrook.php","nick-westbrook.php","12",2.2,-11,NA,NA,NA,"WR98","49.3",2025,"2025-09-09T18:09:55Z","fantasypros","Nick Westbrook-Ikhine",19747,NA,98,79,117,NA,14.21,NA,"nick-westbrook-ikhine","mia","nick-westbrook-ikhine|WR|mia",98
"Devaughn Vele","WR","NO",99,98.5,7.83,90,109,"WR","D. Vele","WR","https://www.fantasypros.com/nfl/players/devaughn-vele.php","devaughn-vele.php","11",1.1,-10,NA,NA,NA,"WR99","49.3",2025,"2025-09-09T18:09:55Z","fantasypros","Devaughn Vele",26409,NA,99,90,109,NA,7.83,NA,"devaughn-vele","no","devaughn-vele|WR|no",99
"KeAndre Lambert-Smith","WR","LAC",100,99.25,9.2,87,110,"WR","K. Lambert-Smith","WR","https://www.fantasypros.com/nfl/players/keandre-lambert-smith.php","keandre-lambert-smith.php","12",1.2,16,NA,NA,NA,"WR100","44.2",2025,"2025-09-09T18:09:55Z","fantasypros","KeAndre Lambert-Smith",24372,NA,100,87,110,NA,9.2,NA,"keandre-lambert-smith","lac","keandre-lambert-smith|WR|lac",100
"Brandin Cooks","WR","NO",101,107.4,13.65,87,126,"WR","B. Cooks","WR","https://www.fantasypros.com/nfl/players/brandin-cooks.php","brandin-cooks.php","11",2.1,NA,NA,NA,NA,"WR101","42.5",2025,"2025-09-09T18:09:55Z","fantasypros","Brandin Cooks",12122,NA,101,87,126,NA,13.65,NA,"brandin-cooks","no","brandin-cooks|WR|no",101
"Jalen Nailor","WR","MIN",102,100,10.17,86,112,"WR","J. Nailor","WR","https://www.fantasypros.com/nfl/players/jalen-nailor.php","jalen-nailor.php","6",2.1,NA,NA,NA,NA,"WR102","40.8",2025,"2025-09-09T18:09:55Z","fantasypros","Jalen Nailor",24177,NA,102,86,112,NA,10.17,NA,"jalen-nailor","min","jalen-nailor|WR|min",102
"Josh Reynolds","WR","NYJ",103,103.5,7.76,95,115,"WR","J. Reynolds","WR","https://www.fantasypros.com/nfl/players/josh-reynolds.php","josh-reynolds.php","9",2,16,NA,NA,NA,"WR103","39.1",2025,"2025-09-09T18:09:55Z","fantasypros","Josh Reynolds",16439,NA,103,95,115,NA,7.76,NA,"josh-reynolds","nyj","josh-reynolds|WR|nyj",103
"Ray-Ray McCloud III","WR","ATL",104,103.75,9.31,92,117,"WR","R. McCloud III","WR","https://www.fantasypros.com/nfl/players/ray-ray-mccloud.php","ray-ray-mccloud.php","5",2.5,NA,NA,NA,NA,"WR104","39.1",2025,"2025-09-09T18:09:55Z","fantasypros","Ray-Ray McCloud III",17530,NA,104,92,117,NA,9.31,NA,"ray-ray-mccloud","atl","ray-ray-mccloud|WR|atl",104
"Jalen Tolbert","WR","DAL",105,103.75,4.82,98,109,"WR","J. Tolbert","WR","https://www.fantasypros.com/nfl/players/jalen-tolbert.php","jalen-tolbert.php","10",2,-12,NA,NA,NA,"WR105","39.1",2025,"2025-09-09T18:09:55Z","fantasypros","Jalen Tolbert",23770,NA,105,98,109,NA,4.82,NA,"jalen-tolbert","dal","jalen-tolbert|WR|dal",105
"Tre Tucker","WR","LV",106,92.67,2.05,90,95,"WR","T. Tucker","WR","https://www.fantasypros.com/nfl/players/tre-tucker.php","tre-tucker.php","8",1.8,-13,NA,NA,NA,"WR106","35.7",2025,"2025-09-09T18:09:55Z","fantasypros","Tre Tucker",25337,NA,106,90,95,NA,2.05,NA,"tre-tucker","lv","tre-tucker|WR|lv",106
"Elijah Moore","WR","BUF",107,105.5,4.72,101,113,"WR","E. Moore","WR","https://www.fantasypros.com/nfl/players/elijah-moore.php","elijah-moore.php","7",0.8,-12,NA,NA,NA,"WR107","35.7",2025,"2025-09-09T18:09:55Z","fantasypros","Elijah Moore",20114,NA,107,101,113,NA,4.72,NA,"elijah-moore","buf","elijah-moore|WR|buf",107
"Christian Watson","WR","GB",108,105.75,4.15,100,111,"WR","C. Watson","WR","https://www.fantasypros.com/nfl/players/christian-watson.php","christian-watson.php","5",3.8,NA,NA,NA,NA,"WR108","34.0",2025,"2025-09-09T18:09:55Z","fantasypros","Christian Watson",23886,NA,108,100,111,NA,4.15,NA,"christian-watson","gb","christian-watson|WR|gb",108
"Olamide Zaccheaus","WR","CHI",109,108,9.19,96,120,"WR","O. Zaccheaus","WR","https://www.fantasypros.com/nfl/players/olamide-zaccheaus.php","olamide-zaccheaus.php","5",0.9,24,NA,NA,NA,"WR109","32.3",2025,"2025-09-09T18:09:55Z","fantasypros","Olamide Zaccheaus",18864,NA,109,96,120,NA,9.19,NA,"olamide-zaccheaus","chi","olamide-zaccheaus|WR|chi",109
"Jordan Whittington","WR","LAR",110,109.25,10.35,101,127,"WR","J. Whittington","WR","https://www.fantasypros.com/nfl/players/jordan-whittington.php","jordan-whittington.php","8",1.5,12,NA,NA,NA,"WR110","32.3",2025,"2025-09-09T18:09:55Z","fantasypros","Jordan Whittington",23135,NA,110,101,127,NA,10.35,NA,"jordan-whittington","lar","jordan-whittington|WR|lar",110
"Isaiah Bond","WR","CLE",111,110.75,5.07,104,118,"WR","I. Bond","WR","https://www.fantasypros.com/nfl/players/isaiah-bond.php","isaiah-bond.php","9",1.7,NA,NA,NA,NA,"WR111","30.6",2025,"2025-09-09T18:09:55Z","fantasypros","Isaiah Bond",24371,NA,111,104,118,NA,5.07,NA,"isaiah-bond","cle","isaiah-bond|WR|cle",111
"Hunter Renfrow","WR","CAR",112,111.75,3.11,107,115,"WR","H. Renfrow","WR","https://www.fantasypros.com/nfl/players/hunter-renfrow.php","hunter-renfrow.php","14",1.6,23,NA,NA,NA,"WR112","28.9",2025,"2025-09-09T18:09:55Z","fantasypros","Hunter Renfrow",18345,NA,112,107,115,NA,3.11,NA,"hunter-renfrow","car","hunter-renfrow|WR|car",112
"Jahan Dotson","WR","PHI",113,107.33,3.86,102,111,"WR","J. Dotson","WR","https://www.fantasypros.com/nfl/players/jahan-dotson.php","jahan-dotson.php","9",1.1,17,NA,NA,NA,"WR113","27.2",2025,"2025-09-09T18:09:55Z","fantasypros","Jahan Dotson",23101,NA,113,102,111,NA,3.86,NA,"jahan-dotson","phi","jahan-dotson|WR|phi",113
"Jamari Thrash","WR","CLE",114,107.67,8.38,99,119,"WR","J. Thrash","WR","https://www.fantasypros.com/nfl/players/jamari-thrash.php","jamari-thrash.php","9",0.7,27,NA,NA,NA,"WR114","25.5",2025,"2025-09-09T18:09:55Z","fantasypros","Jamari Thrash",26162,NA,114,99,119,NA,8.38,NA,"jamari-thrash","cle","jamari-thrash|WR|cle",114
"JuJu Smith-Schuster","WR","KC",115,110.67,10.34,101,125,"WR","J. Smith-Schuster","WR","https://www.fantasypros.com/nfl/players/juju-smith-schuster.php","juju-smith-schuster.php","10",1.2,20,NA,NA,NA,"WR115","25.5",2025,"2025-09-09T18:09:55Z","fantasypros","JuJu Smith-Schuster",16427,NA,115,101,125,NA,10.34,NA,"juju-smith-schuster","kc","juju-smith-schuster|WR|kc",115
"Tyquan Thornton","WR","KC",116,111,9.42,102,124,"WR","T. Thornton","WR","https://www.fantasypros.com/nfl/players/tyquan-thornton.php","tyquan-thornton.php","10",0.6,17,NA,NA,NA,"WR116","25.5",2025,"2025-09-09T18:09:55Z","fantasypros","Tyquan Thornton",22913,NA,116,102,124,NA,9.42,NA,"tyquan-thornton","kc","tyquan-thornton|WR|kc",116
"Noah Brown","WR","WAS",117,112.33,1.7,110,114,"WR","N. Brown","WR","https://www.fantasypros.com/nfl/players/noah-brown.php","noah-brown.php","12",1.1,NA,NA,NA,NA,"WR117","23.8",2025,"2025-09-09T18:09:55Z","fantasypros","Noah Brown",16443,NA,117,110,114,NA,1.7,NA,"noah-brown","was","noah-brown|WR|was",117
"Parker Washington","WR","JAC",118,114.67,8.73,103,124,"WR","P. Washington","WR","https://www.fantasypros.com/nfl/players/parker-washington.php","parker-washington.php","8",0.7,-13,NA,NA,NA,"WR118","22.1",2025,"2025-09-09T18:09:55Z","fantasypros","Parker Washington",23106,NA,118,103,124,NA,8.73,NA,"parker-washington","jac","parker-washington|WR|jac",118
"Mack Hollins","WR","NE",119,116.67,4.11,112,122,"WR","M. Hollins","WR","https://www.fantasypros.com/nfl/players/mack-hollins.php","mack-hollins.php","14",0.9,NA,NA,NA,NA,"WR119","22.1",2025,"2025-09-09T18:09:55Z","fantasypros","Mack Hollins",16489,NA,119,112,122,NA,4.11,NA,"mack-hollins","ne","mack-hollins|WR|ne",119
"Demarcus Robinson","WR","SF",120,109.5,10.5,99,120,"WR","D. Robinson","WR","https://www.fantasypros.com/nfl/players/demarcus-robinson.php","demarcus-robinson.php","14",1.1,NA,NA,NA,NA,"WR120","20.4",2025,"2025-09-09T18:09:55Z","fantasypros","Demarcus Robinson",15665,NA,120,99,120,NA,10.5,NA,"demarcus-robinson","sf","demarcus-robinson|WR|sf",120
"Van Jefferson","WR","TEN",121,121.67,12.92,108,139,"WR","V. Jefferson","WR","https://www.fantasypros.com/nfl/players/van-jefferson.php","van-jefferson.php","10",0.7,29,NA,NA,NA,"WR121","20.4",2025,"2025-09-09T18:09:55Z","fantasypros","Van Jefferson",19483,NA,121,108,139,NA,12.92,NA,"van-jefferson","ten","van-jefferson|WR|ten",121
"Savion Williams","WR","GB",122,122.67,8.34,111,130,"WR","S. Williams","WR","https://www.fantasypros.com/nfl/players/savion-williams.php","savion-williams.php","5",0.7,NA,NA,NA,NA,"WR122","18.7",2025,"2025-09-09T18:09:55Z","fantasypros","Savion Williams",27144,NA,122,111,130,NA,8.34,NA,"savion-williams","gb","savion-williams|WR|gb",122
"Efton Chism III","WR","NE",123,118,10,108,128,"WR","E. Chism III","WR","https://www.fantasypros.com/nfl/players/efton-chismi.php","efton-chismi.php","14",1.5,NA,NA,NA,NA,"WR123","17.0",2025,"2025-09-09T18:09:55Z","fantasypros","Efton Chism III",27445,NA,123,108,128,NA,10,NA,"efton-chism","ne","efton-chism|WR|ne",123
"Chimere Dike","WR","TEN",124,131.67,22.45,104,159,"WR","C. Dike","WR","https://www.fantasypros.com/nfl/players/chimere-dike.php","chimere-dike.php","10",0.6,NA,NA,NA,NA,"WR124","17.0",2025,"2025-09-09T18:09:55Z","fantasypros","Chimere Dike",27315,NA,124,104,159,NA,22.45,NA,"chimere-dike","ten","chimere-dike|WR|ten",124
"Tim Patrick","WR","JAC",125,128.67,14.38,110,145,"WR","T. Patrick","WR","https://www.fantasypros.com/nfl/players/tim-patrick.php","tim-patrick.php","8",1.1,-28,NA,NA,NA,"WR125","17.0",2025,"2025-09-09T18:09:55Z","fantasypros","Tim Patrick",16556,NA,125,110,145,NA,14.38,NA,"tim-patrick","jac","tim-patrick|WR|jac",125
"Gabe Davis","WR","BUF",126,124,1,123,125,"WR","G. Davis","WR","https://www.fantasypros.com/nfl/players/gabriel-davis.php","gabriel-davis.php","7",1.1,NA,NA,NA,NA,"WR126","17.0",2025,"2025-09-09T18:09:55Z","fantasypros","Gabe Davis",19398,NA,126,123,125,NA,1,NA,"gabe-davis","buf","gabe-davis|WR|buf",126
"John Metchie III","WR","PHI",127,112,0,112,112,"WR","J. Metchie III","WR","https://www.fantasypros.com/nfl/players/john-metchie.php","john-metchie.php","9",0.8,-13,NA,NA,NA,"WR127","17.0",2025,"2025-09-09T18:09:55Z","fantasypros","John Metchie III",22895,NA,127,112,112,NA,0,NA,"john-metchie","phi","john-metchie|WR|phi",127
"Mitchell Tinsley","WR","CIN",128,116,0,116,116,"WR","M. Tinsley","WR","https://www.fantasypros.com/nfl/players/mitchell-tinsley.php","mitchell-tinsley.php","10",0.7,29,NA,NA,NA,"WR128","17.0",2025,"2025-09-09T18:09:55Z","fantasypros","Mitchell Tinsley",24370,NA,128,116,116,NA,0,NA,"mitchell-tinsley","cin","mitchell-tinsley|WR|cin",128
"Curtis Samuel","WR","BUF",129,137.67,15.97,119,158,"WR","C. Samuel","WR","https://www.fantasypros.com/nfl/players/curtis-samuel.php","curtis-samuel.php","7",1.1,NA,NA,NA,NA,"WR129","17.0",2025,"2025-09-09T18:09:55Z","fantasypros","Curtis Samuel",16434,NA,129,119,158,NA,15.97,NA,"curtis-samuel","buf","curtis-samuel|WR|buf",129
"DeAndre Carter","WR","CLE",130,118,0,118,118,"WR","D. Carter","WR","https://www.fantasypros.com/nfl/players/deandre-carter.php","deandre-carter.php","9",0,NA,NA,NA,NA,"WR130","13.6",2025,"2025-09-09T18:09:55Z","fantasypros","DeAndre Carter",14103,NA,130,118,118,NA,0,NA,"deandre-carter","cle","deandre-carter|WR|cle",130
"Tyrell Shavers","WR","BUF",131,120,0,120,120,"WR","T. Shavers","WR","https://www.fantasypros.com/nfl/players/tyrell-shavers.php","tyrell-shavers.php","7",0.1,26,NA,NA,NA,"WR131","13.6",2025,"2025-09-09T18:09:55Z","fantasypros","Tyrell Shavers",25813,NA,131,120,120,NA,0,NA,"tyrell-shavers","buf","tyrell-shavers|WR|buf",131
"Tez Johnson","WR","TB",132,129,1,128,130,"WR","T. Johnson","WR","https://www.fantasypros.com/nfl/players/tez-johnson.php","tez-johnson.php","9",0.7,-21,NA,NA,NA,"WR132","13.6",2025,"2025-09-09T18:09:55Z","fantasypros","Tez Johnson",27147,NA,132,128,130,NA,1,NA,"tez-johnson","tb","tez-johnson|WR|tb",132
"Kendrick Bourne","WR","SF",133,121,0,121,121,"WR","K. Bourne","WR","https://www.fantasypros.com/nfl/players/kendrick-bourne.php","kendrick-bourne.php","14",0.7,18,NA,NA,NA,"WR133","13.6",2025,"2025-09-09T18:09:55Z","fantasypros","Kendrick Bourne",17066,NA,133,121,121,NA,0,NA,"kendrick-bourne","sf","kendrick-bourne|WR|sf",133
"Tyler Johnson","WR","NYJ",134,121,0,121,121,"WR","T. Johnson","WR","https://www.fantasypros.com/nfl/players/tyler-johnson.php","tyler-johnson.php","9",1.1,NA,NA,NA,NA,"WR134","13.6",2025,"2025-09-09T18:09:55Z","fantasypros","Tyler Johnson",18633,NA,134,121,121,NA,0,NA,"tyler-johnson","nyj","tyler-johnson|WR|nyj",134
"Zay Jones","WR","ARI",135,134.5,12.5,122,147,"WR","Z. Jones","WR","https://www.fantasypros.com/nfl/players/zay-jones.php","zay-jones.php","8",0.6,NA,NA,NA,NA,"WR135","13.6",2025,"2025-09-09T18:09:55Z","fantasypros","Zay Jones",16431,NA,135,122,147,NA,12.5,NA,"zay-jones","ari","zay-jones|WR|ari",135
"Xavier Hutchinson","WR","HOU",136,123,0,123,123,"WR","X. Hutchinson","WR","https://www.fantasypros.com/nfl/players/xavier-hutchinson.php","xavier-hutchinson.php","6",0.6,NA,NA,NA,NA,"WR136","11.9",2025,"2025-09-09T18:09:55Z","fantasypros","Xavier Hutchinson",25332,NA,136,123,123,NA,0,NA,"xavier-hutchinson","hou","xavier-hutchinson|WR|hou",136
"Sterling Shepard","WR","TB",137,130.5,4.5,126,135,"WR","S. Shepard","WR","https://www.fantasypros.com/nfl/players/sterling-shepard.php","sterling-shepard.php","9",1,26,NA,NA,NA,"WR137","11.9",2025,"2025-09-09T18:09:55Z","fantasypros","Sterling Shepard",15569,NA,137,126,135,NA,4.5,NA,"sterling-shepard","tb","sterling-shepard|WR|tb",137
"Jimmy Horn Jr.","WR","CAR",138,129,0,129,129,"WR","J. Horn Jr.","WR","https://www.fantasypros.com/nfl/players/jimmy-horn-jr.php","jimmy-horn-jr.php","14",0.8,NA,NA,NA,NA,"WR138","8.5",2025,"2025-09-09T18:09:55Z","fantasypros","Jimmy Horn Jr.",27294,NA,138,129,129,NA,0,NA,"jimmy-horn","car","jimmy-horn|WR|car",138
"Jalin Hyatt","WR","NYG",139,133.5,0.5,133,134,"WR","J. Hyatt","WR","https://www.fantasypros.com/nfl/players/jalin-hyatt.php","jalin-hyatt.php","14",1,NA,NA,NA,NA,"WR139","8.5",2025,"2025-09-09T18:09:55Z","fantasypros","Jalin Hyatt",25251,NA,139,133,134,NA,0.5,NA,"jalin-hyatt","nyg","jalin-hyatt|WR|nyg",139
"Luke McCaffrey","WR","WAS",140,135,6,129,141,"WR","L. McCaffrey","WR","https://www.fantasypros.com/nfl/players/luke-mccaffrey.php","luke-mccaffrey.php","12",0.8,NA,NA,NA,NA,"WR140","8.5",2025,"2025-09-09T18:09:55Z","fantasypros","Luke McCaffrey",26328,NA,140,129,141,NA,6,NA,"luke-mccaffrey","was","luke-mccaffrey|WR|was",140
"Skyy Moore","WR","SF",141,131,0,131,131,"WR","S. Moore","WR","https://www.fantasypros.com/nfl/players/skyy-moore.php","skyy-moore.php","14",1.9,NA,NA,NA,NA,"WR141","8.5",2025,"2025-09-09T18:09:55Z","fantasypros","Skyy Moore",23905,NA,141,131,131,NA,0,NA,"skyy-moore","sf","skyy-moore|WR|sf",141
"Xavier Restrepo","WR","TEN",142,132,0,132,132,"WR","X. Restrepo","WR","https://www.fantasypros.com/nfl/players/xavier-restrepo.php","xavier-restrepo.php","10",1,-42,NA,NA,NA,"WR142","6.8",2025,"2025-09-09T18:09:55Z","fantasypros","Xavier Restrepo",27066,NA,142,132,132,NA,0,NA,"xavier-restrepo","ten","xavier-restrepo|WR|ten",142
"Arian Smith","WR","NYJ",143,133,0,133,133,"WR","A. Smith","WR","https://www.fantasypros.com/nfl/players/arian-smith.php","arian-smith.php","9",0.6,17,NA,NA,NA,"WR143","6.8",2025,"2025-09-09T18:09:55Z","fantasypros","Arian Smith",22965,NA,143,133,133,NA,0,NA,"arian-smith","nyj","arian-smith|WR|nyj",143
"Greg Dortch","WR","ARI",144,141.5,7.5,134,149,"WR","G. Dortch","WR","https://www.fantasypros.com/nfl/players/greg-dortch.php","greg-dortch.php","8",0.8,NA,NA,NA,NA,"WR144","6.8",2025,"2025-09-09T18:09:55Z","fantasypros","Greg Dortch",18585,NA,144,134,149,NA,7.5,NA,"greg-dortch","ari","greg-dortch|WR|ari",144
"Jordan Watkins","WR","SF",145,141.5,6.5,135,148,"WR","J. Watkins","WR","https://www.fantasypros.com/nfl/players/jordan-watkins.php","jordan-watkins.php","14",0.7,NA,NA,NA,NA,"WR145","6.8",2025,"2025-09-09T18:09:55Z","fantasypros","Jordan Watkins",27486,NA,145,135,148,NA,6.5,NA,"jordan-watkins","sf","jordan-watkins|WR|sf",145
"Russell Gage Jr.","WR","SF",146,136,0,136,136,"WR","R. Gage Jr.","WR","https://www.fantasypros.com/nfl/players/russell-gage.php","russell-gage.php","14",0,NA,NA,NA,NA,"WR146","5.1",2025,"2025-09-09T18:09:55Z","fantasypros","Russell Gage Jr.",17606,NA,146,136,136,NA,0,NA,"russell-gage","sf","russell-gage|WR|sf",146
"Marquez Valdes-Scantling","WR","SF",147,137,0,137,137,"WR","M. Valdes-Scantling","WR","https://www.fantasypros.com/nfl/players/marquez-valdesscantling.php","marquez-valdesscantling.php","14",0.9,NA,NA,NA,NA,"WR147","5.1",2025,"2025-09-09T18:09:55Z","fantasypros","Marquez Valdes-Scantling",17528,NA,147,137,137,NA,0,NA,"marquez-valdes-scantling","sf","marquez-valdes-scantling|WR|sf",147
"Robert Woods","WR","FA",148,138,0,138,138,"WR","R. Woods","WR","https://www.fantasypros.com/nfl/players/robert-woods.php","robert-woods.php",NA,0.7,NA,NA,NA,NA,"WR148","5.1",2025,"2025-09-09T18:09:55Z","fantasypros","Robert Woods",11610,NA,148,138,138,NA,0,NA,"robert-woods","fa","robert-woods|WR|fa",148
"Zavier Scott","WR","MIN",149,140,0,140,140,"WR","Z. Scott","RB","https://www.fantasypros.com/nfl/players/zavier-scott.php","zavier-scott.php","6",0,40,NA,NA,NA,"WR149","5.1",2025,"2025-09-09T18:09:55Z","fantasypros","Zavier Scott",25748,NA,149,140,140,NA,0,NA,"zavier-scott","min","zavier-scott|WR|min",149
"Tank Dell","WR","HOU",150,142,0,142,142,"WR","T. Dell","WR","https://www.fantasypros.com/nfl/players/nathaniel-dell.php","nathaniel-dell.php","6",2.3,NA,NA,NA,NA,"WR150","5.1",2025,"2025-09-09T18:09:55Z","fantasypros","Tank Dell",25361,NA,150,142,142,NA,0,NA,"tank-dell","hou","tank-dell|WR|hou",150
"Allen Lazard","WR","NYJ",151,143,0,143,143,"WR","A. Lazard","WR","https://www.fantasypros.com/nfl/players/allen-lazard.php","allen-lazard.php","9",1,NA,NA,NA,NA,"WR151","5.1",2025,"2025-09-09T18:09:55Z","fantasypros","Allen Lazard",17301,NA,151,143,143,NA,0,NA,"allen-lazard","nyj","allen-lazard|WR|nyj",151
"Devontez Walker","WR","BAL",152,144,0,144,144,"WR","D. Walker","WR","https://www.fantasypros.com/nfl/players/devontez-walker.php","devontez-walker.php","7",0.6,NA,NA,NA,NA,"WR152","5.1",2025,"2025-09-09T18:09:55Z","fantasypros","Devontez Walker",26011,NA,152,144,144,NA,0,NA,"devontez-walker","bal","devontez-walker|WR|bal",152
"Kalif Raymond","WR","DET",153,146,0,146,146,"WR","K. Raymond","WR","https://www.fantasypros.com/nfl/players/kalif-raymond.php","kalif-raymond.php","8",0.6,NA,NA,NA,NA,"WR153","5.1",2025,"2025-09-09T18:09:55Z","fantasypros","Kalif Raymond",16081,NA,153,146,146,NA,0,NA,"kalif-raymond","det","kalif-raymond|WR|det",153
"Diontae Johnson","WR","FA",154,150,0,150,150,"WR","D. Johnson","WR","https://www.fantasypros.com/nfl/players/diontae-johnson.php","diontae-johnson.php",NA,2.6,-44,NA,NA,NA,"WR154","3.4",2025,"2025-09-09T18:09:55Z","fantasypros","Diontae Johnson",18615,NA,154,150,150,NA,0,NA,"diontae-johnson","fa","diontae-johnson|WR|fa",154
"Jacob Cowing","WR","SF",155,151,0,151,151,"WR","J. Cowing","WR","https://www.fantasypros.com/nfl/players/jacob-cowing.php","jacob-cowing.php","14",1,NA,NA,NA,NA,"WR155","3.4",2025,"2025-09-09T18:09:55Z","fantasypros","Jacob Cowing",25289,NA,155,151,151,NA,0,NA,"jacob-cowing","sf","jacob-cowing|WR|sf",155
"Jermaine Burton","WR","CIN",156,152,0,152,152,"WR","J. Burton","WR","https://www.fantasypros.com/nfl/players/jermaine-burton.php","jermaine-burton.php","10",0.7,-20,NA,NA,NA,"WR156","3.4",2025,"2025-09-09T18:09:55Z","fantasypros","Jermaine Burton",22956,NA,156,152,152,NA,0,NA,"jermaine-burton","cin","jermaine-burton|WR|cin",156
"Tai Felton","WR","MIN",157,153,0,153,153,"WR","T. Felton","WR","https://www.fantasypros.com/nfl/players/tai-felton.php","tai-felton.php","6",0.6,-19,NA,NA,NA,"WR157","3.4",2025,"2025-09-09T18:09:55Z","fantasypros","Tai Felton",27182,NA,157,153,153,NA,0,NA,"tai-felton","min","tai-felton|WR|min",157
"Scotty Miller","WR","PIT",158,154,0,154,154,"WR","S. Miller","WR","https://www.fantasypros.com/nfl/players/scott-miller.php","scott-miller.php","5",0.1,NA,NA,NA,NA,"WR158","3.4",2025,"2025-09-09T18:09:55Z","fantasypros","Scotty Miller",18714,NA,158,154,154,NA,0,NA,"scotty-miller","pit","scotty-miller|WR|pit",158
"Michael Gallup","WR","FA",159,155,0,155,155,"WR","M. Gallup","WR","https://www.fantasypros.com/nfl/players/michael-gallup.php","michael-gallup.php",NA,1.1,38,NA,NA,NA,"WR159","3.4",2025,"2025-09-09T18:09:55Z","fantasypros","Michael Gallup",17259,NA,159,155,155,NA,0,NA,"michael-gallup","fa","michael-gallup|WR|fa",159
"Jonathan Mingo","WR","DAL",160,156,0,156,156,"WR","J. Mingo","WR","https://www.fantasypros.com/nfl/players/jonathan-mingo.php","jonathan-mingo.php","10",0.6,NA,NA,NA,NA,"WR160","3.4",2025,"2025-09-09T18:09:55Z","fantasypros","Jonathan Mingo",23030,NA,160,156,156,NA,0,NA,"jonathan-mingo","dal","jonathan-mingo|WR|dal",160
"Chris Blair","WR","ATL",161,157,0,157,157,"WR","C. Blair","WR","https://www.fantasypros.com/nfl/players/chris-blair.php","chris-blair.php","5",0,33,NA,NA,NA,"WR161","3.4",2025,"2025-09-09T18:09:55Z","fantasypros","Chris Blair",22684,NA,161,157,157,NA,0,NA,"chris-blair","atl","chris-blair|WR|atl",161
"Jake Bobo","WR","SEA",162,160,0,160,160,"WR","J. Bobo","WR","https://www.fantasypros.com/nfl/players/jake-bobo.php","jake-bobo.php","8",0.8,NA,NA,NA,NA,"WR162","3.4",2025,"2025-09-09T18:09:55Z","fantasypros","Jake Bobo",25339,NA,162,160,160,NA,0,NA,"jake-bobo","sea","jake-bobo|WR|sea",162
"Antwane Wells Jr.","WR","FA",163,161,0,161,161,"WR","A. Wells Jr.","WR","https://www.fantasypros.com/nfl/players/antwane-wells-jr.php","antwane-wells-jr.php",NA,1.1,NA,NA,NA,NA,"WR163","3.4",2025,"2025-09-09T18:09:55Z","fantasypros","Antwane Wells Jr.",27218,NA,163,161,161,NA,0,NA,"antwane-wells","fa","antwane-wells|WR|fa",163
"Brennan Eagles","WR","FA",164,162,0,162,162,"WR","B. Eagles","WR","https://www.fantasypros.com/nfl/players/brennan-eagles.php","brennan-eagles.php",NA,0,51,NA,NA,NA,"WR164","3.4",2025,"2025-09-09T18:09:55Z","fantasypros","Brennan Eagles",20135,NA,164,162,162,NA,0,NA,"brennan-eagles","fa","brennan-eagles|WR|fa",164
"Malachi Corley","WR","CLE",165,163,0,163,163,"WR","M. Corley","WR","https://www.fantasypros.com/nfl/players/malachi-corley.php","malachi-corley.php","9",1.1,NA,NA,NA,NA,"WR165","3.4",2025,"2025-09-09T18:09:55Z","fantasypros","Malachi Corley",26023,NA,165,163,163,NA,0,NA,"malachi-corley","cle","malachi-corley|WR|cle",165
"Theo Wease Jr.","WR","MIA",166,164,0,164,164,"WR","T. Wease Jr.","WR","https://www.fantasypros.com/nfl/players/theo-wease-jr.php","theo-wease-jr.php","12",0,-22,NA,NA,NA,"WR166","1.7",2025,"2025-09-09T18:09:55Z","fantasypros","Theo Wease Jr.",27222,NA,166,164,164,NA,0,NA,"theo-wease","mia","theo-wease|WR|mia",166
"Ricky White III","WR","SEA",167,165,0,165,165,"WR","R. White III","WR","https://www.fantasypros.com/nfl/players/ricky-white-iii.php","ricky-white-iii.php","8",1,NA,NA,NA,NA,"WR167","1.7",2025,"2025-09-09T18:09:55Z","fantasypros","Ricky White III",27186,NA,167,165,165,NA,0,NA,"ricky-white","sea","ricky-white|WR|sea",167
"Javon Baker","WR","PHI",168,166,0,166,166,"WR","J. Baker","WR","https://www.fantasypros.com/nfl/players/javon-baker.php","javon-baker.php","9",1,NA,NA,NA,NA,"WR168","1.7",2025,"2025-09-09T18:09:55Z","fantasypros","Javon Baker",22885,NA,168,166,166,NA,0,NA,"javon-baker","phi","javon-baker|WR|phi",168
