"player_name","team","passing_att","passing_cmp","passing_yds","passing_tds","passing_ints","rushing_att","rushing_yds","rushing_tds","misc_fl","misc_fpts","pos","year","week","pulled_at","source","player","fp_player_id","fantasypts","weekly_sd","weekly_floor","weekly_ceiling","fp_player_slug","team_clean","fp_key","weekly_avg","weekly_ecr_rank","weekly_ecr_best_rank","weekly_ecr_worst_rank","weekly_ecr_avg_rank","weekly_ecr_sd_rank","receiving_rec","receiving_yds","receiving_tds","fg","fga","xpt","fpts","sack","int","fr","ff","td","safety","pa","yds_agn","weekly_points_overall_rank","weekly_points_pos_rank"
"Denver Broncos",NA,NA,NA,NA,NA,NA,NA,NA,NA,NA,NA,"DST",2025,1,"2025-09-09T18:09:55Z","fantasypros","Denver Broncos",8090,8.3,NA,NA,NA,"denver-broncos","fa","denver-broncos|DST|fa",8.3,NA,NA,NA,NA,NA,NA,NA,NA,NA,NA,NA,8.3,3.1,0.8,0.6,1,0.2,0.1,17.2,291.9,150,1
"Washington Commanders",NA,NA,NA,NA,NA,NA,NA,NA,NA,NA,NA,"DST",2025,1,"2025-09-09T18:09:55Z","fantasypros","Washington Commanders",8310,8,NA,NA,NA,"washington-commanders","fa","washington-commanders|DST|fa",8,NA,NA,NA,NA,NA,NA,NA,NA,NA,NA,NA,8,3.4,0.7,0.6,1,0.2,0,19.8,329.4,157,2
"Los Angeles Rams",NA,NA,NA,NA,NA,NA,NA,NA,NA,NA,NA,"DST",2025,1,"2025-09-09T18:09:55Z","fantasypros","Los Angeles Rams",8280,7.8,NA,NA,NA,"los-angeles-rams","fa","los-angeles-rams|DST|fa",7.8,NA,NA,NA,NA,NA,NA,NA,NA,NA,NA,NA,7.8,3.4,0.7,0.5,0.8,0.1,0.1,19.8,334.5,163,3
"Pittsburgh Steelers",NA,NA,NA,NA,NA,NA,NA,NA,NA,NA,NA,"DST",2025,1,"2025-09-09T18:09:55Z","fantasypros","Pittsburgh Steelers",8240,7.6,NA,NA,NA,"pittsburgh-steelers","fa","pittsburgh-steelers|DST|fa",7.6,NA,NA,NA,NA,NA,NA,NA,NA,NA,NA,NA,7.6,2.7,0.7,0.7,1.2,0.2,0,17.1,296,173,4
"Cincinnati Bengals",NA,NA,NA,NA,NA,NA,NA,NA,NA,NA,NA,"DST",2025,1,"2025-09-09T18:09:55Z","fantasypros","Cincinnati Bengals",8060,7.2,NA,NA,NA,"cincinnati-bengals","fa","cincinnati-bengals|DST|fa",7.2,NA,NA,NA,NA,NA,NA,NA,NA,NA,NA,NA,7.2,3,1,0.6,1,0.2,0,20.5,339.9,182,5
"Arizona Cardinals",NA,NA,NA,NA,NA,NA,NA,NA,NA,NA,NA,"DST",2025,1,"2025-09-09T18:09:55Z","fantasypros","Arizona Cardinals",8000,7.2,NA,NA,NA,"arizona-cardinals","fa","arizona-cardinals|DST|fa",7.2,NA,NA,NA,NA,NA,NA,NA,NA,NA,NA,NA,7.2,2.6,0.8,0.5,0.8,0.2,0,18.7,313.2,183,6
"Philadelphia Eagles",NA,NA,NA,NA,NA,NA,NA,NA,NA,NA,NA,"DST",2025,1,"2025-09-09T18:09:55Z","fantasypros","Philadelphia Eagles",8230,7.1,NA,NA,NA,"philadelphia-eagles","fa","philadelphia-eagles|DST|fa",7.1,NA,NA,NA,NA,NA,NA,NA,NA,NA,NA,NA,7.1,2.7,0.8,0.8,1.5,0.2,0,20.6,332,190,7
"Chicago Bears",NA,NA,NA,NA,NA,NA,NA,NA,NA,NA,NA,"DST",2025,1,"2025-09-09T18:09:55Z","fantasypros","Chicago Bears",8050,7,NA,NA,NA,"chicago-bears","fa","chicago-bears|DST|fa",7,NA,NA,NA,NA,NA,NA,NA,NA,NA,NA,NA,7,2.9,0.9,0.7,1.1,0.2,0,21.7,359.4,192,8
"Minnesota Vikings",NA,NA,NA,NA,NA,NA,NA,NA,NA,NA,NA,"DST",2025,1,"2025-09-09T18:09:55Z","fantasypros","Minnesota Vikings",8170,6.9,NA,NA,NA,"minnesota-vikings","fa","minnesota-vikings|DST|fa",6.9,NA,NA,NA,NA,NA,NA,NA,NA,NA,NA,NA,6.9,3.6,0.6,0.6,0.9,0.1,0,20.9,291.7,198,9
"San Francisco 49ers",NA,NA,NA,NA,NA,NA,NA,NA,NA,NA,NA,"DST",2025,1,"2025-09-09T18:09:55Z","fantasypros","San Francisco 49ers",8270,6.8,NA,NA,NA,"san-francisco-49ers","fa","san-francisco-49ers|DST|fa",6.8,NA,NA,NA,NA,NA,NA,NA,NA,NA,NA,NA,6.8,2.9,1,0.5,0.8,0.2,0,21.8,321.3,201,10
"New York Giants",NA,NA,NA,NA,NA,NA,NA,NA,NA,NA,NA,"DST",2025,1,"2025-09-09T18:09:55Z","fantasypros","New York Giants",8200,6.7,NA,NA,NA,"new-york-giants","fa","new-york-giants|DST|fa",6.7,NA,NA,NA,NA,NA,NA,NA,NA,NA,NA,NA,6.7,3.3,0.6,0.7,1.1,0.1,0,27,352.7,206,11
"Las Vegas Raiders",NA,NA,NA,NA,NA,NA,NA,NA,NA,NA,NA,"DST",2025,1,"2025-09-09T18:09:55Z","fantasypros","Las Vegas Raiders",8220,6.6,NA,NA,NA,"las-vegas-raiders","fa","las-vegas-raiders|DST|fa",6.6,NA,NA,NA,NA,NA,NA,NA,NA,NA,NA,NA,6.6,3,0.8,0.6,0.8,0.1,0,23.7,337,213,12
"Cleveland Browns",NA,NA,NA,NA,NA,NA,NA,NA,NA,NA,NA,"DST",2025,1,"2025-09-09T18:09:55Z","fantasypros","Cleveland Browns",8070,6.3,NA,NA,NA,"cleveland-browns","fa","cleveland-browns|DST|fa",6.3,NA,NA,NA,NA,NA,NA,NA,NA,NA,NA,NA,6.3,3.1,0.6,0.5,0.9,0.1,0.1,26.2,357.8,218,13
"New England Patriots",NA,NA,NA,NA,NA,NA,NA,NA,NA,NA,NA,"DST",2025,1,"2025-09-09T18:09:55Z","fantasypros","New England Patriots",8180,6.2,NA,NA,NA,"new-england-patriots","fa","new-england-patriots|DST|fa",6.2,NA,NA,NA,NA,NA,NA,NA,NA,NA,NA,NA,6.2,2.7,0.8,0.5,0.8,0.2,0,20.1,324.5,220,14
"New York Jets",NA,NA,NA,NA,NA,NA,NA,NA,NA,NA,NA,"DST",2025,1,"2025-09-09T18:09:55Z","fantasypros","New York Jets",8210,6.2,NA,NA,NA,"new-york-jets","fa","new-york-jets|DST|fa",6.2,NA,NA,NA,NA,NA,NA,NA,NA,NA,NA,NA,6.2,2.8,0.6,0.6,1,0.2,0,20.8,317.9,221,15
"Tampa Bay Buccaneers",NA,NA,NA,NA,NA,NA,NA,NA,NA,NA,NA,"DST",2025,1,"2025-09-09T18:09:55Z","fantasypros","Tampa Bay Buccaneers",8290,6.2,NA,NA,NA,"tampa-bay-buccaneers","fa","tampa-bay-buccaneers|DST|fa",6.2,NA,NA,NA,NA,NA,NA,NA,NA,NA,NA,NA,6.2,2.3,0.8,0.6,0.9,0.2,0.1,22.3,347.4,222,16
"Green Bay Packers",NA,NA,NA,NA,NA,NA,NA,NA,NA,NA,NA,"DST",2025,1,"2025-09-09T18:09:55Z","fantasypros","Green Bay Packers",8110,6.1,NA,NA,NA,"green-bay-packers","fa","green-bay-packers|DST|fa",6.1,NA,NA,NA,NA,NA,NA,NA,NA,NA,NA,NA,6.1,2.5,0.7,0.6,1,0.2,0,22.9,358.8,226,17
"Miami Dolphins",NA,NA,NA,NA,NA,NA,NA,NA,NA,NA,NA,"DST",2025,1,"2025-09-09T18:09:55Z","fantasypros","Miami Dolphins",8160,6.1,NA,NA,NA,"miami-dolphins","fa","miami-dolphins|DST|fa",6.1,NA,NA,NA,NA,NA,NA,NA,NA,NA,NA,NA,6.1,2.6,0.7,0.5,0.8,0.2,0,23.7,319.1,227,18
"Atlanta Falcons",NA,NA,NA,NA,NA,NA,NA,NA,NA,NA,NA,"DST",2025,1,"2025-09-09T18:09:55Z","fantasypros","Atlanta Falcons",8010,6.1,NA,NA,NA,"atlanta-falcons","fa","atlanta-falcons|DST|fa",6.1,NA,NA,NA,NA,NA,NA,NA,NA,NA,NA,NA,6.1,2.6,0.8,0.5,0.8,0.1,0,26.3,365.7,228,19
"Kansas City Chiefs",NA,NA,NA,NA,NA,NA,NA,NA,NA,NA,NA,"DST",2025,1,"2025-09-09T18:09:55Z","fantasypros","Kansas City Chiefs",8150,5.9,NA,NA,NA,"kansas-city-chiefs","fa","kansas-city-chiefs|DST|fa",5.9,NA,NA,NA,NA,NA,NA,NA,NA,NA,NA,NA,5.9,2.9,0.6,0.5,0.8,0.1,0,21.6,320,233,20
"Seattle Seahawks",NA,NA,NA,NA,NA,NA,NA,NA,NA,NA,NA,"DST",2025,1,"2025-09-09T18:09:55Z","fantasypros","Seattle Seahawks",8260,5.9,NA,NA,NA,"seattle-seahawks","fa","seattle-seahawks|DST|fa",5.9,NA,NA,NA,NA,NA,NA,NA,NA,NA,NA,NA,5.9,2.4,0.8,0.5,0.9,0.2,0,21.3,359.6,234,21
"Indianapolis Colts",NA,NA,NA,NA,NA,NA,NA,NA,NA,NA,NA,"DST",2025,1,"2025-09-09T18:09:55Z","fantasypros","Indianapolis Colts",8130,5.8,NA,NA,NA,"indianapolis-colts","fa","indianapolis-colts|DST|fa",5.8,NA,NA,NA,NA,NA,NA,NA,NA,NA,NA,NA,5.8,2.4,0.7,0.6,1,0.2,0,23,357.3,238,22
"Dallas Cowboys",NA,NA,NA,NA,NA,NA,NA,NA,NA,NA,NA,"DST",2025,1,"2025-09-09T18:09:55Z","fantasypros","Dallas Cowboys",8080,5.8,NA,NA,NA,"dallas-cowboys","fa","dallas-cowboys|DST|fa",5.8,NA,NA,NA,NA,NA,NA,NA,NA,NA,NA,NA,5.8,2.8,0.5,0.5,1,0.1,0,29,367.9,239,23
"Los Angeles Chargers",NA,NA,NA,NA,NA,NA,NA,NA,NA,NA,NA,"DST",2025,1,"2025-09-09T18:09:55Z","fantasypros","Los Angeles Chargers",8250,5.8,NA,NA,NA,"los-angeles-chargers","fa","los-angeles-chargers|DST|fa",5.8,NA,NA,NA,NA,NA,NA,NA,NA,NA,NA,NA,5.8,2.4,0.7,0.5,0.8,0.2,0,24.4,349.9,240,24
"Houston Texans",NA,NA,NA,NA,NA,NA,NA,NA,NA,NA,NA,"DST",2025,1,"2025-09-09T18:09:55Z","fantasypros","Houston Texans",8120,5.7,NA,NA,NA,"houston-texans","fa","houston-texans|DST|fa",5.7,NA,NA,NA,NA,NA,NA,NA,NA,NA,NA,NA,5.7,2.5,0.7,0.5,0.8,0.1,0,23.3,334.7,241,25
"Jacksonville Jaguars",NA,NA,NA,NA,NA,NA,NA,NA,NA,NA,NA,"DST",2025,1,"2025-09-09T18:09:55Z","fantasypros","Jacksonville Jaguars",8140,5.7,NA,NA,NA,"jacksonville-jaguars","fa","jacksonville-jaguars|DST|fa",5.7,NA,NA,NA,NA,NA,NA,NA,NA,NA,NA,NA,5.7,2.3,0.7,0.5,0.7,0.2,0,21,320.3,242,26
"Buffalo Bills",NA,NA,NA,NA,NA,NA,NA,NA,NA,NA,NA,"DST",2025,1,"2025-09-09T18:09:55Z","fantasypros","Buffalo Bills",8030,5.4,NA,NA,NA,"buffalo-bills","fa","buffalo-bills|DST|fa",5.4,NA,NA,NA,NA,NA,NA,NA,NA,NA,NA,NA,5.4,2,0.5,0.7,1.3,0.2,0,25.3,396.3,253,27
"Detroit Lions",NA,NA,NA,NA,NA,NA,NA,NA,NA,NA,NA,"DST",2025,1,"2025-09-09T18:09:55Z","fantasypros","Detroit Lions",8100,5.3,NA,NA,NA,"detroit-lions","fa","detroit-lions|DST|fa",5.3,NA,NA,NA,NA,NA,NA,NA,NA,NA,NA,NA,5.3,1.7,0.7,0.6,0.8,0.2,0,24.8,347.4,256,28
"New Orleans Saints",NA,NA,NA,NA,NA,NA,NA,NA,NA,NA,NA,"DST",2025,1,"2025-09-09T18:09:55Z","fantasypros","New Orleans Saints",8190,5.2,NA,NA,NA,"new-orleans-saints","fa","new-orleans-saints|DST|fa",5.2,NA,NA,NA,NA,NA,NA,NA,NA,NA,NA,NA,5.2,2,0.7,0.5,0.7,0.1,0,23.8,369.7,258,29
"Carolina Panthers",NA,NA,NA,NA,NA,NA,NA,NA,NA,NA,NA,"DST",2025,1,"2025-09-09T18:09:55Z","fantasypros","Carolina Panthers",8040,5.1,NA,NA,NA,"carolina-panthers","fa","carolina-panthers|DST|fa",5.1,NA,NA,NA,NA,NA,NA,NA,NA,NA,NA,NA,5.1,1.9,0.7,0.5,0.8,0.1,0,25.2,358.4,260,30
"Baltimore Ravens",NA,NA,NA,NA,NA,NA,NA,NA,NA,NA,NA,"DST",2025,1,"2025-09-09T18:09:55Z","fantasypros","Baltimore Ravens",8020,4.8,NA,NA,NA,"baltimore-ravens","fa","baltimore-ravens|DST|fa",4.8,NA,NA,NA,NA,NA,NA,NA,NA,NA,NA,NA,4.8,1.8,0.7,0.4,0.7,0.1,0,25.6,346.2,277,31
"Tennessee Titans",NA,NA,NA,NA,NA,NA,NA,NA,NA,NA,NA,"DST",2025,1,"2025-09-09T18:09:55Z","fantasypros","Tennessee Titans",8300,4.8,NA,NA,NA,"tennessee-titans","fa","tennessee-titans|DST|fa",4.8,NA,NA,NA,NA,NA,NA,NA,NA,NA,NA,NA,4.8,1.9,0.6,0.5,0.8,0.1,0,25.5,340.4,278,32
"Chase McLaughlin",NA,NA,NA,NA,NA,NA,NA,NA,NA,NA,NA,"K",2025,1,"2025-09-09T18:09:55Z","fantasypros","Chase McLaughlin TB",19058,9.1,NA,NA,NA,"chase-mclaughlin-tb","fa","chase-mclaughlin-tb|K|fa",9.1,NA,NA,NA,NA,NA,NA,NA,NA,2.1,2,2.9,9.1,NA,NA,NA,NA,NA,NA,NA,NA,132,1
"Matt Gay",NA,NA,NA,NA,NA,NA,NA,NA,NA,NA,NA,"K",2025,1,"2025-09-09T18:09:55Z","fantasypros","Matt Gay WAS",18545,8.5,NA,NA,NA,"matt-gay-was","fa","matt-gay-was|K|fa",8.5,NA,NA,NA,NA,NA,NA,NA,NA,1.8,2.2,3,8.5,NA,NA,NA,NA,NA,NA,NA,NA,144,2
"Chris Boswell",NA,NA,NA,NA,NA,NA,NA,NA,NA,NA,NA,"K",2025,1,"2025-09-09T18:09:55Z","fantasypros","Chris Boswell PIT",13029,8.3,NA,NA,NA,"chris-boswell-pit","fa","chris-boswell-pit|K|fa",8.3,NA,NA,NA,NA,NA,NA,NA,NA,2.1,2,2.1,8.3,NA,NA,NA,NA,NA,NA,NA,NA,149,3
"Will Reichard",NA,NA,NA,NA,NA,NA,NA,NA,NA,NA,NA,"K",2025,1,"2025-09-09T18:09:55Z","fantasypros","Will Reichard MIN",26341,8.2,NA,NA,NA,"will-reichard-min","fa","will-reichard-min|K|fa",8.2,NA,NA,NA,NA,NA,NA,NA,NA,2,2.1,2.2,8.2,NA,NA,NA,NA,NA,NA,NA,NA,152,4
"Harrison Butker",NA,NA,NA,NA,NA,NA,NA,NA,NA,NA,NA,"K",2025,1,"2025-09-09T18:09:55Z","fantasypros","Harrison Butker KC",16712,8.2,NA,NA,NA,"harrison-butker-kc","fa","harrison-butker-kc|K|fa",8.2,NA,NA,NA,NA,NA,NA,NA,NA,2,2,2.3,8.2,NA,NA,NA,NA,NA,NA,NA,NA,153,5
"Cam Little",NA,NA,NA,NA,NA,NA,NA,NA,NA,NA,NA,"K",2025,1,"2025-09-09T18:09:55Z","fantasypros","Cam Little JAC",26475,8.1,NA,NA,NA,"cam-little-jac","fa","cam-little-jac|K|fa",8.1,NA,NA,NA,NA,NA,NA,NA,NA,1.9,2.1,2.5,8.1,NA,NA,NA,NA,NA,NA,NA,NA,155,6
"Jake Elliott",NA,NA,NA,NA,NA,NA,NA,NA,NA,NA,NA,"K",2025,1,"2025-09-09T18:09:55Z","fantasypros","Jake Elliott PHI",16540,7.9,NA,NA,NA,"jake-elliott-phi","fa","jake-elliott-phi|K|fa",7.9,NA,NA,NA,NA,NA,NA,NA,NA,1.6,2.1,3.1,7.9,NA,NA,NA,NA,NA,NA,NA,NA,159,7
"Wil Lutz",NA,NA,NA,NA,NA,NA,NA,NA,NA,NA,NA,"K",2025,1,"2025-09-09T18:09:55Z","fantasypros","Wil Lutz DEN",16026,7.8,NA,NA,NA,"wil-lutz-den","fa","wil-lutz-den|K|fa",7.8,NA,NA,NA,NA,NA,NA,NA,NA,1.7,2.2,2.8,7.8,NA,NA,NA,NA,NA,NA,NA,NA,162,8
"Chad Ryland",NA,NA,NA,NA,NA,NA,NA,NA,NA,NA,NA,"K",2025,1,"2025-09-09T18:09:55Z","fantasypros","Chad Ryland ARI",25354,7.7,NA,NA,NA,"chad-ryland-ari","fa","chad-ryland-ari|K|fa",7.7,NA,NA,NA,NA,NA,NA,NA,NA,1.8,2.1,2.4,7.7,NA,NA,NA,NA,NA,NA,NA,NA,165,9
"Cameron Dicker",NA,NA,NA,NA,NA,NA,NA,NA,NA,NA,NA,"K",2025,1,"2025-09-09T18:09:55Z","fantasypros","Cameron Dicker LAC",23901,7.7,NA,NA,NA,"cameron-dicker-lac","fa","cameron-dicker-lac|K|fa",7.7,NA,NA,NA,NA,NA,NA,NA,NA,1.9,2.2,2.1,7.7,NA,NA,NA,NA,NA,NA,NA,NA,166,10
"Brandon McManus",NA,NA,NA,NA,NA,NA,NA,NA,NA,NA,NA,"K",2025,1,"2025-09-09T18:09:55Z","fantasypros","Brandon McManus GB",13274,7.7,NA,NA,NA,"brandon-mcmanus-gb","fa","brandon-mcmanus-gb|K|fa",7.7,NA,NA,NA,NA,NA,NA,NA,NA,1.6,2.1,2.7,7.7,NA,NA,NA,NA,NA,NA,NA,NA,167,11
"Jake Bates",NA,NA,NA,NA,NA,NA,NA,NA,NA,NA,NA,"K",2025,1,"2025-09-09T18:09:55Z","fantasypros","Jake Bates DET",26075,7.7,NA,NA,NA,"jake-bates-det","fa","jake-bates-det|K|fa",7.7,NA,NA,NA,NA,NA,NA,NA,NA,1.7,1.8,2.6,7.7,NA,NA,NA,NA,NA,NA,NA,NA,168,12
"Jason Myers",NA,NA,NA,NA,NA,NA,NA,NA,NA,NA,NA,"K",2025,1,"2025-09-09T18:09:55Z","fantasypros","Jason Myers SEA",14003,7.6,NA,NA,NA,"jason-myers-sea","fa","jason-myers-sea|K|fa",7.6,NA,NA,NA,NA,NA,NA,NA,NA,1.8,2.1,2.2,7.6,NA,NA,NA,NA,NA,NA,NA,NA,171,13
"Brandon Aubrey",NA,NA,NA,NA,NA,NA,NA,NA,NA,NA,NA,"K",2025,1,"2025-09-09T18:09:55Z","fantasypros","Brandon Aubrey DAL",26068,7.6,NA,NA,NA,"brandon-aubrey-dal","fa","brandon-aubrey-dal|K|fa",7.6,NA,NA,NA,NA,NA,NA,NA,NA,1.9,2.1,2,7.6,NA,NA,NA,NA,NA,NA,NA,NA,172,14
"Riley Patterson",NA,NA,NA,NA,NA,NA,NA,NA,NA,NA,NA,"K",2025,1,"2025-09-09T18:09:55Z","fantasypros","Riley Patterson MIA",23370,7.5,NA,NA,NA,"riley-patterson-mia","fa","riley-patterson-mia|K|fa",7.5,NA,NA,NA,NA,NA,NA,NA,NA,1.7,2.2,2.3,7.5,NA,NA,NA,NA,NA,NA,NA,NA,175,15
"Joshua Karty",NA,NA,NA,NA,NA,NA,NA,NA,NA,NA,NA,"K",2025,1,"2025-09-09T18:09:55Z","fantasypros","Joshua Karty LAR",26478,7.5,NA,NA,NA,"joshua-karty-lar","fa","joshua-karty-lar|K|fa",7.5,NA,NA,NA,NA,NA,NA,NA,NA,1.8,2,2.1,7.5,NA,NA,NA,NA,NA,NA,NA,NA,176,16
"Matt Prater",NA,NA,NA,NA,NA,NA,NA,NA,NA,NA,NA,"K",2025,1,"2025-09-09T18:09:55Z","fantasypros","Matt Prater BUF",9443,7.5,NA,NA,NA,"matt-prater-buf","fa","matt-prater-buf|K|fa",7.5,NA,NA,NA,NA,NA,NA,NA,NA,1.6,1.8,2.6,7.5,NA,NA,NA,NA,NA,NA,NA,NA,177,17
"Evan McPherson",NA,NA,NA,NA,NA,NA,NA,NA,NA,NA,NA,"K",2025,1,"2025-09-09T18:09:55Z","fantasypros","Evan McPherson CIN",23297,7.4,NA,NA,NA,"evan-mcpherson-cin","fa","evan-mcpherson-cin|K|fa",7.4,NA,NA,NA,NA,NA,NA,NA,NA,1.5,2,2.8,7.4,NA,NA,NA,NA,NA,NA,NA,NA,178,18
"Daniel Carlson",NA,NA,NA,NA,NA,NA,NA,NA,NA,NA,NA,"K",2025,1,"2025-09-09T18:09:55Z","fantasypros","Daniel Carlson LV",17420,7.2,NA,NA,NA,"daniel-carlson-lv","fa","daniel-carlson-lv|K|fa",7.2,NA,NA,NA,NA,NA,NA,NA,NA,1.7,2,2,7.2,NA,NA,NA,NA,NA,NA,NA,NA,181,19
"Tyler Loop",NA,NA,NA,NA,NA,NA,NA,NA,NA,NA,NA,"K",2025,1,"2025-09-09T18:09:55Z","fantasypros","Tyler Loop BAL",27534,7.1,NA,NA,NA,"tyler-loop-bal","fa","tyler-loop-bal|K|fa",7.1,NA,NA,NA,NA,NA,NA,NA,NA,1.4,1.8,2.9,7.1,NA,NA,NA,NA,NA,NA,NA,NA,186,20
"Blake Grupe",NA,NA,NA,NA,NA,NA,NA,NA,NA,NA,NA,"K",2025,1,"2025-09-09T18:09:55Z","fantasypros","Blake Grupe NO",25533,7.1,NA,NA,NA,"blake-grupe-no","fa","blake-grupe-no|K|fa",7.1,NA,NA,NA,NA,NA,NA,NA,NA,1.7,2,2,7.1,NA,NA,NA,NA,NA,NA,NA,NA,187,21
"Younghoe Koo",NA,NA,NA,NA,NA,NA,NA,NA,NA,NA,NA,"K",2025,1,"2025-09-09T18:09:55Z","fantasypros","Younghoe Koo ATL",16910,7.1,NA,NA,NA,"younghoe-koo-atl","fa","younghoe-koo-atl|K|fa",7.1,NA,NA,NA,NA,NA,NA,NA,NA,1.6,2.1,2.4,7.1,NA,NA,NA,NA,NA,NA,NA,NA,188,22
"Spencer Shrader",NA,NA,NA,NA,NA,NA,NA,NA,NA,NA,NA,"K",2025,1,"2025-09-09T18:09:55Z","fantasypros","Spencer Shrader IND",26763,7.1,NA,NA,NA,"spencer-shrader-ind","fa","spencer-shrader-ind|K|fa",7.1,NA,NA,NA,NA,NA,NA,NA,NA,1.6,2,2.3,7.1,NA,NA,NA,NA,NA,NA,NA,NA,189,23
"Cairo Santos",NA,NA,NA,NA,NA,NA,NA,NA,NA,NA,NA,"K",2025,1,"2025-09-09T18:09:55Z","fantasypros","Cairo Santos CHI",13731,6.9,NA,NA,NA,"cairo-santos-chi","fa","cairo-santos-chi|K|fa",6.9,NA,NA,NA,NA,NA,NA,NA,NA,1.6,1.9,2.2,6.9,NA,NA,NA,NA,NA,NA,NA,NA,196,24
"Ka'imi Fairbairn",NA,NA,NA,NA,NA,NA,NA,NA,NA,NA,NA,"K",2025,1,"2025-09-09T18:09:55Z","fantasypros","Ka'imi Fairbairn HOU",15756,6.9,NA,NA,NA,"ka-imi-fairbairn-hou","fa","ka-imi-fairbairn-hou|K|fa",6.9,NA,NA,NA,NA,NA,NA,NA,NA,1.6,2,2.2,6.9,NA,NA,NA,NA,NA,NA,NA,NA,197,25
"Ryan Fitzgerald",NA,NA,NA,NA,NA,NA,NA,NA,NA,NA,NA,"K",2025,1,"2025-09-09T18:09:55Z","fantasypros","Ryan Fitzgerald CAR",27261,6.8,NA,NA,NA,"ryan-fitzgerald-car","fa","ryan-fitzgerald-car|K|fa",6.8,NA,NA,NA,NA,NA,NA,NA,NA,1.6,1.8,2,6.8,NA,NA,NA,NA,NA,NA,NA,NA,200,26
"Nick Folk",NA,NA,NA,NA,NA,NA,NA,NA,NA,NA,NA,"K",2025,1,"2025-09-09T18:09:55Z","fantasypros","Nick Folk NYJ",9491,6.7,NA,NA,NA,"nick-folk-nyj","fa","nick-folk-nyj|K|fa",6.7,NA,NA,NA,NA,NA,NA,NA,NA,1.6,1.8,1.8,6.7,NA,NA,NA,NA,NA,NA,NA,NA,204,27
"Andre Szmyt",NA,NA,NA,NA,NA,NA,NA,NA,NA,NA,NA,"K",2025,1,"2025-09-09T18:09:55Z","fantasypros","Andre Szmyt CLE",25713,6.7,NA,NA,NA,"andre-szmyt-cle","fa","andre-szmyt-cle|K|fa",6.7,NA,NA,NA,NA,NA,NA,NA,NA,1.6,1.8,1.9,6.7,NA,NA,NA,NA,NA,NA,NA,NA,205,28
"Andy Borregales",NA,NA,NA,NA,NA,NA,NA,NA,NA,NA,NA,"K",2025,1,"2025-09-09T18:09:55Z","fantasypros","Andy Borregales NE",27291,6.6,NA,NA,NA,"andy-borregales-ne","fa","andy-borregales-ne|K|fa",6.6,NA,NA,NA,NA,NA,NA,NA,NA,1.4,1.9,2.3,6.6,NA,NA,NA,NA,NA,NA,NA,NA,212,29
"Joey Slye",NA,NA,NA,NA,NA,NA,NA,NA,NA,NA,NA,"K",2025,1,"2025-09-09T18:09:55Z","fantasypros","Joey Slye TEN",19028,6,NA,NA,NA,"joey-slye-ten","fa","joey-slye-ten|K|fa",6,NA,NA,NA,NA,NA,NA,NA,NA,1.4,1.9,1.8,6,NA,NA,NA,NA,NA,NA,NA,NA,230,30
"Graham Gano",NA,NA,NA,NA,NA,NA,NA,NA,NA,NA,NA,"K",2025,1,"2025-09-09T18:09:55Z","fantasypros","Graham Gano NYG",9232,5.8,NA,NA,NA,"graham-gano-nyg","fa","graham-gano-nyg|K|fa",5.8,NA,NA,NA,NA,NA,NA,NA,NA,1.2,1.8,2.2,5.8,NA,NA,NA,NA,NA,NA,NA,NA,237,31
"Parker Romo",NA,NA,NA,NA,NA,NA,NA,NA,NA,NA,NA,"K",2025,1,"2025-09-09T18:09:55Z","fantasypros","Parker Romo ATL",24681,0,NA,NA,NA,"parker-romo-atl","fa","parker-romo-atl|K|fa",0,NA,NA,NA,NA,NA,NA,NA,NA,0,0,0,0,NA,NA,NA,NA,NA,NA,NA,NA,684,32
"Harrison Mevis",NA,NA,NA,NA,NA,NA,NA,NA,NA,NA,NA,"K",2025,1,"2025-09-09T18:09:55Z","fantasypros","Harrison Mevis NYJ",26638,0,NA,NA,NA,"harrison-mevis-nyj","fa","harrison-mevis-nyj|K|fa",0,NA,NA,NA,NA,NA,NA,NA,NA,0,0,0,0,NA,NA,NA,NA,NA,NA,NA,NA,685,33
"Jude McAtamney",NA,NA,NA,NA,NA,NA,NA,NA,NA,NA,NA,"K",2025,1,"2025-09-09T18:09:55Z","fantasypros","Jude McAtamney NYG",26940,0,NA,NA,NA,"jude-mcatamney-nyg","fa","jude-mcatamney-nyg|K|fa",0,NA,NA,NA,NA,NA,NA,NA,NA,0,0,0,0,NA,NA,NA,NA,NA,NA,NA,NA,686,34
"Jason Sanders",NA,NA,NA,NA,NA,NA,NA,NA,NA,NA,NA,"K",2025,1,"2025-09-09T18:09:55Z","fantasypros","Jason Sanders MIA",17533,0,NA,NA,NA,"jason-sanders-mia","fa","jason-sanders-mia|K|fa",0,NA,NA,NA,NA,NA,NA,NA,NA,0,0,0,0,NA,NA,NA,NA,NA,NA,NA,NA,687,35
"Jalen Hurts",NA,27.6,19,218.4,1.6,0.5,8.9,40.9,0.8,0.3,23.1,"QB",2025,1,"2025-09-09T18:09:55Z","fantasypros","Jalen Hurts",19275,23.1,NA,NA,NA,"jalen-hurts","fa","jalen-hurts|QB|fa",23.1,NA,NA,NA,NA,NA,NA,NA,NA,NA,NA,NA,NA,NA,NA,NA,NA,NA,NA,NA,NA,1,1
"Lamar Jackson",NA,29.2,20,235.9,1.8,0.4,7.9,51.3,0.2,0.3,22.4,"QB",2025,1,"2025-09-09T18:09:55Z","fantasypros","Lamar Jackson",17233,22.4,NA,NA,NA,"lamar-jackson","fa","lamar-jackson|QB|fa",22.4,NA,NA,NA,NA,NA,NA,NA,NA,NA,NA,NA,NA,NA,NA,NA,NA,NA,NA,NA,NA,2,2
"Jayden Daniels",NA,30.8,21.1,227.3,1.6,0.5,8.5,48.1,0.4,0.1,21.8,"QB",2025,1,"2025-09-09T18:09:55Z","fantasypros","Jayden Daniels",22902,21.8,NA,NA,NA,"jayden-daniels","fa","jayden-daniels|QB|fa",21.8,NA,NA,NA,NA,NA,NA,NA,NA,NA,NA,NA,NA,NA,NA,NA,NA,NA,NA,NA,NA,3,3
"Josh Allen",NA,32.5,20.7,240.7,1.6,0.5,7.3,33.8,0.5,0.2,21.6,"QB",2025,1,"2025-09-09T18:09:55Z","fantasypros","Josh Allen",17298,21.6,NA,NA,NA,"josh-allen","fa","josh-allen|QB|fa",21.6,NA,NA,NA,NA,NA,NA,NA,NA,NA,NA,NA,NA,NA,NA,NA,NA,NA,NA,NA,NA,4,4
"Joe Burrow",NA,36.1,24.6,278.3,2.2,0.7,3,11.5,0.1,0.2,20.5,"QB",2025,1,"2025-09-09T18:09:55Z","fantasypros","Joe Burrow",19196,20.5,NA,NA,NA,"joe-burrow","fa","joe-burrow|QB|fa",20.5,NA,NA,NA,NA,NA,NA,NA,NA,NA,NA,NA,NA,NA,NA,NA,NA,NA,NA,NA,NA,6,5
"Baker Mayfield",NA,33.4,23.6,254.2,2,0.9,4.1,18.2,0.1,0.2,19.5,"QB",2025,1,"2025-09-09T18:09:55Z","fantasypros","Baker Mayfield",17237,19.5,NA,NA,NA,"baker-mayfield","fa","baker-mayfield|QB|fa",19.5,NA,NA,NA,NA,NA,NA,NA,NA,NA,NA,NA,NA,NA,NA,NA,NA,NA,NA,NA,NA,8,6
"Patrick Mahomes II",NA,35.7,24.2,254,1.7,0.6,4.5,22.6,0.1,0.1,19.4,"QB",2025,1,"2025-09-09T18:09:55Z","fantasypros","Patrick Mahomes II",16413,19.4,NA,NA,NA,"patrick-mahomes","fa","patrick-mahomes|QB|fa",19.4,NA,NA,NA,NA,NA,NA,NA,NA,NA,NA,NA,NA,NA,NA,NA,NA,NA,NA,NA,NA,10,7
"Bo Nix",NA,33.5,22.3,227.8,1.7,0.5,5.5,26.4,0.2,0.1,19.1,"QB",2025,1,"2025-09-09T18:09:55Z","fantasypros","Bo Nix",22910,19.1,NA,NA,NA,"bo-nix","fa","bo-nix|QB|fa",19.1,NA,NA,NA,NA,NA,NA,NA,NA,NA,NA,NA,NA,NA,NA,NA,NA,NA,NA,NA,NA,12,8
"Kyler Murray",NA,32.4,21.5,234.4,1.4,0.8,5.5,35.7,0.3,0.2,18.9,"QB",2025,1,"2025-09-09T18:09:55Z","fantasypros","Kyler Murray",18600,18.9,NA,NA,NA,"kyler-murray","fa","kyler-murray|QB|fa",18.9,NA,NA,NA,NA,NA,NA,NA,NA,NA,NA,NA,NA,NA,NA,NA,NA,NA,NA,NA,NA,13,9
"Trevor Lawrence",NA,30.8,20,237,1.5,0.8,3.5,17.5,0.2,0.2,17.5,"QB",2025,1,"2025-09-09T18:09:55Z","fantasypros","Trevor Lawrence",19780,17.5,NA,NA,NA,"trevor-lawrence","fa","trevor-lawrence|QB|fa",17.5,NA,NA,NA,NA,NA,NA,NA,NA,NA,NA,NA,NA,NA,NA,NA,NA,NA,NA,NA,NA,20,10
"Drake Maye",NA,31,20.6,215.8,1.5,0.8,4.4,30.2,0.2,0.3,17.2,"QB",2025,1,"2025-09-09T18:09:55Z","fantasypros","Drake Maye",23046,17.2,NA,NA,NA,"drake-maye","fa","drake-maye|QB|fa",17.2,NA,NA,NA,NA,NA,NA,NA,NA,NA,NA,NA,NA,NA,NA,NA,NA,NA,NA,NA,NA,22,11
"Brock Purdy",NA,31.4,21,253.1,1.4,0.8,3.4,14.7,0.2,0.2,17.2,"QB",2025,1,"2025-09-09T18:09:55Z","fantasypros","Brock Purdy",19797,17.2,NA,NA,NA,"brock-purdy","fa","brock-purdy|QB|fa",17.2,NA,NA,NA,NA,NA,NA,NA,NA,NA,NA,NA,NA,NA,NA,NA,NA,NA,NA,NA,NA,23,12
"Dak Prescott",NA,36.7,23.6,251,1.6,0.9,2.5,10.2,0.1,0.2,16.7,"QB",2025,1,"2025-09-09T18:09:55Z","fantasypros","Dak Prescott",15600,16.7,NA,NA,NA,"dak-prescott","fa","dak-prescott|QB|fa",16.7,NA,NA,NA,NA,NA,NA,NA,NA,NA,NA,NA,NA,NA,NA,NA,NA,NA,NA,NA,NA,28,13
"Jordan Love",NA,31.3,19.8,235.5,1.6,0.8,2.5,10.7,0.1,0.1,16.5,"QB",2025,1,"2025-09-09T18:09:55Z","fantasypros","Jordan Love",19246,16.5,NA,NA,NA,"jordan-love","fa","jordan-love|QB|fa",16.5,NA,NA,NA,NA,NA,NA,NA,NA,NA,NA,NA,NA,NA,NA,NA,NA,NA,NA,NA,NA,30,14
"Justin Fields",NA,28.9,17.8,194.8,1,0.8,7.4,39.9,0.4,0.3,16.5,"QB",2025,1,"2025-09-09T18:09:55Z","fantasypros","Justin Fields",19781,16.5,NA,NA,NA,"justin-fields","fa","justin-fields|QB|fa",16.5,NA,NA,NA,NA,NA,NA,NA,NA,NA,NA,NA,NA,NA,NA,NA,NA,NA,NA,NA,NA,31,15
"Justin Herbert",NA,31.8,20.7,231.8,1.4,0.4,3.9,16.8,0.1,0.2,16.5,"QB",2025,1,"2025-09-09T18:09:55Z","fantasypros","Justin Herbert",18635,16.5,NA,NA,NA,"justin-herbert","fa","justin-herbert|QB|fa",16.5,NA,NA,NA,NA,NA,NA,NA,NA,NA,NA,NA,NA,NA,NA,NA,NA,NA,NA,NA,NA,32,16
"J.J. McCarthy",NA,33.1,21.7,242.2,1.4,0.9,3.3,15,0.1,0.2,16.2,"QB",2025,1,"2025-09-09T18:09:55Z","fantasypros","J.J. McCarthy",23018,16.2,NA,NA,NA,"j-j-mccarthy","fa","j-j-mccarthy|QB|fa",16.2,NA,NA,NA,NA,NA,NA,NA,NA,NA,NA,NA,NA,NA,NA,NA,NA,NA,NA,NA,NA,37,17
"Tua Tagovailoa",NA,34.5,24.3,255.8,1.6,0.8,1.8,5.8,0,0.2,16.1,"QB",2025,1,"2025-09-09T18:09:55Z","fantasypros","Tua Tagovailoa",19198,16.1,NA,NA,NA,"tua-tagovailoa","fa","tua-tagovailoa|QB|fa",16.1,NA,NA,NA,NA,NA,NA,NA,NA,NA,NA,NA,NA,NA,NA,NA,NA,NA,NA,NA,NA,39,18
"Jared Goff",NA,32.9,22.6,253.4,1.6,0.8,1.7,4,0,0.2,16,"QB",2025,1,"2025-09-09T18:09:55Z","fantasypros","Jared Goff",15501,16,NA,NA,NA,"jared-goff","fa","jared-goff|QB|fa",16,NA,NA,NA,NA,NA,NA,NA,NA,NA,NA,NA,NA,NA,NA,NA,NA,NA,NA,NA,NA,40,19
"C.J. Stroud",NA,34,21.7,250.1,1.3,0.7,3.2,14.3,0.1,0.2,16,"QB",2025,1,"2025-09-09T18:09:55Z","fantasypros","C.J. Stroud",23071,16,NA,NA,NA,"c-j-stroud","fa","c-j-stroud|QB|fa",16,NA,NA,NA,NA,NA,NA,NA,NA,NA,NA,NA,NA,NA,NA,NA,NA,NA,NA,NA,NA,41,20
"Caleb Williams",NA,31.8,20.5,217.8,1.3,0.7,5,25.9,0.1,0.3,15.8,"QB",2025,1,"2025-09-09T18:09:55Z","fantasypros","Caleb Williams",23084,15.8,NA,NA,NA,"caleb-williams","fa","caleb-williams|QB|fa",15.8,NA,NA,NA,NA,NA,NA,NA,NA,NA,NA,NA,NA,NA,NA,NA,NA,NA,NA,NA,NA,43,21
"Geno Smith",NA,34,22.8,247,1.3,0.8,3,12.7,0.1,0.1,15.8,"QB",2025,1,"2025-09-09T18:09:55Z","fantasypros","Geno Smith",11687,15.8,NA,NA,NA,"geno-smith","fa","geno-smith|QB|fa",15.8,NA,NA,NA,NA,NA,NA,NA,NA,NA,NA,NA,NA,NA,NA,NA,NA,NA,NA,NA,NA,44,22
"Daniel Jones",NA,30.1,18.7,204,1.2,0.7,5.8,27.2,0.2,0.3,15.8,"QB",2025,1,"2025-09-09T18:09:55Z","fantasypros","Daniel Jones",18232,15.8,NA,NA,NA,"daniel-jones","fa","daniel-jones|QB|fa",15.8,NA,NA,NA,NA,NA,NA,NA,NA,NA,NA,NA,NA,NA,NA,NA,NA,NA,NA,NA,NA,45,23
"Bryce Young",NA,31.5,20.2,216.8,1.3,0.7,3.4,18.4,0.2,0.2,15.6,"QB",2025,1,"2025-09-09T18:09:55Z","fantasypros","Bryce Young",22900,15.6,NA,NA,NA,"bryce-young","fa","bryce-young|QB|fa",15.6,NA,NA,NA,NA,NA,NA,NA,NA,NA,NA,NA,NA,NA,NA,NA,NA,NA,NA,NA,NA,50,24
"Michael Penix Jr.",NA,32.1,20.8,234.7,1.3,0.8,3.2,11.1,0.2,0.2,15.5,"QB",2025,1,"2025-09-09T18:09:55Z","fantasypros","Michael Penix Jr.",22973,15.5,NA,NA,NA,"michael-penix","fa","michael-penix|QB|fa",15.5,NA,NA,NA,NA,NA,NA,NA,NA,NA,NA,NA,NA,NA,NA,NA,NA,NA,NA,NA,NA,52,25
"Matthew Stafford",NA,32.4,20.5,238.5,1.5,0.6,1.8,4.2,0,0.1,15.4,"QB",2025,1,"2025-09-09T18:09:55Z","fantasypros","Matthew Stafford",9451,15.4,NA,NA,NA,"matthew-stafford","fa","matthew-stafford|QB|fa",15.4,NA,NA,NA,NA,NA,NA,NA,NA,NA,NA,NA,NA,NA,NA,NA,NA,NA,NA,NA,NA,53,26
"Russell Wilson",NA,31.9,20.3,226.1,1.3,0.7,3.6,14.9,0.1,0.2,15.4,"QB",2025,1,"2025-09-09T18:09:55Z","fantasypros","Russell Wilson",11180,15.4,NA,NA,NA,"russell-wilson","fa","russell-wilson|QB|fa",15.4,NA,NA,NA,NA,NA,NA,NA,NA,NA,NA,NA,NA,NA,NA,NA,NA,NA,NA,NA,NA,54,27
"Sam Darnold",NA,32.6,21.2,229.5,1.3,1,3.6,12.5,0.1,0.2,14.9,"QB",2025,1,"2025-09-09T18:09:55Z","fantasypros","Sam Darnold",17236,14.9,NA,NA,NA,"sam-darnold","fa","sam-darnold|QB|fa",14.9,NA,NA,NA,NA,NA,NA,NA,NA,NA,NA,NA,NA,NA,NA,NA,NA,NA,NA,NA,NA,59,28
"Joe Flacco",NA,35,22.4,250,1.5,1,1.3,4.1,0,0.3,14.8,"QB",2025,1,"2025-09-09T18:09:55Z","fantasypros","Joe Flacco",9300,14.8,NA,NA,NA,"joe-flacco","fa","joe-flacco|QB|fa",14.8,NA,NA,NA,NA,NA,NA,NA,NA,NA,NA,NA,NA,NA,NA,NA,NA,NA,NA,NA,NA,61,29
"Cam Ward",NA,31,19.7,211.9,1.1,0.8,4.1,17.1,0.1,0.2,14.1,"QB",2025,1,"2025-09-09T18:09:55Z","fantasypros","Cam Ward",24755,14.1,NA,NA,NA,"cam-ward","fa","cam-ward|QB|fa",14.1,NA,NA,NA,NA,NA,NA,NA,NA,NA,NA,NA,NA,NA,NA,NA,NA,NA,NA,NA,NA,69,30
"Aaron Rodgers",NA,33,21,222.8,1.4,0.6,1.6,5.8,0,0.2,14.1,"QB",2025,1,"2025-09-09T18:09:55Z","fantasypros","Aaron Rodgers",9001,14.1,NA,NA,NA,"aaron-rodgers","fa","aaron-rodgers|QB|fa",14.1,NA,NA,NA,NA,NA,NA,NA,NA,NA,NA,NA,NA,NA,NA,NA,NA,NA,NA,NA,NA,70,31
"Spencer Rattler",NA,31.5,19.3,209.9,1.1,0.8,3.7,19.4,0.1,0.3,13.6,"QB",2025,1,"2025-09-09T18:09:55Z","fantasypros","Spencer Rattler",23081,13.6,NA,NA,NA,"spencer-rattler","fa","spencer-rattler|QB|fa",13.6,NA,NA,NA,NA,NA,NA,NA,NA,NA,NA,NA,NA,NA,NA,NA,NA,NA,NA,NA,NA,74,32
"Jalen Milroe",NA,0.7,0.5,4.5,0.1,0,1.8,8.7,0.1,0,1.9,"QB",2025,1,"2025-09-09T18:09:55Z","fantasypros","Jalen Milroe",22884,1.9,NA,NA,NA,"jalen-milroe","fa","jalen-milroe|QB|fa",1.9,NA,NA,NA,NA,NA,NA,NA,NA,NA,NA,NA,NA,NA,NA,NA,NA,NA,NA,NA,NA,361,33
"Mason Rudolph",NA,0.7,0.5,5.1,0,0,1.4,6.3,0.1,0,1.3,"QB",2025,1,"2025-09-09T18:09:55Z","fantasypros","Mason Rudolph",17234,1.3,NA,NA,NA,"mason-rudolph","fa","mason-rudolph|QB|fa",1.3,NA,NA,NA,NA,NA,NA,NA,NA,NA,NA,NA,NA,NA,NA,NA,NA,NA,NA,NA,NA,393,34
"Jaxson Dart",NA,0.9,0.5,5.1,0,0,0.1,1.7,0,0,0.6,"QB",2025,1,"2025-09-09T18:09:55Z","fantasypros","Jaxson Dart",23160,0.6,NA,NA,NA,"jaxson-dart","fa","jaxson-dart|QB|fa",0.6,NA,NA,NA,NA,NA,NA,NA,NA,NA,NA,NA,NA,NA,NA,NA,NA,NA,NA,NA,NA,425,35
"Cooper Rush",NA,0.7,0.5,6.2,0.1,0,0.2,1,0,0,0.6,"QB",2025,1,"2025-09-09T18:09:55Z","fantasypros","Cooper Rush",16477,0.6,NA,NA,NA,"cooper-rush","fa","cooper-rush|QB|fa",0.6,NA,NA,NA,NA,NA,NA,NA,NA,NA,NA,NA,NA,NA,NA,NA,NA,NA,NA,NA,NA,426,36
"Jake Browning",NA,0.9,0.6,7.2,0.1,0,0.1,0.5,0,0,0.6,"QB",2025,1,"2025-09-09T18:09:55Z","fantasypros","Jake Browning",18557,0.6,NA,NA,NA,"jake-browning","fa","jake-browning|QB|fa",0.6,NA,NA,NA,NA,NA,NA,NA,NA,NA,NA,NA,NA,NA,NA,NA,NA,NA,NA,NA,NA,427,37
"Marcus Mariota",NA,0.8,0.6,5.9,0.1,0,0.2,0.9,0,0,0.6,"QB",2025,1,"2025-09-09T18:09:55Z","fantasypros","Marcus Mariota",13890,0.6,NA,NA,NA,"marcus-mariota","fa","marcus-mariota|QB|fa",0.6,NA,NA,NA,NA,NA,NA,NA,NA,NA,NA,NA,NA,NA,NA,NA,NA,NA,NA,NA,NA,428,38
"Nick Mullens",NA,0.8,0.6,6.4,0.1,0,0.2,0.6,0,0,0.6,"QB",2025,1,"2025-09-09T18:09:55Z","fantasypros","Nick Mullens",16726,0.6,NA,NA,NA,"nick-mullens","fa","nick-mullens|QB|fa",0.6,NA,NA,NA,NA,NA,NA,NA,NA,NA,NA,NA,NA,NA,NA,NA,NA,NA,NA,NA,NA,429,39
"Zach Wilson",NA,0.9,0.7,6.5,0.1,0,0.2,0.8,0,0,0.6,"QB",2025,1,"2025-09-09T18:09:55Z","fantasypros","Zach Wilson",22679,0.6,NA,NA,NA,"zach-wilson","fa","zach-wilson|QB|fa",0.6,NA,NA,NA,NA,NA,NA,NA,NA,NA,NA,NA,NA,NA,NA,NA,NA,NA,NA,NA,NA,430,40
"Gardner Minshew II",NA,0.9,0.6,6.3,0.1,0,0.2,0.6,0,0,0.5,"QB",2025,1,"2025-09-09T18:09:55Z","fantasypros","Gardner Minshew II",18562,0.5,NA,NA,NA,"gardner-minshew","fa","gardner-minshew|QB|fa",0.5,NA,NA,NA,NA,NA,NA,NA,NA,NA,NA,NA,NA,NA,NA,NA,NA,NA,NA,NA,NA,434,41
"Jacoby Brissett",NA,0.8,0.6,6,0.1,0,0.2,0.8,0,0,0.5,"QB",2025,1,"2025-09-09T18:09:55Z","fantasypros","Jacoby Brissett",15642,0.5,NA,NA,NA,"jacoby-brissett","fa","jacoby-brissett|QB|fa",0.5,NA,NA,NA,NA,NA,NA,NA,NA,NA,NA,NA,NA,NA,NA,NA,NA,NA,NA,NA,NA,435,42
"Carson Wentz",NA,0.9,0.6,6.7,0.1,0.1,0.2,0.7,0,0,0.5,"QB",2025,1,"2025-09-09T18:09:55Z","fantasypros","Carson Wentz",15520,0.5,NA,NA,NA,"carson-wentz","fa","carson-wentz|QB|fa",0.5,NA,NA,NA,NA,NA,NA,NA,NA,NA,NA,NA,NA,NA,NA,NA,NA,NA,NA,NA,NA,436,43
"Joshua Dobbs",NA,0.8,0.6,5.3,0.1,0,0.2,0.8,0,0,0.5,"QB",2025,1,"2025-09-09T18:09:55Z","fantasypros","Joshua Dobbs",16417,0.5,NA,NA,NA,"joshua-dobbs","fa","joshua-dobbs|QB|fa",0.5,NA,NA,NA,NA,NA,NA,NA,NA,NA,NA,NA,NA,NA,NA,NA,NA,NA,NA,NA,NA,437,44
"Jarrett Stidham",NA,0.9,0.5,5.6,0.1,0,0.2,0.6,0,0,0.5,"QB",2025,1,"2025-09-09T18:09:55Z","fantasypros","Jarrett Stidham",18604,0.5,NA,NA,NA,"jarrett-stidham","fa","jarrett-stidham|QB|fa",0.5,NA,NA,NA,NA,NA,NA,NA,NA,NA,NA,NA,NA,NA,NA,NA,NA,NA,NA,NA,NA,438,45
"Mac Jones",NA,0.8,0.5,5.9,0.1,0,0.2,0.6,0,0,0.5,"QB",2025,1,"2025-09-09T18:09:55Z","fantasypros","Mac Jones",20156,0.5,NA,NA,NA,"mac-jones","fa","mac-jones|QB|fa",0.5,NA,NA,NA,NA,NA,NA,NA,NA,NA,NA,NA,NA,NA,NA,NA,NA,NA,NA,NA,NA,439,46
"Sam Howell",NA,0.6,0.4,5.1,0.1,0,0.2,0.9,0,0,0.5,"QB",2025,1,"2025-09-09T18:09:55Z","fantasypros","Sam Howell",23045,0.5,NA,NA,NA,"sam-howell","fa","sam-howell|QB|fa",0.5,NA,NA,NA,NA,NA,NA,NA,NA,NA,NA,NA,NA,NA,NA,NA,NA,NA,NA,NA,NA,440,47
"Malik Willis",NA,0.8,0.4,5.5,0.1,0,0.2,0.8,0,0,0.5,"QB",2025,1,"2025-09-09T18:09:55Z","fantasypros","Malik Willis",23499,0.5,NA,NA,NA,"malik-willis","fa","malik-willis|QB|fa",0.5,NA,NA,NA,NA,NA,NA,NA,NA,NA,NA,NA,NA,NA,NA,NA,NA,NA,NA,NA,NA,441,48
"Jimmy Garoppolo",NA,0.8,0.5,6.3,0.1,0,0.1,0.2,0,0,0.5,"QB",2025,1,"2025-09-09T18:09:55Z","fantasypros","Jimmy Garoppolo",12208,0.5,NA,NA,NA,"jimmy-garoppolo","fa","jimmy-garoppolo|QB|fa",0.5,NA,NA,NA,NA,NA,NA,NA,NA,NA,NA,NA,NA,NA,NA,NA,NA,NA,NA,NA,NA,442,49
"Joe Milton III",NA,0.9,0.6,6,0.1,0,0.1,0.5,0,0,0.5,"QB",2025,1,"2025-09-09T18:09:55Z","fantasypros","Joe Milton III",25967,0.5,NA,NA,NA,"joe-milton","fa","joe-milton|QB|fa",0.5,NA,NA,NA,NA,NA,NA,NA,NA,NA,NA,NA,NA,NA,NA,NA,NA,NA,NA,NA,NA,443,50
"Andy Dalton",NA,0.8,0.6,5.8,0.1,0,0.1,0.5,0,0,0.5,"QB",2025,1,"2025-09-09T18:09:55Z","fantasypros","Andy Dalton",9907,0.5,NA,NA,NA,"andy-dalton","fa","andy-dalton|QB|fa",0.5,NA,NA,NA,NA,NA,NA,NA,NA,NA,NA,NA,NA,NA,NA,NA,NA,NA,NA,NA,NA,444,51
"Davis Mills",NA,0.8,0.5,5.5,0.1,0,0.2,0.6,0,0,0.5,"QB",2025,1,"2025-09-09T18:09:55Z","fantasypros","Davis Mills",22799,0.5,NA,NA,NA,"davis-mills","fa","davis-mills|QB|fa",0.5,NA,NA,NA,NA,NA,NA,NA,NA,NA,NA,NA,NA,NA,NA,NA,NA,NA,NA,NA,NA,445,52
"Mitchell Trubisky",NA,0.8,0.5,5.5,0.1,0,0.2,0.6,0,0,0.5,"QB",2025,1,"2025-09-09T18:09:55Z","fantasypros","Mitchell Trubisky",16381,0.5,NA,NA,NA,"mitchell-trubisky","fa","mitchell-trubisky|QB|fa",0.5,NA,NA,NA,NA,NA,NA,NA,NA,NA,NA,NA,NA,NA,NA,NA,NA,NA,NA,NA,NA,446,53
"Kenny Pickett",NA,0.9,0.6,5.7,0.1,0,0.1,0.5,0,0,0.5,"QB",2025,1,"2025-09-09T18:09:55Z","fantasypros","Kenny Pickett",22722,0.5,NA,NA,NA,"kenny-pickett","fa","kenny-pickett|QB|fa",0.5,NA,NA,NA,NA,NA,NA,NA,NA,NA,NA,NA,NA,NA,NA,NA,NA,NA,NA,NA,NA,447,54
"Kirk Cousins",NA,0.8,0.6,6.2,0.1,0,0.2,0.3,0,0,0.5,"QB",2025,1,"2025-09-09T18:09:55Z","fantasypros","Kirk Cousins",11177,0.5,NA,NA,NA,"kirk-cousins","fa","kirk-cousins|QB|fa",0.5,NA,NA,NA,NA,NA,NA,NA,NA,NA,NA,NA,NA,NA,NA,NA,NA,NA,NA,NA,NA,448,55
"Tyrod Taylor",NA,0.8,0.5,5,0.1,0,0.1,0.5,0,0,0.5,"QB",2025,1,"2025-09-09T18:09:55Z","fantasypros","Tyrod Taylor",10007,0.5,NA,NA,NA,"tyrod-taylor","fa","tyrod-taylor|QB|fa",0.5,NA,NA,NA,NA,NA,NA,NA,NA,NA,NA,NA,NA,NA,NA,NA,NA,NA,NA,NA,NA,449,56
"Tyson Bagent",NA,0.8,0.5,4.8,0.1,0,0.1,0.5,0,0,0.5,"QB",2025,1,"2025-09-09T18:09:55Z","fantasypros","Tyson Bagent",25321,0.5,NA,NA,NA,"tyson-bagent","fa","tyson-bagent|QB|fa",0.5,NA,NA,NA,NA,NA,NA,NA,NA,NA,NA,NA,NA,NA,NA,NA,NA,NA,NA,NA,NA,450,57
"Teddy Bridgewater",NA,0.6,0.5,4.7,0.1,0,0.1,0.3,0,0,0.5,"QB",2025,1,"2025-09-09T18:09:55Z","fantasypros","Teddy Bridgewater",12088,0.5,NA,NA,NA,"teddy-bridgewater","fa","teddy-bridgewater|QB|fa",0.5,NA,NA,NA,NA,NA,NA,NA,NA,NA,NA,NA,NA,NA,NA,NA,NA,NA,NA,NA,NA,451,58
"Tyler Shough",NA,0.8,0.5,4.9,0.1,0,0.1,0.5,0,0,0.4,"QB",2025,1,"2025-09-09T18:09:55Z","fantasypros","Tyler Shough",23096,0.4,NA,NA,NA,"tyler-shough","fa","tyler-shough|QB|fa",0.4,NA,NA,NA,NA,NA,NA,NA,NA,NA,NA,NA,NA,NA,NA,NA,NA,NA,NA,NA,NA,457,59
"Brandon Allen",NA,0.7,0.5,4.8,0.1,0,0.1,0.3,0,0,0.4,"QB",2025,1,"2025-09-09T18:09:55Z","fantasypros","Brandon Allen",15745,0.4,NA,NA,NA,"brandon-allen","fa","brandon-allen|QB|fa",0.4,NA,NA,NA,NA,NA,NA,NA,NA,NA,NA,NA,NA,NA,NA,NA,NA,NA,NA,NA,NA,458,60
"Anthony Richardson Sr.",NA,0.6,0.4,4.3,0.1,0,0.2,0.7,0,0,0.4,"QB",2025,1,"2025-09-09T18:09:55Z","fantasypros","Anthony Richardson Sr.",24347,0.4,NA,NA,NA,"anthony-richardson","fa","anthony-richardson|QB|fa",0.4,NA,NA,NA,NA,NA,NA,NA,NA,NA,NA,NA,NA,NA,NA,NA,NA,NA,NA,NA,NA,459,61
"Drew Lock",NA,0.7,0.5,4.6,0.1,0.1,0.1,0.5,0,0,0.4,"QB",2025,1,"2025-09-09T18:09:55Z","fantasypros","Drew Lock",18225,0.4,NA,NA,NA,"drew-lock","fa","drew-lock|QB|fa",0.4,NA,NA,NA,NA,NA,NA,NA,NA,NA,NA,NA,NA,NA,NA,NA,NA,NA,NA,NA,NA,460,62
"Dillon Gabriel",NA,0.6,0.4,3.7,0.1,0,0.1,0.3,0,0,0.4,"QB",2025,1,"2025-09-09T18:09:55Z","fantasypros","Dillon Gabriel",23150,0.4,NA,NA,NA,"dillon-gabriel","fa","dillon-gabriel|QB|fa",0.4,NA,NA,NA,NA,NA,NA,NA,NA,NA,NA,NA,NA,NA,NA,NA,NA,NA,NA,NA,NA,461,63
"Trey Lance",NA,0.8,0.5,5,0,0,0.2,0.6,0,0,0.3,"QB",2025,1,"2025-09-09T18:09:55Z","fantasypros","Trey Lance",20082,0.3,NA,NA,NA,"trey-lance","fa","trey-lance|QB|fa",0.3,NA,NA,NA,NA,NA,NA,NA,NA,NA,NA,NA,NA,NA,NA,NA,NA,NA,NA,NA,NA,467,64
"Kyle Allen",NA,0.5,0.4,4.8,0,0,0.1,0.1,0,0,0.2,"QB",2025,1,"2025-09-09T18:09:55Z","fantasypros","Kyle Allen",17869,0.2,NA,NA,NA,"kyle-allen","fa","kyle-allen|QB|fa",0.2,NA,NA,NA,NA,NA,NA,NA,NA,NA,NA,NA,NA,NA,NA,NA,NA,NA,NA,NA,NA,475,65
"Josh Johnson",NA,0,0,0,0,0,0,0,0,0,0,"QB",2025,1,"2025-09-09T18:09:55Z","fantasypros","Josh Johnson",9326,0,NA,NA,NA,"josh-johnson","fa","josh-johnson|QB|fa",0,NA,NA,NA,NA,NA,NA,NA,NA,NA,NA,NA,NA,NA,NA,NA,NA,NA,NA,NA,NA,481,66
"Case Keenum",NA,0,0,0,0,0,0,0,0,0,0,"QB",2025,1,"2025-09-09T18:09:55Z","fantasypros","Case Keenum",11425,0,NA,NA,NA,"case-keenum","fa","case-keenum|QB|fa",0,NA,NA,NA,NA,NA,NA,NA,NA,NA,NA,NA,NA,NA,NA,NA,NA,NA,NA,NA,NA,482,67
"Jameis Winston",NA,0,0,0,0,0,0,0,0,0,0,"QB",2025,1,"2025-09-09T18:09:55Z","fantasypros","Jameis Winston",13891,0,NA,NA,NA,"jameis-winston","fa","jameis-winston|QB|fa",0,NA,NA,NA,NA,NA,NA,NA,NA,NA,NA,NA,NA,NA,NA,NA,NA,NA,NA,NA,NA,483,68
"Trevor Siemian",NA,0,0,0,0,0,0,0,0,0,0,"QB",2025,1,"2025-09-09T18:09:55Z","fantasypros","Trevor Siemian",14142,0,NA,NA,NA,"trevor-siemian","fa","trevor-siemian|QB|fa",0,NA,NA,NA,NA,NA,NA,NA,NA,NA,NA,NA,NA,NA,NA,NA,NA,NA,NA,NA,NA,484,69
"Jeff Driskel",NA,0,0,0,0,0,0,0,0,0,0,"QB",2025,1,"2025-09-09T18:09:55Z","fantasypros","Jeff Driskel",15615,0,NA,NA,NA,"jeff-driskel","fa","jeff-driskel|QB|fa",0,NA,NA,NA,NA,NA,NA,NA,NA,NA,NA,NA,NA,NA,NA,NA,NA,NA,NA,NA,NA,485,70
"Deshaun Watson",NA,0,0,0,0,0,0,0,0,0,0,"QB",2025,1,"2025-09-09T18:09:55Z","fantasypros","Deshaun Watson",16398,0,NA,NA,NA,"deshaun-watson","fa","deshaun-watson|QB|fa",0,NA,NA,NA,NA,NA,NA,NA,NA,NA,NA,NA,NA,NA,NA,NA,NA,NA,NA,NA,NA,486,71
"C.J. Beathard",NA,0,0,0,0,0,0,0,0,0,0,"QB",2025,1,"2025-09-09T18:09:55Z","fantasypros","C.J. Beathard",16419,0,NA,NA,NA,"c-j-beathard","fa","c-j-beathard|QB|fa",0,NA,NA,NA,NA,NA,NA,NA,NA,NA,NA,NA,NA,NA,NA,NA,NA,NA,NA,NA,NA,487,72
"Brett Rypien",NA,0,0,0,0,0,0,0,0,0,0,"QB",2025,1,"2025-09-09T18:09:55Z","fantasypros","Brett Rypien",18323,0,NA,NA,NA,"brett-rypien","fa","brett-rypien|QB|fa",0,NA,NA,NA,NA,NA,NA,NA,NA,NA,NA,NA,NA,NA,NA,NA,NA,NA,NA,NA,NA,488,73
"Easton Stick",NA,0,0,0,0,0,0,0,0,0,0,"QB",2025,1,"2025-09-09T18:09:55Z","fantasypros","Easton Stick",18446,0,NA,NA,NA,"easton-stick","fa","easton-stick|QB|fa",0,NA,NA,NA,NA,NA,NA,NA,NA,NA,NA,NA,NA,NA,NA,NA,NA,NA,NA,NA,NA,489,74
"Tyler Huntley",NA,0,0,0,0,0,0,0,0,0,0,"QB",2025,1,"2025-09-09T18:09:55Z","fantasypros","Tyler Huntley",19297,0,NA,NA,NA,"tyler-huntley","fa","tyler-huntley|QB|fa",0,NA,NA,NA,NA,NA,NA,NA,NA,NA,NA,NA,NA,NA,NA,NA,NA,NA,NA,NA,NA,490,75
"Shane Buechele",NA,0,0,0,0,0,0,0,0,0,0,"QB",2025,1,"2025-09-09T18:09:55Z","fantasypros","Shane Buechele",19376,0,NA,NA,NA,"shane-buechele","fa","shane-buechele|QB|fa",0,NA,NA,NA,NA,NA,NA,NA,NA,NA,NA,NA,NA,NA,NA,NA,NA,NA,NA,NA,NA,491,76
"Sam Ehlinger",NA,0,0,0,0,0,0,0,0,0,0,"QB",2025,1,"2025-09-09T18:09:55Z","fantasypros","Sam Ehlinger",19803,0,NA,NA,NA,"sam-ehlinger","fa","sam-ehlinger|QB|fa",0,NA,NA,NA,NA,NA,NA,NA,NA,NA,NA,NA,NA,NA,NA,NA,NA,NA,NA,NA,NA,492,77
"Kyle McCord",NA,0,0,0,0,0,0,0,0,0,0,"QB",2025,1,"2025-09-09T18:09:55Z","fantasypros","Kyle McCord",23066,0,NA,NA,NA,"kyle-mccord","fa","kyle-mccord|QB|fa",0,NA,NA,NA,NA,NA,NA,NA,NA,NA,NA,NA,NA,NA,NA,NA,NA,NA,NA,NA,NA,493,78
"Graham Mertz",NA,0,0,0,0,0,0,0,0,0,0,"QB",2025,1,"2025-09-09T18:09:55Z","fantasypros","Graham Mertz",23186,0,NA,NA,NA,"graham-mertz","fa","graham-mertz|QB|fa",0,NA,NA,NA,NA,NA,NA,NA,NA,NA,NA,NA,NA,NA,NA,NA,NA,NA,NA,NA,NA,494,79
"Quinn Ewers",NA,0,0,0,0,0,0,0,0,0,0,"QB",2025,1,"2025-09-09T18:09:55Z","fantasypros","Quinn Ewers",23680,0,NA,NA,NA,"quinn-ewers","fa","quinn-ewers|QB|fa",0,NA,NA,NA,NA,NA,NA,NA,NA,NA,NA,NA,NA,NA,NA,NA,NA,NA,NA,NA,NA,495,80
"Stetson Bennett IV",NA,0,0,0,0,0,0,0,0,0,0,"QB",2025,1,"2025-09-09T18:09:55Z","fantasypros","Stetson Bennett IV",23927,0,NA,NA,NA,"stetson-bennett","fa","stetson-bennett|QB|fa",0,NA,NA,NA,NA,NA,NA,NA,NA,NA,NA,NA,NA,NA,NA,NA,NA,NA,NA,NA,NA,496,81
"Bailey Zappe",NA,0,0,0,0,0,0,0,0,0,0,"QB",2025,1,"2025-09-09T18:09:55Z","fantasypros","Bailey Zappe",24027,0,NA,NA,NA,"bailey-zappe","fa","bailey-zappe|QB|fa",0,NA,NA,NA,NA,NA,NA,NA,NA,NA,NA,NA,NA,NA,NA,NA,NA,NA,NA,NA,NA,497,82
"Skylar Thompson",NA,0,0,0,0,0,0,0,0,0,0,"QB",2025,1,"2025-09-09T18:09:55Z","fantasypros","Skylar Thompson",24170,0,NA,NA,NA,"skylar-thompson","fa","skylar-thompson|QB|fa",0,NA,NA,NA,NA,NA,NA,NA,NA,NA,NA,NA,NA,NA,NA,NA,NA,NA,NA,NA,NA,498,83
"Hendon Hooker",NA,0,0,0,0,0,0,0,0,0,0,"QB",2025,1,"2025-09-09T18:09:55Z","fantasypros","Hendon Hooker",24332,0,NA,NA,NA,"hendon-hooker","fa","hendon-hooker|QB|fa",0,NA,NA,NA,NA,NA,NA,NA,NA,NA,NA,NA,NA,NA,NA,NA,NA,NA,NA,NA,NA,499,84
"Chris Oladokun",NA,0,0,0,0,0,0,0,0,0,0,"QB",2025,1,"2025-09-09T18:09:55Z","fantasypros","Chris Oladokun",24575,0,NA,NA,NA,"chris-oladokun","fa","chris-oladokun|QB|fa",0,NA,NA,NA,NA,NA,NA,NA,NA,NA,NA,NA,NA,NA,NA,NA,NA,NA,NA,NA,NA,500,85
"Jake Haener",NA,0,0,0,0,0,0,0,0,0,0,"QB",2025,1,"2025-09-09T18:09:55Z","fantasypros","Jake Haener",24728,0,NA,NA,NA,"jake-haener","fa","jake-haener|QB|fa",0,NA,NA,NA,NA,NA,NA,NA,NA,NA,NA,NA,NA,NA,NA,NA,NA,NA,NA,NA,NA,501,86
"Tanner McKee",NA,0,0,0,0,0,0,0,0,0,0,"QB",2025,1,"2025-09-09T18:09:55Z","fantasypros","Tanner McKee",24740,0,NA,NA,NA,"tanner-mckee","fa","tanner-mckee|QB|fa",0,NA,NA,NA,NA,NA,NA,NA,NA,NA,NA,NA,NA,NA,NA,NA,NA,NA,NA,NA,NA,502,87
"Clayton Tune",NA,0,0,0,0,0,0,0,0,0,0,"QB",2025,1,"2025-09-09T18:09:55Z","fantasypros","Clayton Tune",25227,0,NA,NA,NA,"clayton-tune","fa","clayton-tune|QB|fa",0,NA,NA,NA,NA,NA,NA,NA,NA,NA,NA,NA,NA,NA,NA,NA,NA,NA,NA,NA,NA,503,88
"Riley Leonard",NA,0,0,0,0,0,0,0,0,0,0,"QB",2025,1,"2025-09-09T18:09:55Z","fantasypros","Riley Leonard",25373,0,NA,NA,NA,"riley-leonard","fa","riley-leonard|QB|fa",0,NA,NA,NA,NA,NA,NA,NA,NA,NA,NA,NA,NA,NA,NA,NA,NA,NA,NA,NA,NA,504,89
"Tommy DeVito",NA,0,0,0,0,0,0,0,0,0,0,"QB",2025,1,"2025-09-09T18:09:55Z","fantasypros","Tommy DeVito",25746,0,NA,NA,NA,"tommy-devito","fa","tommy-devito|QB|fa",0,NA,NA,NA,NA,NA,NA,NA,NA,NA,NA,NA,NA,NA,NA,NA,NA,NA,NA,NA,NA,505,90
"Shedeur Sanders",NA,0,0,0,0,0,0,0,0,0,0,"QB",2025,1,"2025-09-09T18:09:55Z","fantasypros","Shedeur Sanders",25968,0,NA,NA,NA,"shedeur-sanders","fa","shedeur-sanders|QB|fa",0,NA,NA,NA,NA,NA,NA,NA,NA,NA,NA,NA,NA,NA,NA,NA,NA,NA,NA,NA,NA,506,91
"Kurtis Rourke",NA,0,0,0,0,0,0,0,0,0,0,"QB",2025,1,"2025-09-09T18:09:55Z","fantasypros","Kurtis Rourke",27129,0,NA,NA,NA,"kurtis-rourke","fa","kurtis-rourke|QB|fa",0,NA,NA,NA,NA,NA,NA,NA,NA,NA,NA,NA,NA,NA,NA,NA,NA,NA,NA,NA,NA,507,92
"Cam Miller",NA,0,0,0,0,0,0,0,0,0,0,"QB",2025,1,"2025-09-09T18:09:55Z","fantasypros","Cam Miller",27289,0,NA,NA,NA,"cam-miller","fa","cam-miller|QB|fa",0,NA,NA,NA,NA,NA,NA,NA,NA,NA,NA,NA,NA,NA,NA,NA,NA,NA,NA,NA,NA,508,93
"Saquon Barkley",NA,NA,NA,NA,NA,NA,20.4,105.7,0.8,0.1,20.2,"RB",2025,1,"2025-09-09T18:09:55Z","fantasypros","Saquon Barkley",17240,20.2,NA,NA,NA,"saquon-barkley","fa","saquon-barkley|RB|fa",20.2,NA,NA,NA,NA,NA,2.4,18.5,0.1,NA,NA,NA,NA,NA,NA,NA,NA,NA,NA,NA,NA,7,1
"Bijan Robinson",NA,NA,NA,NA,NA,NA,18.4,83.2,0.7,0.1,19.2,"RB",2025,1,"2025-09-09T18:09:55Z","fantasypros","Bijan Robinson",23133,19.2,NA,NA,NA,"bijan-robinson","fa","bijan-robinson|RB|fa",19.2,NA,NA,NA,NA,NA,3.5,26.3,0.1,NA,NA,NA,NA,NA,NA,NA,NA,NA,NA,NA,NA,11,2
"Christian McCaffrey",NA,NA,NA,NA,NA,NA,14.7,69.4,0.5,0.1,18.2,"RB",2025,1,"2025-09-09T18:09:55Z","fantasypros","Christian McCaffrey",16393,18.2,NA,NA,NA,"christian-mccaffrey","fa","christian-mccaffrey|RB|fa",18.2,NA,NA,NA,NA,NA,3.9,33.7,0.2,NA,NA,NA,NA,NA,NA,NA,NA,NA,NA,NA,NA,15,3
"De'Von Achane",NA,NA,NA,NA,NA,NA,13.6,64.9,0.5,0.1,18,"RB",2025,1,"2025-09-09T18:09:55Z","fantasypros","De'Von Achane",23136,18,NA,NA,NA,"de-von-achane","fa","de-von-achane|RB|fa",18,NA,NA,NA,NA,NA,4.2,31.3,0.2,NA,NA,NA,NA,NA,NA,NA,NA,NA,NA,NA,NA,17,4
"Jahmyr Gibbs",NA,NA,NA,NA,NA,NA,14.4,73.6,0.6,0.1,18,"RB",2025,1,"2025-09-09T18:09:55Z","fantasypros","Jahmyr Gibbs",22968,18,NA,NA,NA,"jahmyr-gibbs","fa","jahmyr-gibbs|RB|fa",18,NA,NA,NA,NA,NA,3.3,27.9,0.1,NA,NA,NA,NA,NA,NA,NA,NA,NA,NA,NA,NA,18,5
"Jonathan Taylor",NA,NA,NA,NA,NA,NA,19,89.4,0.8,0.1,16.8,"RB",2025,1,"2025-09-09T18:09:55Z","fantasypros","Jonathan Taylor",19217,16.8,NA,NA,NA,"jonathan-taylor","fa","jonathan-taylor|RB|fa",16.8,NA,NA,NA,NA,NA,1.8,12.4,0.1,NA,NA,NA,NA,NA,NA,NA,NA,NA,NA,NA,NA,27,6
"Bucky Irving",NA,NA,NA,NA,NA,NA,15.5,77,0.5,0.1,16.6,"RB",2025,1,"2025-09-09T18:09:55Z","fantasypros","Bucky Irving",25981,16.6,NA,NA,NA,"bucky-irving","fa","bucky-irving|RB|fa",16.6,NA,NA,NA,NA,NA,2.9,21.5,0.1,NA,NA,NA,NA,NA,NA,NA,NA,NA,NA,NA,NA,29,7
"Derrick Henry",NA,NA,NA,NA,NA,NA,17.6,91.3,0.8,0.1,16.4,"RB",2025,1,"2025-09-09T18:09:55Z","fantasypros","Derrick Henry",15514,16.4,NA,NA,NA,"derrick-henry","fa","derrick-henry|RB|fa",16.4,NA,NA,NA,NA,NA,1.3,10.2,0.1,NA,NA,NA,NA,NA,NA,NA,NA,NA,NA,NA,NA,33,8
"Chase Brown",NA,NA,NA,NA,NA,NA,15.8,69.7,0.5,0.1,16.4,"RB",2025,1,"2025-09-09T18:09:55Z","fantasypros","Chase Brown",25324,16.4,NA,NA,NA,"chase-brown","fa","chase-brown|RB|fa",16.4,NA,NA,NA,NA,NA,3.3,23.9,0.1,NA,NA,NA,NA,NA,NA,NA,NA,NA,NA,NA,NA,34,9
"Josh Jacobs",NA,NA,NA,NA,NA,NA,17.3,72.2,0.7,0.1,16,"RB",2025,1,"2025-09-09T18:09:55Z","fantasypros","Josh Jacobs",18269,16,NA,NA,NA,"josh-jacobs","fa","josh-jacobs|RB|fa",16,NA,NA,NA,NA,NA,2.4,19.8,0.1,NA,NA,NA,NA,NA,NA,NA,NA,NA,NA,NA,NA,42,10
"Alvin Kamara",NA,NA,NA,NA,NA,NA,13.8,58.6,0.3,0.1,15.8,"RB",2025,1,"2025-09-09T18:09:55Z","fantasypros","Alvin Kamara",16421,15.8,NA,NA,NA,"alvin-kamara","fa","alvin-kamara|RB|fa",15.8,NA,NA,NA,NA,NA,4.1,30.6,0.1,NA,NA,NA,NA,NA,NA,NA,NA,NA,NA,NA,NA,46,11
"Kyren Williams",NA,NA,NA,NA,NA,NA,18.5,77.4,0.7,0.1,15.7,"RB",2025,1,"2025-09-09T18:09:55Z","fantasypros","Kyren Williams",23059,15.7,NA,NA,NA,"kyren-williams","fa","kyren-williams|RB|fa",15.7,NA,NA,NA,NA,NA,2,12.7,0.1,NA,NA,NA,NA,NA,NA,NA,NA,NA,NA,NA,NA,47,12
"Ashton Jeanty",NA,NA,NA,NA,NA,NA,16,72.1,0.5,0.1,15.7,"RB",2025,1,"2025-09-09T18:09:55Z","fantasypros","Ashton Jeanty",25989,15.7,NA,NA,NA,"ashton-jeanty","fa","ashton-jeanty|RB|fa",15.7,NA,NA,NA,NA,NA,2.6,22.2,0.1,NA,NA,NA,NA,NA,NA,NA,NA,NA,NA,NA,NA,48,13
"Chuba Hubbard",NA,NA,NA,NA,NA,NA,16.7,73,0.6,0.1,14.7,"RB",2025,1,"2025-09-09T18:09:55Z","fantasypros","Chuba Hubbard",19792,14.7,NA,NA,NA,"chuba-hubbard","fa","chuba-hubbard|RB|fa",14.7,NA,NA,NA,NA,NA,2.4,14.3,0.1,NA,NA,NA,NA,NA,NA,NA,NA,NA,NA,NA,NA,62,14
"James Conner",NA,NA,NA,NA,NA,NA,14.5,68,0.5,0.1,14.6,"RB",2025,1,"2025-09-09T18:09:55Z","fantasypros","James Conner",16447,14.6,NA,NA,NA,"james-conner","fa","james-conner|RB|fa",14.6,NA,NA,NA,NA,NA,2.4,19.7,0.1,NA,NA,NA,NA,NA,NA,NA,NA,NA,NA,NA,NA,63,15
"Kenneth Walker III",NA,NA,NA,NA,NA,NA,15,60.2,0.5,0.1,14.2,"RB",2025,1,"2025-09-09T18:09:55Z","fantasypros","Kenneth Walker III",23021,14.2,NA,NA,NA,"kenneth-walker","fa","kenneth-walker|RB|fa",14.2,NA,NA,NA,NA,NA,2.7,18.6,0.1,NA,NA,NA,NA,NA,NA,NA,NA,NA,NA,NA,NA,68,16
"Tony Pollard",NA,NA,NA,NA,NA,NA,16.7,67.2,0.4,0.1,13.7,"RB",2025,1,"2025-09-09T18:09:55Z","fantasypros","Tony Pollard",18705,13.7,NA,NA,NA,"tony-pollard","fa","tony-pollard|RB|fa",13.7,NA,NA,NA,NA,NA,2.8,18,0.1,NA,NA,NA,NA,NA,NA,NA,NA,NA,NA,NA,NA,72,17
"James Cook",NA,NA,NA,NA,NA,NA,13.8,60.5,0.5,0.1,13.6,"RB",2025,1,"2025-09-09T18:09:55Z","fantasypros","James Cook",22958,13.6,NA,NA,NA,"james-cook","fa","james-cook|RB|fa",13.6,NA,NA,NA,NA,NA,2.2,17.3,0.1,NA,NA,NA,NA,NA,NA,NA,NA,NA,NA,NA,NA,75,18
"TreVeyon Henderson",NA,NA,NA,NA,NA,NA,13.8,63.4,0.4,0.1,13.3,"RB",2025,1,"2025-09-09T18:09:55Z","fantasypros","TreVeyon Henderson",23065,13.3,NA,NA,NA,"treveyon-henderson","fa","treveyon-henderson|RB|fa",13.3,NA,NA,NA,NA,NA,2.2,18.9,0.1,NA,NA,NA,NA,NA,NA,NA,NA,NA,NA,NA,NA,78,19
"Aaron Jones Sr.",NA,NA,NA,NA,NA,NA,12.7,58.2,0.3,0.1,13.2,"RB",2025,1,"2025-09-09T18:09:55Z","fantasypros","Aaron Jones Sr.",16673,13.2,NA,NA,NA,"aaron-jones","fa","aaron-jones|RB|fa",13.2,NA,NA,NA,NA,NA,2.8,20.8,0.1,NA,NA,NA,NA,NA,NA,NA,NA,NA,NA,NA,NA,81,20
"Omarion Hampton",NA,NA,NA,NA,NA,NA,14.1,61.1,0.5,0.1,13.2,"RB",2025,1,"2025-09-09T18:09:55Z","fantasypros","Omarion Hampton",25395,13.2,NA,NA,NA,"omarion-hampton","fa","omarion-hampton|RB|fa",13.2,NA,NA,NA,NA,NA,2.1,17.4,0.1,NA,NA,NA,NA,NA,NA,NA,NA,NA,NA,NA,NA,82,21
"Jaylen Warren",NA,NA,NA,NA,NA,NA,12.7,56.5,0.3,0.1,13.2,"RB",2025,1,"2025-09-09T18:09:55Z","fantasypros","Jaylen Warren",24209,13.2,NA,NA,NA,"jaylen-warren","fa","jaylen-warren|RB|fa",13.2,NA,NA,NA,NA,NA,3.3,22.9,0.1,NA,NA,NA,NA,NA,NA,NA,NA,NA,NA,NA,NA,83,22
"Breece Hall",NA,NA,NA,NA,NA,NA,13.4,55.3,0.3,0.1,12.9,"RB",2025,1,"2025-09-09T18:09:55Z","fantasypros","Breece Hall",22982,12.9,NA,NA,NA,"breece-hall","fa","breece-hall|RB|fa",12.9,NA,NA,NA,NA,NA,2.8,22.9,0.1,NA,NA,NA,NA,NA,NA,NA,NA,NA,NA,NA,NA,86,23
"Jerome Ford",NA,NA,NA,NA,NA,NA,12.3,55.9,0.3,0.1,12.8,"RB",2025,1,"2025-09-09T18:09:55Z","fantasypros","Jerome Ford",22921,12.8,NA,NA,NA,"jerome-ford","fa","jerome-ford|RB|fa",12.8,NA,NA,NA,NA,NA,2.7,20,0.1,NA,NA,NA,NA,NA,NA,NA,NA,NA,NA,NA,NA,87,24
"Tyrone Tracy Jr.",NA,NA,NA,NA,NA,NA,13.2,59.8,0.3,0.1,12.3,"RB",2025,1,"2025-09-09T18:09:55Z","fantasypros","Tyrone Tracy Jr.",22980,12.3,NA,NA,NA,"tyrone-tracy","fa","tyrone-tracy|RB|fa",12.3,NA,NA,NA,NA,NA,2.1,17,0.1,NA,NA,NA,NA,NA,NA,NA,NA,NA,NA,NA,NA,92,25
"D'Andre Swift",NA,NA,NA,NA,NA,NA,14,56.3,0.4,0.1,12.1,"RB",2025,1,"2025-09-09T18:09:55Z","fantasypros","D'Andre Swift",19210,12.1,NA,NA,NA,"d-andre-swift","fa","d-andre-swift|RB|fa",12.1,NA,NA,NA,NA,NA,2.3,16.4,0.1,NA,NA,NA,NA,NA,NA,NA,NA,NA,NA,NA,NA,95,26
"Isiah Pacheco",NA,NA,NA,NA,NA,NA,13.5,58.2,0.3,0.1,11.9,"RB",2025,1,"2025-09-09T18:09:55Z","fantasypros","Isiah Pacheco",24333,11.9,NA,NA,NA,"isiah-pacheco","fa","isiah-pacheco|RB|fa",11.9,NA,NA,NA,NA,NA,2.2,15.5,0.1,NA,NA,NA,NA,NA,NA,NA,NA,NA,NA,NA,NA,103,27
"Austin Ekeler",NA,NA,NA,NA,NA,NA,7.9,35.5,0.4,0.1,11.2,"RB",2025,1,"2025-09-09T18:09:55Z","fantasypros","Austin Ekeler",16483,11.2,NA,NA,NA,"austin-ekeler","fa","austin-ekeler|RB|fa",11.2,NA,NA,NA,NA,NA,2.8,22.7,0.1,NA,NA,NA,NA,NA,NA,NA,NA,NA,NA,NA,NA,105,28
"RJ Harvey",NA,NA,NA,NA,NA,NA,11.1,49.1,0.4,0.1,11.1,"RB",2025,1,"2025-09-09T18:09:55Z","fantasypros","RJ Harvey",27142,11.1,NA,NA,NA,"rj-harvey","fa","rj-harvey|RB|fa",11.1,NA,NA,NA,NA,NA,2.1,16.2,0.1,NA,NA,NA,NA,NA,NA,NA,NA,NA,NA,NA,NA,109,29
"Travis Etienne Jr.",NA,NA,NA,NA,NA,NA,11.4,48.1,0.3,0,11,"RB",2025,1,"2025-09-09T18:09:55Z","fantasypros","Travis Etienne Jr.",19231,11,NA,NA,NA,"travis-etienne","fa","travis-etienne|RB|fa",11,NA,NA,NA,NA,NA,2.3,19.1,0.1,NA,NA,NA,NA,NA,NA,NA,NA,NA,NA,NA,NA,111,30
"David Montgomery",NA,NA,NA,NA,NA,NA,11.6,48.1,0.5,0.1,10.8,"RB",2025,1,"2025-09-09T18:09:55Z","fantasypros","David Montgomery",18239,10.8,NA,NA,NA,"david-montgomery","fa","david-montgomery|RB|fa",10.8,NA,NA,NA,NA,NA,1.7,14,0,NA,NA,NA,NA,NA,NA,NA,NA,NA,NA,NA,NA,112,31
"Javonte Williams",NA,NA,NA,NA,NA,NA,12.2,47.7,0.3,0.1,10.5,"RB",2025,1,"2025-09-09T18:09:55Z","fantasypros","Javonte Williams",22739,10.5,NA,NA,NA,"javonte-williams","fa","javonte-williams|RB|fa",10.5,NA,NA,NA,NA,NA,2.4,13.8,0.1,NA,NA,NA,NA,NA,NA,NA,NA,NA,NA,NA,NA,116,32
"J.K. Dobbins",NA,NA,NA,NA,NA,NA,10.6,48.5,0.4,0.1,10.5,"RB",2025,1,"2025-09-09T18:09:55Z","fantasypros","J.K. Dobbins",19245,10.5,NA,NA,NA,"j-k-dobbins","fa","j-k-dobbins|RB|fa",10.5,NA,NA,NA,NA,NA,1.9,12.4,0.1,NA,NA,NA,NA,NA,NA,NA,NA,NA,NA,NA,NA,117,33
"Jacory Croskey-Merritt",NA,NA,NA,NA,NA,NA,11.9,52.5,0.4,0.1,10.2,"RB",2025,1,"2025-09-09T18:09:55Z","fantasypros","Jacory Croskey-Merritt",27316,10.2,NA,NA,NA,"jacory-croskey-merritt","fa","jacory-croskey-merritt|RB|fa",10.2,NA,NA,NA,NA,NA,1.3,11.3,0.1,NA,NA,NA,NA,NA,NA,NA,NA,NA,NA,NA,NA,119,34
"Zach Charbonnet",NA,NA,NA,NA,NA,NA,8.3,36.7,0.3,0,9.7,"RB",2025,1,"2025-09-09T18:09:55Z","fantasypros","Zach Charbonnet",23152,9.7,NA,NA,NA,"zach-charbonnet","fa","zach-charbonnet|RB|fa",9.7,NA,NA,NA,NA,NA,2.2,15.9,0.1,NA,NA,NA,NA,NA,NA,NA,NA,NA,NA,NA,NA,122,35
"Rhamondre Stevenson",NA,NA,NA,NA,NA,NA,10.3,41.6,0.3,0.1,8.9,"RB",2025,1,"2025-09-09T18:09:55Z","fantasypros","Rhamondre Stevenson",22726,8.9,NA,NA,NA,"rhamondre-stevenson","fa","rhamondre-stevenson|RB|fa",8.9,NA,NA,NA,NA,NA,1.5,9.9,0.1,NA,NA,NA,NA,NA,NA,NA,NA,NA,NA,NA,NA,136,36
"Dylan Sampson",NA,NA,NA,NA,NA,NA,8.7,41,0.3,0.1,8.7,"RB",2025,1,"2025-09-09T18:09:55Z","fantasypros","Dylan Sampson",27102,8.7,NA,NA,NA,"dylan-sampson","fa","dylan-sampson|RB|fa",8.7,NA,NA,NA,NA,NA,1.5,12.5,0.1,NA,NA,NA,NA,NA,NA,NA,NA,NA,NA,NA,NA,139,37
"Nick Chubb",NA,NA,NA,NA,NA,NA,10.7,46.2,0.3,0.1,8.6,"RB",2025,1,"2025-09-09T18:09:55Z","fantasypros","Nick Chubb",17246,8.6,NA,NA,NA,"nick-chubb","fa","nick-chubb|RB|fa",8.6,NA,NA,NA,NA,NA,1,7.8,0,NA,NA,NA,NA,NA,NA,NA,NA,NA,NA,NA,NA,141,38
"Rachaad White",NA,NA,NA,NA,NA,NA,6.9,25.9,0.2,0.1,8.4,"RB",2025,1,"2025-09-09T18:09:55Z","fantasypros","Rachaad White",23891,8.4,NA,NA,NA,"rachaad-white","fa","rachaad-white|RB|fa",8.4,NA,NA,NA,NA,NA,2.4,16.8,0.1,NA,NA,NA,NA,NA,NA,NA,NA,NA,NA,NA,NA,145,39
"Tank Bigsby",NA,NA,NA,NA,NA,NA,10.3,47,0.4,0.1,8.4,"RB",2025,1,"2025-09-09T18:09:55Z","fantasypros","Tank Bigsby",22908,8.4,NA,NA,NA,"tank-bigsby","fa","tank-bigsby|RB|fa",8.4,NA,NA,NA,NA,NA,0.7,5.7,0,NA,NA,NA,NA,NA,NA,NA,NA,NA,NA,NA,NA,146,40
"Jordan Mason",NA,NA,NA,NA,NA,NA,9.5,46.1,0.3,0.1,8,"RB",2025,1,"2025-09-09T18:09:55Z","fantasypros","Jordan Mason",22969,8,NA,NA,NA,"jordan-mason","fa","jordan-mason|RB|fa",8,NA,NA,NA,NA,NA,1,7.4,0,NA,NA,NA,NA,NA,NA,NA,NA,NA,NA,NA,NA,156,41
"Ollie Gordon II",NA,NA,NA,NA,NA,NA,8.5,36.1,0.2,0.1,7.5,"RB",2025,1,"2025-09-09T18:09:55Z","fantasypros","Ollie Gordon II",25984,7.5,NA,NA,NA,"ollie-gordon","fa","ollie-gordon|RB|fa",7.5,NA,NA,NA,NA,NA,1.3,9.4,0.1,NA,NA,NA,NA,NA,NA,NA,NA,NA,NA,NA,NA,174,42
"Justice Hill",NA,NA,NA,NA,NA,NA,4.6,18.7,0.1,0,6.8,"RB",2025,1,"2025-09-09T18:09:55Z","fantasypros","Justice Hill",18256,6.8,NA,NA,NA,"justice-hill","fa","justice-hill|RB|fa",6.8,NA,NA,NA,NA,NA,2.1,15.8,0.1,NA,NA,NA,NA,NA,NA,NA,NA,NA,NA,NA,NA,199,43
"Trey Benson",NA,NA,NA,NA,NA,NA,8.1,37,0.2,0,6.6,"RB",2025,1,"2025-09-09T18:09:55Z","fantasypros","Trey Benson",25388,6.6,NA,NA,NA,"trey-benson","fa","trey-benson|RB|fa",6.6,NA,NA,NA,NA,NA,1,7.5,0,NA,NA,NA,NA,NA,NA,NA,NA,NA,NA,NA,NA,207,44
"Kaleb Johnson",NA,NA,NA,NA,NA,NA,7.7,33.5,0.2,0.1,6.4,"RB",2025,1,"2025-09-09T18:09:55Z","fantasypros","Kaleb Johnson",27165,6.4,NA,NA,NA,"kaleb-johnson","fa","kaleb-johnson|RB|fa",6.4,NA,NA,NA,NA,NA,0.8,7.2,0,NA,NA,NA,NA,NA,NA,NA,NA,NA,NA,NA,NA,214,45
"Rico Dowdle",NA,NA,NA,NA,NA,NA,5.7,25.8,0.1,0,5.9,"RB",2025,1,"2025-09-09T18:09:55Z","fantasypros","Rico Dowdle",19647,5.9,NA,NA,NA,"rico-dowdle","fa","rico-dowdle|RB|fa",5.9,NA,NA,NA,NA,NA,1.5,9.9,0.1,NA,NA,NA,NA,NA,NA,NA,NA,NA,NA,NA,NA,231,46
"Woody Marks",NA,NA,NA,NA,NA,NA,4.9,20.3,0.1,0,5.9,"RB",2025,1,"2025-09-09T18:09:55Z","fantasypros","Woody Marks",27520,5.9,NA,NA,NA,"woody-marks","fa","woody-marks|RB|fa",5.9,NA,NA,NA,NA,NA,1.5,12.1,0.1,NA,NA,NA,NA,NA,NA,NA,NA,NA,NA,NA,NA,232,47
"Braelon Allen",NA,NA,NA,NA,NA,NA,7.6,29.4,0.1,0,5.8,"RB",2025,1,"2025-09-09T18:09:55Z","fantasypros","Braelon Allen",24346,5.8,NA,NA,NA,"braelon-allen","fa","braelon-allen|RB|fa",5.8,NA,NA,NA,NA,NA,1,8,0,NA,NA,NA,NA,NA,NA,NA,NA,NA,NA,NA,NA,235,48
"Bhayshul Tuten",NA,NA,NA,NA,NA,NA,5.7,24.9,0.2,0.1,5.6,"RB",2025,1,"2025-09-09T18:09:55Z","fantasypros","Bhayshul Tuten",27297,5.6,NA,NA,NA,"bhayshul-tuten","fa","bhayshul-tuten|RB|fa",5.6,NA,NA,NA,NA,NA,1,8.7,0.1,NA,NA,NA,NA,NA,NA,NA,NA,NA,NA,NA,NA,243,49
"Kareem Hunt",NA,NA,NA,NA,NA,NA,5.8,21.7,0.2,0,5.5,"RB",2025,1,"2025-09-09T18:09:55Z","fantasypros","Kareem Hunt",16425,5.5,NA,NA,NA,"kareem-hunt","fa","kareem-hunt|RB|fa",5.5,NA,NA,NA,NA,NA,1.1,7.4,0.1,NA,NA,NA,NA,NA,NA,NA,NA,NA,NA,NA,NA,246,50
"Tyler Allgeier",NA,NA,NA,NA,NA,NA,6.8,29.6,0.2,0,5.5,"RB",2025,1,"2025-09-09T18:09:55Z","fantasypros","Tyler Allgeier",24172,5.5,NA,NA,NA,"tyler-allgeier","fa","tyler-allgeier|RB|fa",5.5,NA,NA,NA,NA,NA,0.8,5.8,0,NA,NA,NA,NA,NA,NA,NA,NA,NA,NA,NA,NA,247,51
"Cam Skattebo",NA,NA,NA,NA,NA,NA,5.7,25,0.2,0.1,5.5,"RB",2025,1,"2025-09-09T18:09:55Z","fantasypros","Cam Skattebo",27166,5.5,NA,NA,NA,"cam-skattebo","fa","cam-skattebo|RB|fa",5.5,NA,NA,NA,NA,NA,1,8.6,0,NA,NA,NA,NA,NA,NA,NA,NA,NA,NA,NA,NA,248,52
"Miles Sanders",NA,NA,NA,NA,NA,NA,7.4,26,0.1,0,5.1,"RB",2025,1,"2025-09-09T18:09:55Z","fantasypros","Miles Sanders",18283,5.1,NA,NA,NA,"miles-sanders","fa","miles-sanders|RB|fa",5.1,NA,NA,NA,NA,NA,1,6,0,NA,NA,NA,NA,NA,NA,NA,NA,NA,NA,NA,NA,259,53
"Najee Harris",NA,NA,NA,NA,NA,NA,5.7,22.6,0.2,0,5,"RB",2025,1,"2025-09-09T18:09:55Z","fantasypros","Najee Harris",19302,5,NA,NA,NA,"najee-harris","fa","najee-harris|RB|fa",5,NA,NA,NA,NA,NA,0.9,6.6,0,NA,NA,NA,NA,NA,NA,NA,NA,NA,NA,NA,NA,261,54
"Ray Davis",NA,NA,NA,NA,NA,NA,6.8,23.9,0.2,0,5,"RB",2025,1,"2025-09-09T18:09:55Z","fantasypros","Ray Davis",26191,5,NA,NA,NA,"ray-davis","fa","ray-davis|RB|fa",5,NA,NA,NA,NA,NA,0.7,5.7,0.1,NA,NA,NA,NA,NA,NA,NA,NA,NA,NA,NA,NA,262,55
"Kendre Miller",NA,NA,NA,NA,NA,NA,6.3,25,0.2,0,4.9,"RB",2025,1,"2025-09-09T18:09:55Z","fantasypros","Kendre Miller",24360,4.9,NA,NA,NA,"kendre-miller","fa","kendre-miller|RB|fa",4.9,NA,NA,NA,NA,NA,0.7,5.6,0,NA,NA,NA,NA,NA,NA,NA,NA,NA,NA,NA,NA,268,56
"Dameon Pierce",NA,NA,NA,NA,NA,NA,6.8,27.8,0.1,0,4.9,"RB",2025,1,"2025-09-09T18:09:55Z","fantasypros","Dameon Pierce",22947,4.9,NA,NA,NA,"dameon-pierce","fa","dameon-pierce|RB|fa",4.9,NA,NA,NA,NA,NA,0.7,5.6,0,NA,NA,NA,NA,NA,NA,NA,NA,NA,NA,NA,NA,269,57
"Roschon Johnson",NA,NA,NA,NA,NA,NA,4.3,13.5,0.2,0,4.9,"RB",2025,1,"2025-09-09T18:09:55Z","fantasypros","Roschon Johnson",25322,4.9,NA,NA,NA,"roschon-johnson","fa","roschon-johnson|RB|fa",4.9,NA,NA,NA,NA,NA,1.1,7.5,0.1,NA,NA,NA,NA,NA,NA,NA,NA,NA,NA,NA,NA,270,58
"Blake Corum",NA,NA,NA,NA,NA,NA,6.3,22.3,0.1,0,4.6,"RB",2025,1,"2025-09-09T18:09:55Z","fantasypros","Blake Corum",23013,4.6,NA,NA,NA,"blake-corum","fa","blake-corum|RB|fa",4.6,NA,NA,NA,NA,NA,0.8,6.1,0,NA,NA,NA,NA,NA,NA,NA,NA,NA,NA,NA,NA,280,59
"Kyle Monangai",NA,NA,NA,NA,NA,NA,5.8,20.8,0.2,0,4.4,"RB",2025,1,"2025-09-09T18:09:55Z","fantasypros","Kyle Monangai",27131,4.4,NA,NA,NA,"kyle-monangai","fa","kyle-monangai|RB|fa",4.4,NA,NA,NA,NA,NA,0.6,5.4,0,NA,NA,NA,NA,NA,NA,NA,NA,NA,NA,NA,NA,285,60
"Brian Robinson Jr.",NA,NA,NA,NA,NA,NA,6.4,24.5,0.2,0.1,4.2,"RB",2025,1,"2025-09-09T18:09:55Z","fantasypros","Brian Robinson Jr.",20094,4.2,NA,NA,NA,"brian-robinson","fa","brian-robinson|RB|fa",4.2,NA,NA,NA,NA,NA,0.4,3.3,0,NA,NA,NA,NA,NA,NA,NA,NA,NA,NA,NA,NA,289,61
"Samaje Perine",NA,NA,NA,NA,NA,NA,3.1,13.4,0.1,0.1,4.2,"RB",2025,1,"2025-09-09T18:09:55Z","fantasypros","Samaje Perine",16423,4.2,NA,NA,NA,"samaje-perine","fa","samaje-perine|RB|fa",4.2,NA,NA,NA,NA,NA,1.1,10.6,0,NA,NA,NA,NA,NA,NA,NA,NA,NA,NA,NA,NA,290,62
"Kenneth Gainwell",NA,NA,NA,NA,NA,NA,4.7,17.9,0.1,0,4.1,"RB",2025,1,"2025-09-09T18:09:55Z","fantasypros","Kenneth Gainwell",23310,4.1,NA,NA,NA,"kenneth-gainwell","fa","kenneth-gainwell|RB|fa",4.1,NA,NA,NA,NA,NA,0.9,6.4,0,NA,NA,NA,NA,NA,NA,NA,NA,NA,NA,NA,NA,295,63
"Emanuel Wilson",NA,NA,NA,NA,NA,NA,4.2,19.2,0.1,0,4,"RB",2025,1,"2025-09-09T18:09:55Z","fantasypros","Emanuel Wilson",25885,4,NA,NA,NA,"emanuel-wilson","fa","emanuel-wilson|RB|fa",4,NA,NA,NA,NA,NA,0.6,4.7,0,NA,NA,NA,NA,NA,NA,NA,NA,NA,NA,NA,NA,300,64
"Devin Singletary",NA,NA,NA,NA,NA,NA,4,19.8,0.1,0,4,"RB",2025,1,"2025-09-09T18:09:55Z","fantasypros","Devin Singletary",18280,4,NA,NA,NA,"devin-singletary","fa","devin-singletary|RB|fa",4,NA,NA,NA,NA,NA,0.8,4.9,0,NA,NA,NA,NA,NA,NA,NA,NA,NA,NA,NA,NA,301,65
"Julius Chestnut",NA,NA,NA,NA,NA,NA,4.3,15.8,0.1,0,3.9,"RB",2025,1,"2025-09-09T18:09:55Z","fantasypros","Julius Chestnut",24689,3.9,NA,NA,NA,"julius-chestnut","fa","julius-chestnut|RB|fa",3.9,NA,NA,NA,NA,NA,1,7.3,0,NA,NA,NA,NA,NA,NA,NA,NA,NA,NA,NA,NA,304,66
"Antonio Gibson",NA,NA,NA,NA,NA,NA,3.3,14.2,0.1,0,3.9,"RB",2025,1,"2025-09-09T18:09:55Z","fantasypros","Antonio Gibson",19624,3.9,NA,NA,NA,"antonio-gibson","fa","antonio-gibson|RB|fa",3.9,NA,NA,NA,NA,NA,1,8.2,0,NA,NA,NA,NA,NA,NA,NA,NA,NA,NA,NA,NA,305,67
"Ty Johnson",NA,NA,NA,NA,NA,NA,2.7,11.1,0.1,0,3.8,"RB",2025,1,"2025-09-09T18:09:55Z","fantasypros","Ty Johnson",18406,3.8,NA,NA,NA,"ty-johnson","fa","ty-johnson|RB|fa",3.8,NA,NA,NA,NA,NA,0.9,9.6,0.1,NA,NA,NA,NA,NA,NA,NA,NA,NA,NA,NA,NA,307,68
"DJ Giddens",NA,NA,NA,NA,NA,NA,3.5,15.6,0.1,0,3.6,"RB",2025,1,"2025-09-09T18:09:55Z","fantasypros","DJ Giddens",27097,3.6,NA,NA,NA,"dj-giddens","fa","dj-giddens|RB|fa",3.6,NA,NA,NA,NA,NA,0.6,4.9,0,NA,NA,NA,NA,NA,NA,NA,NA,NA,NA,NA,NA,309,69
"Zamir White",NA,NA,NA,NA,NA,NA,4.2,15.9,0.1,0,3.4,"RB",2025,1,"2025-09-09T18:09:55Z","fantasypros","Zamir White",20095,3.4,NA,NA,NA,"zamir-white","fa","zamir-white|RB|fa",3.4,NA,NA,NA,NA,NA,0.7,4.9,0,NA,NA,NA,NA,NA,NA,NA,NA,NA,NA,NA,NA,313,70
"Tahj Brooks",NA,NA,NA,NA,NA,NA,3.5,13.1,0.1,0,3.4,"RB",2025,1,"2025-09-09T18:09:55Z","fantasypros","Tahj Brooks",26212,3.4,NA,NA,NA,"tahj-brooks","fa","tahj-brooks|RB|fa",3.4,NA,NA,NA,NA,NA,0.6,5.7,0,NA,NA,NA,NA,NA,NA,NA,NA,NA,NA,NA,NA,314,71
"Jeremy McNichols",NA,NA,NA,NA,NA,NA,3.5,16,0.2,0.1,3.2,"RB",2025,1,"2025-09-09T18:09:55Z","fantasypros","Jeremy McNichols",16445,3.2,NA,NA,NA,"jeremy-mcnichols","fa","jeremy-mcnichols|RB|fa",3.2,NA,NA,NA,NA,NA,0.4,2.3,0,NA,NA,NA,NA,NA,NA,NA,NA,NA,NA,NA,NA,318,72
"Trevor Etienne",NA,NA,NA,NA,NA,NA,2.8,11.1,0.1,0,3,"RB",2025,1,"2025-09-09T18:09:55Z","fantasypros","Trevor Etienne",25393,3,NA,NA,NA,"trevor-etienne","fa","trevor-etienne|RB|fa",3,NA,NA,NA,NA,NA,0.6,5.4,0,NA,NA,NA,NA,NA,NA,NA,NA,NA,NA,NA,NA,321,73
"Raheem Mostert",NA,NA,NA,NA,NA,NA,2,8,0,0,2.8,"RB",2025,1,"2025-09-09T18:09:55Z","fantasypros","Raheem Mostert",14338,2.8,NA,NA,NA,"raheem-mostert","fa","raheem-mostert|RB|fa",2.8,NA,NA,NA,NA,NA,1,7,0.1,NA,NA,NA,NA,NA,NA,NA,NA,NA,NA,NA,NA,329,74
"Will Shipley",NA,NA,NA,NA,NA,NA,2.5,12.8,0.1,0,2.8,"RB",2025,1,"2025-09-09T18:09:55Z","fantasypros","Will Shipley",22930,2.8,NA,NA,NA,"will-shipley","fa","will-shipley|RB|fa",2.8,NA,NA,NA,NA,NA,0.5,4.3,0,NA,NA,NA,NA,NA,NA,NA,NA,NA,NA,NA,NA,330,75
"Devin Neal",NA,NA,NA,NA,NA,NA,3.1,13.1,0.1,0,2.7,"RB",2025,1,"2025-09-09T18:09:55Z","fantasypros","Devin Neal",23682,2.7,NA,NA,NA,"devin-neal","fa","devin-neal|RB|fa",2.7,NA,NA,NA,NA,NA,0.4,3.1,0,NA,NA,NA,NA,NA,NA,NA,NA,NA,NA,NA,NA,332,76
"Chris Brooks",NA,NA,NA,NA,NA,NA,2.4,12.2,0.1,0,2.5,"RB",2025,1,"2025-09-09T18:09:55Z","fantasypros","Chris Brooks",25823,2.5,NA,NA,NA,"chris-brooks","fa","chris-brooks|RB|fa",2.5,NA,NA,NA,NA,NA,0.5,3.3,0,NA,NA,NA,NA,NA,NA,NA,NA,NA,NA,NA,NA,335,77
"Quinshon Judkins",NA,NA,NA,NA,NA,NA,1.5,6.4,0.1,0,2.5,"RB",2025,1,"2025-09-09T18:09:55Z","fantasypros","Quinshon Judkins",25391,2.5,NA,NA,NA,"quinshon-judkins","fa","quinshon-judkins|RB|fa",2.5,NA,NA,NA,NA,NA,0.8,6.3,0,NA,NA,NA,NA,NA,NA,NA,NA,NA,NA,NA,NA,336,78
"Sean Tucker",NA,NA,NA,NA,NA,NA,2.7,13.4,0.1,0,2.5,"RB",2025,1,"2025-09-09T18:09:55Z","fantasypros","Sean Tucker",23679,2.5,NA,NA,NA,"sean-tucker","fa","sean-tucker|RB|fa",2.5,NA,NA,NA,NA,NA,0.3,2.7,0,NA,NA,NA,NA,NA,NA,NA,NA,NA,NA,NA,NA,337,79
"Tyler Badie",NA,NA,NA,NA,NA,NA,2.3,10.5,0,0,2.5,"RB",2025,1,"2025-09-09T18:09:55Z","fantasypros","Tyler Badie",23812,2.5,NA,NA,NA,"tyler-badie","fa","tyler-badie|RB|fa",2.5,NA,NA,NA,NA,NA,0.6,4.1,0,NA,NA,NA,NA,NA,NA,NA,NA,NA,NA,NA,NA,338,80
"Isaac Guerendo",NA,NA,NA,NA,NA,NA,3.2,11.9,0.1,0,2.4,"RB",2025,1,"2025-09-09T18:09:55Z","fantasypros","Isaac Guerendo",26392,2.4,NA,NA,NA,"isaac-guerendo","fa","isaac-guerendo|RB|fa",2.4,NA,NA,NA,NA,NA,0.4,3.4,0,NA,NA,NA,NA,NA,NA,NA,NA,NA,NA,NA,NA,340,81
"Brashard Smith",NA,NA,NA,NA,NA,NA,2.5,10.5,0.1,0,2.3,"RB",2025,1,"2025-09-09T18:09:55Z","fantasypros","Brashard Smith",27259,2.3,NA,NA,NA,"brashard-smith","fa","brashard-smith|RB|fa",2.3,NA,NA,NA,NA,NA,0.4,2.9,0,NA,NA,NA,NA,NA,NA,NA,NA,NA,NA,NA,NA,342,82
"Hassan Haskins",NA,NA,NA,NA,NA,NA,2,6.5,0.1,0.1,2.3,"RB",2025,1,"2025-09-09T18:09:55Z","fantasypros","Hassan Haskins",23798,2.3,NA,NA,NA,"hassan-haskins","fa","hassan-haskins|RB|fa",2.3,NA,NA,NA,NA,NA,0.6,4.4,0,NA,NA,NA,NA,NA,NA,NA,NA,NA,NA,NA,NA,343,83
"Kyle Juszczyk",NA,NA,NA,NA,NA,NA,0.3,1.4,0,0.1,2.2,"RB",2025,1,"2025-09-09T18:09:55Z","fantasypros","Kyle Juszczyk",11798,2.2,NA,NA,NA,"kyle-juszczyk","fa","kyle-juszczyk|RB|fa",2.2,NA,NA,NA,NA,NA,1,8.8,0.1,NA,NA,NA,NA,NA,NA,NA,NA,NA,NA,NA,NA,349,84
"Emari Demercado",NA,NA,NA,NA,NA,NA,1.5,9.3,0.1,0,2.2,"RB",2025,1,"2025-09-09T18:09:55Z","fantasypros","Emari Demercado",25654,2.2,NA,NA,NA,"emari-demercado","fa","emari-demercado|RB|fa",2.2,NA,NA,NA,NA,NA,0.5,3.7,0,NA,NA,NA,NA,NA,NA,NA,NA,NA,NA,NA,NA,350,85
"Dare Ogunbowale",NA,NA,NA,NA,NA,NA,1,4.6,0,0,1.9,"RB",2025,1,"2025-09-09T18:09:55Z","fantasypros","Dare Ogunbowale",16879,1.9,NA,NA,NA,"dare-ogunbowale","fa","dare-ogunbowale|RB|fa",1.9,NA,NA,NA,NA,NA,0.7,5.4,0,NA,NA,NA,NA,NA,NA,NA,NA,NA,NA,NA,NA,362,86
"A.J. Dillon",NA,NA,NA,NA,NA,NA,2.3,8.3,0.1,0,1.6,"RB",2025,1,"2025-09-09T18:09:55Z","fantasypros","A.J. Dillon",19358,1.6,NA,NA,NA,"a-j-dillon","fa","a-j-dillon|RB|fa",1.6,NA,NA,NA,NA,NA,0.2,1.5,0,NA,NA,NA,NA,NA,NA,NA,NA,NA,NA,NA,NA,372,87
"Dylan Laube",NA,NA,NA,NA,NA,NA,1.6,6,0,0,1.6,"RB",2025,1,"2025-09-09T18:09:55Z","fantasypros","Dylan Laube",26194,1.6,NA,NA,NA,"dylan-laube","fa","dylan-laube|RB|fa",1.6,NA,NA,NA,NA,NA,0.4,3.1,0,NA,NA,NA,NA,NA,NA,NA,NA,NA,NA,NA,NA,373,88
"Kimani Vidal",NA,NA,NA,NA,NA,NA,1.6,5.7,0,0,1.4,"RB",2025,1,"2025-09-09T18:09:55Z","fantasypros","Kimani Vidal",26355,1.4,NA,NA,NA,"kimani-vidal","fa","kimani-vidal|RB|fa",1.4,NA,NA,NA,NA,NA,0.3,2.9,0.1,NA,NA,NA,NA,NA,NA,NA,NA,NA,NA,NA,NA,385,89
"Alec Ingold",NA,NA,NA,NA,NA,NA,0.6,1.6,0.1,0,1.4,"RB",2025,1,"2025-09-09T18:09:55Z","fantasypros","Alec Ingold",18571,1.4,NA,NA,NA,"alec-ingold","fa","alec-ingold|RB|fa",1.4,NA,NA,NA,NA,NA,0.5,3.8,0,NA,NA,NA,NA,NA,NA,NA,NA,NA,NA,NA,NA,386,90
"Isaiah Davis",NA,NA,NA,NA,NA,NA,1.7,7,0.1,0,1.4,"RB",2025,1,"2025-09-09T18:09:55Z","fantasypros","Isaiah Davis",25977,1.4,NA,NA,NA,"isaiah-davis","fa","isaiah-davis|RB|fa",1.4,NA,NA,NA,NA,NA,0.2,1.5,0,NA,NA,NA,NA,NA,NA,NA,NA,NA,NA,NA,NA,387,91
"LeQuint Allen Jr.",NA,NA,NA,NA,NA,NA,1,4.9,0.1,0,1.2,"RB",2025,1,"2025-09-09T18:09:55Z","fantasypros","LeQuint Allen Jr.",27285,1.2,NA,NA,NA,"lequint-allen","fa","lequint-allen|RB|fa",1.2,NA,NA,NA,NA,NA,0.2,1.7,0,NA,NA,NA,NA,NA,NA,NA,NA,NA,NA,NA,NA,397,92
"Ty Chandler",NA,NA,NA,NA,NA,NA,1.4,6.4,0,0,1.2,"RB",2025,1,"2025-09-09T18:09:55Z","fantasypros","Ty Chandler",19471,1.2,NA,NA,NA,"ty-chandler","fa","ty-chandler|RB|fa",1.2,NA,NA,NA,NA,NA,0.2,1.6,0,NA,NA,NA,NA,NA,NA,NA,NA,NA,NA,NA,NA,398,93
"Kalel Mullings",NA,NA,NA,NA,NA,NA,0.9,4.6,0.1,0,1.1,"RB",2025,1,"2025-09-09T18:09:55Z","fantasypros","Kalel Mullings",27045,1.1,NA,NA,NA,"kalel-mullings","fa","kalel-mullings|RB|fa",1.1,NA,NA,NA,NA,NA,0.1,1.3,0,NA,NA,NA,NA,NA,NA,NA,NA,NA,NA,NA,NA,402,94
"Raheim Sanders",NA,NA,NA,NA,NA,NA,1.7,4.5,0.1,0,1,"RB",2025,1,"2025-09-09T18:09:55Z","fantasypros","Raheim Sanders",24351,1,NA,NA,NA,"raheim-sanders","fa","raheim-sanders|RB|fa",1,NA,NA,NA,NA,NA,0.1,1.1,0,NA,NA,NA,NA,NA,NA,NA,NA,NA,NA,NA,NA,405,95
"Craig Reynolds",NA,NA,NA,NA,NA,NA,1,3.7,0,0,0.9,"RB",2025,1,"2025-09-09T18:09:55Z","fantasypros","Craig Reynolds",19074,0.9,NA,NA,NA,"craig-reynolds","fa","craig-reynolds|RB|fa",0.9,NA,NA,NA,NA,NA,0.2,2,0,NA,NA,NA,NA,NA,NA,NA,NA,NA,NA,NA,NA,412,96
"Hunter Luepke",NA,NA,NA,NA,NA,NA,0.6,2,0,0,0.9,"RB",2025,1,"2025-09-09T18:09:55Z","fantasypros","Hunter Luepke",25941,0.9,NA,NA,NA,"hunter-luepke","fa","hunter-luepke|RB|fa",0.9,NA,NA,NA,NA,NA,0.3,2.8,0,NA,NA,NA,NA,NA,NA,NA,NA,NA,NA,NA,NA,413,97
"George Holani",NA,NA,NA,NA,NA,NA,0,5.5,0,0,0.8,"RB",2025,1,"2025-09-09T18:09:55Z","fantasypros","George Holani",22915,0.8,NA,NA,NA,"george-holani","fa","george-holani|RB|fa",0.8,NA,NA,NA,NA,NA,0.1,1.1,0,NA,NA,NA,NA,NA,NA,NA,NA,NA,NA,NA,NA,415,98
"Andrew Beck",NA,NA,NA,NA,NA,NA,0.1,0.1,0.1,0,0.5,"RB",2025,1,"2025-09-09T18:09:55Z","fantasypros","Andrew Beck",18748,0.5,NA,NA,NA,"andrew-beck","fa","andrew-beck|RB|fa",0.5,NA,NA,NA,NA,NA,0.2,0.6,0,NA,NA,NA,NA,NA,NA,NA,NA,NA,NA,NA,NA,452,99
"Rasheen Ali",NA,NA,NA,NA,NA,NA,0.3,1.2,0,0,0.4,"RB",2025,1,"2025-09-09T18:09:55Z","fantasypros","Rasheen Ali",25983,0.4,NA,NA,NA,"rasheen-ali","fa","rasheen-ali|RB|fa",0.4,NA,NA,NA,NA,NA,0.1,0.8,0,NA,NA,NA,NA,NA,NA,NA,NA,NA,NA,NA,NA,462,100
"Robbie Ouzts",NA,NA,NA,NA,NA,NA,0,0,0,0,0.3,"RB",2025,1,"2025-09-09T18:09:55Z","fantasypros","Robbie Ouzts",27473,0.3,NA,NA,NA,"robbie-ouzts","fa","robbie-ouzts|RB|fa",0.3,NA,NA,NA,NA,NA,0.1,0.9,0,NA,NA,NA,NA,NA,NA,NA,NA,NA,NA,NA,NA,468,101
"Scott Matlock",NA,NA,NA,NA,NA,NA,0,0,0,0,0.2,"RB",2025,1,"2025-09-09T18:09:55Z","fantasypros","Scott Matlock",25567,0.2,NA,NA,NA,"scott-matlock","fa","scott-matlock|RB|fa",0.2,NA,NA,NA,NA,NA,0.1,0.9,0,NA,NA,NA,NA,NA,NA,NA,NA,NA,NA,NA,NA,476,102
"Jakob Johnson",NA,NA,NA,NA,NA,NA,0.1,0.3,0,0,0.1,"RB",2025,1,"2025-09-09T18:09:55Z","fantasypros","Jakob Johnson",18673,0.1,NA,NA,NA,"jakob-johnson","fa","jakob-johnson|RB|fa",0.1,NA,NA,NA,NA,NA,0.1,0.4,0,NA,NA,NA,NA,NA,NA,NA,NA,NA,NA,NA,NA,478,103
"Reggie Gilliam",NA,NA,NA,NA,NA,NA,0.2,0.4,0,0,0.1,"RB",2025,1,"2025-09-09T18:09:55Z","fantasypros","Reggie Gilliam",19844,0.1,NA,NA,NA,"reggie-gilliam","fa","reggie-gilliam|RB|fa",0.1,NA,NA,NA,NA,NA,0,0.1,0,NA,NA,NA,NA,NA,NA,NA,NA,NA,NA,NA,NA,479,104
"Adam Prentice",NA,NA,NA,NA,NA,NA,0.1,0.3,0,0,0,"RB",2025,1,"2025-09-09T18:09:55Z","fantasypros","Adam Prentice",23451,0,NA,NA,NA,"adam-prentice","fa","adam-prentice|RB|fa",0,NA,NA,NA,NA,NA,0,0.1,0,NA,NA,NA,NA,NA,NA,NA,NA,NA,NA,NA,NA,509,105
"Eric Gray",NA,NA,NA,NA,NA,NA,0,0,0,0,0,"RB",2025,1,"2025-09-09T18:09:55Z","fantasypros","Eric Gray",23075,0,NA,NA,NA,"eric-gray","fa","eric-gray|RB|fa",0,NA,NA,NA,NA,NA,0,0,0,NA,NA,NA,NA,NA,NA,NA,NA,NA,NA,NA,NA,510,106
"Michael Burton",NA,NA,NA,NA,NA,NA,0,0,0,0,0,"RB",2025,1,"2025-09-09T18:09:55Z","fantasypros","Michael Burton",14191,0,NA,NA,NA,"michael-burton","fa","michael-burton|RB|fa",0,NA,NA,NA,NA,NA,0,0,0,NA,NA,NA,NA,NA,NA,NA,NA,NA,NA,NA,NA,511,107
"C.J. Ham",NA,NA,NA,NA,NA,NA,0,0,0,0,0,"RB",2025,1,"2025-09-09T18:09:55Z","fantasypros","C.J. Ham",16209,0,NA,NA,NA,"c-j-ham","fa","c-j-ham|RB|fa",0,NA,NA,NA,NA,NA,0,0,0,NA,NA,NA,NA,NA,NA,NA,NA,NA,NA,NA,NA,512,108
"Patrick Ricard",NA,NA,NA,NA,NA,NA,0,0,0,0,0,"RB",2025,1,"2025-09-09T18:09:55Z","fantasypros","Patrick Ricard",17145,0,NA,NA,NA,"patrick-ricard","fa","patrick-ricard|RB|fa",0,NA,NA,NA,NA,NA,0,0,0,NA,NA,NA,NA,NA,NA,NA,NA,NA,NA,NA,NA,513,109
"Jeff Wilson Jr.",NA,NA,NA,NA,NA,NA,0,0,0,0,0,"RB",2025,1,"2025-09-09T18:09:55Z","fantasypros","Jeff Wilson Jr.",18026,0,NA,NA,NA,"jeff-wilson","fa","jeff-wilson|RB|fa",0,NA,NA,NA,NA,NA,0,0,0,NA,NA,NA,NA,NA,NA,NA,NA,NA,NA,NA,NA,514,110
"Trayveon Williams",NA,NA,NA,NA,NA,NA,0,0,0,0,0,"RB",2025,1,"2025-09-09T18:09:55Z","fantasypros","Trayveon Williams",18607,0,NA,NA,NA,"trayveon-williams","fa","trayveon-williams|RB|fa",0,NA,NA,NA,NA,NA,0,0,0,NA,NA,NA,NA,NA,NA,NA,NA,NA,NA,NA,NA,515,111
"Travis Homer",NA,NA,NA,NA,NA,NA,0,0,0,0,0,"RB",2025,1,"2025-09-09T18:09:55Z","fantasypros","Travis Homer",18616,0,NA,NA,NA,"travis-homer","fa","travis-homer|RB|fa",0,NA,NA,NA,NA,NA,0,0,0,NA,NA,NA,NA,NA,NA,NA,NA,NA,NA,NA,NA,516,112
"D'Ernest Johnson",NA,NA,NA,NA,NA,NA,0,0,0,0,0,"RB",2025,1,"2025-09-09T18:09:55Z","fantasypros","D'Ernest Johnson",19111,0,NA,NA,NA,"d-ernest-johnson","fa","d-ernest-johnson|RB|fa",0,NA,NA,NA,NA,NA,0,0,0,NA,NA,NA,NA,NA,NA,NA,NA,NA,NA,NA,NA,517,113
"Clyde Edwards-Helaire",NA,NA,NA,NA,NA,NA,0,0,0,0,0,"RB",2025,1,"2025-09-09T18:09:55Z","fantasypros","Clyde Edwards-Helaire",19325,0,NA,NA,NA,"clyde-edwards-helaire","fa","clyde-edwards-helaire|RB|fa",0,NA,NA,NA,NA,NA,0,0,0,NA,NA,NA,NA,NA,NA,NA,NA,NA,NA,NA,NA,518,114
"Trey Sermon",NA,NA,NA,NA,NA,NA,0,0,0,0,0,"RB",2025,1,"2025-09-09T18:09:55Z","fantasypros","Trey Sermon",19425,0,NA,NA,NA,"trey-sermon","fa","trey-sermon|RB|fa",0,NA,NA,NA,NA,NA,0,0,0,NA,NA,NA,NA,NA,NA,NA,NA,NA,NA,NA,NA,519,115
"Salvon Ahmed",NA,NA,NA,NA,NA,NA,0,0,0,0,0,"RB",2025,1,"2025-09-09T18:09:55Z","fantasypros","Salvon Ahmed",19449,0,NA,NA,NA,"salvon-ahmed","fa","salvon-ahmed|RB|fa",0,NA,NA,NA,NA,NA,0,0,0,NA,NA,NA,NA,NA,NA,NA,NA,NA,NA,NA,NA,520,116
"DeeJay Dallas",NA,NA,NA,NA,NA,NA,0,0,0,0,0,"RB",2025,1,"2025-09-09T18:09:55Z","fantasypros","DeeJay Dallas",19521,0,NA,NA,NA,"deejay-dallas","fa","deejay-dallas|RB|fa",0,NA,NA,NA,NA,NA,0,0,0,NA,NA,NA,NA,NA,NA,NA,NA,NA,NA,NA,NA,521,117
"JaMycal Hasty",NA,NA,NA,NA,NA,NA,0,0,0,0,0,"RB",2025,1,"2025-09-09T18:09:55Z","fantasypros","JaMycal Hasty",19627,0,NA,NA,NA,"jamycal-hasty","fa","jamycal-hasty|RB|fa",0,NA,NA,NA,NA,NA,0,0,0,NA,NA,NA,NA,NA,NA,NA,NA,NA,NA,NA,NA,522,118
"Michael Carter",NA,NA,NA,NA,NA,NA,0,0,0,0,0,"RB",2025,1,"2025-09-09T18:09:55Z","fantasypros","Michael Carter",22728,0,NA,NA,NA,"michael-carter","fa","michael-carter|RB|fa",0,NA,NA,NA,NA,NA,0,0,0,NA,NA,NA,NA,NA,NA,NA,NA,NA,NA,NA,NA,523,119
"Elijah Mitchell",NA,NA,NA,NA,NA,NA,0,0,0,0,0,"RB",2025,1,"2025-09-09T18:09:55Z","fantasypros","Elijah Mitchell",22813,0,NA,NA,NA,"elijah-mitchell","fa","elijah-mitchell|RB|fa",0,NA,NA,NA,NA,NA,0,0,0,NA,NA,NA,NA,NA,NA,NA,NA,NA,NA,NA,NA,524,120
"Kendall Milton",NA,NA,NA,NA,NA,NA,0,0,0,0,0,"RB",2025,1,"2025-09-09T18:09:55Z","fantasypros","Kendall Milton",22962,0,NA,NA,NA,"kendall-milton","fa","kendall-milton|RB|fa",0,NA,NA,NA,NA,NA,0,0,0,NA,NA,NA,NA,NA,NA,NA,NA,NA,NA,NA,NA,525,121
"Tyler Goodson",NA,NA,NA,NA,NA,NA,0,0,0,0,0,"RB",2025,1,"2025-09-09T18:09:55Z","fantasypros","Tyler Goodson",22976,0,NA,NA,NA,"tyler-goodson","fa","tyler-goodson|RB|fa",0,NA,NA,NA,NA,NA,0,0,0,NA,NA,NA,NA,NA,NA,NA,NA,NA,NA,NA,NA,526,122
"Deuce Vaughn",NA,NA,NA,NA,NA,NA,0,0,0,0,0,"RB",2025,1,"2025-09-09T18:09:55Z","fantasypros","Deuce Vaughn",22984,0,NA,NA,NA,"deuce-vaughn","fa","deuce-vaughn|RB|fa",0,NA,NA,NA,NA,NA,0,0,0,NA,NA,NA,NA,NA,NA,NA,NA,NA,NA,NA,NA,527,123
"Audric Estime",NA,NA,NA,NA,NA,NA,0,0,0,0,0,"RB",2025,1,"2025-09-09T18:09:55Z","fantasypros","Audric Estime",23054,0,NA,NA,NA,"audric-estime","fa","audric-estime|RB|fa",0,NA,NA,NA,NA,NA,0,0,0,NA,NA,NA,NA,NA,NA,NA,NA,NA,NA,NA,NA,528,124
"Sincere McCormick",NA,NA,NA,NA,NA,NA,0,0,0,0,0,"RB",2025,1,"2025-09-09T18:09:55Z","fantasypros","Sincere McCormick",23172,0,NA,NA,NA,"sincere-mccormick","fa","sincere-mccormick|RB|fa",0,NA,NA,NA,NA,NA,0,0,0,NA,NA,NA,NA,NA,NA,NA,NA,NA,NA,NA,NA,529,125
"Kene Nwangwu",NA,NA,NA,NA,NA,NA,0,0,0,0,0,"RB",2025,1,"2025-09-09T18:09:55Z","fantasypros","Kene Nwangwu",23249,0,NA,NA,NA,"kene-nwangwu","fa","kene-nwangwu|RB|fa",0,NA,NA,NA,NA,NA,0,0,0,NA,NA,NA,NA,NA,NA,NA,NA,NA,NA,NA,NA,530,126
"Gary Brightwell",NA,NA,NA,NA,NA,NA,0,0,0,0,0,"RB",2025,1,"2025-09-09T18:09:55Z","fantasypros","Gary Brightwell",23293,0,NA,NA,NA,"gary-brightwell","fa","gary-brightwell|RB|fa",0,NA,NA,NA,NA,NA,0,0,0,NA,NA,NA,NA,NA,NA,NA,NA,NA,NA,NA,NA,531,127
"Ronnie Rivers",NA,NA,NA,NA,NA,NA,0,0,0,0,0,"RB",2025,1,"2025-09-09T18:09:55Z","fantasypros","Ronnie Rivers",23986,0,NA,NA,NA,"ronnie-rivers","fa","ronnie-rivers|RB|fa",0,NA,NA,NA,NA,NA,0,0,0,NA,NA,NA,NA,NA,NA,NA,NA,NA,NA,NA,NA,532,128
"Pierre Strong Jr.",NA,NA,NA,NA,NA,NA,0,0,0,0,0,"RB",2025,1,"2025-09-09T18:09:55Z","fantasypros","Pierre Strong Jr.",24173,0,NA,NA,NA,"pierre-strong","fa","pierre-strong|RB|fa",0,NA,NA,NA,NA,NA,0,0,0,NA,NA,NA,NA,NA,NA,NA,NA,NA,NA,NA,NA,533,129
"Malik Davis",NA,NA,NA,NA,NA,NA,0,0,0,0,0,"RB",2025,1,"2025-09-09T18:09:55Z","fantasypros","Malik Davis",24205,0,NA,NA,NA,"malik-davis","fa","malik-davis|RB|fa",0,NA,NA,NA,NA,NA,0,0,0,NA,NA,NA,NA,NA,NA,NA,NA,NA,NA,NA,NA,534,130
"Velus Jones Jr.",NA,NA,NA,NA,NA,NA,0,0,0,0,0,"RB",2025,1,"2025-09-09T18:09:55Z","fantasypros","Velus Jones Jr.",24214,0,NA,NA,NA,"velus-jones","fa","velus-jones|RB|fa",0,NA,NA,NA,NA,NA,0,0,0,NA,NA,NA,NA,NA,NA,NA,NA,NA,NA,NA,NA,535,131
"Jarquez Hunter",NA,NA,NA,NA,NA,NA,0,0,0,0,0,"RB",2025,1,"2025-09-09T18:09:55Z","fantasypros","Jarquez Hunter",24335,0,NA,NA,NA,"jarquez-hunter","fa","jarquez-hunter|RB|fa",0,NA,NA,NA,NA,NA,0,0,0,NA,NA,NA,NA,NA,NA,NA,NA,NA,NA,NA,NA,536,132
"Jaydon Blue",NA,NA,NA,NA,NA,NA,0,0,0,0,0,"RB",2025,1,"2025-09-09T18:09:55Z","fantasypros","Jaydon Blue",24344,0,NA,NA,NA,"jaydon-blue","fa","jaydon-blue|RB|fa",0,NA,NA,NA,NA,NA,0,0,0,NA,NA,NA,NA,NA,NA,NA,NA,NA,NA,NA,NA,537,133
"Brittain Brown",NA,NA,NA,NA,NA,NA,0,0,0,0,0,"RB",2025,1,"2025-09-09T18:09:55Z","fantasypros","Brittain Brown",24572,0,NA,NA,NA,"brittain-brown","fa","brittain-brown|RB|fa",0,NA,NA,NA,NA,NA,0,0,0,NA,NA,NA,NA,NA,NA,NA,NA,NA,NA,NA,NA,538,134
"Zonovan Knight",NA,NA,NA,NA,NA,NA,0,0,0,0,0,"RB",2025,1,"2025-09-09T18:09:55Z","fantasypros","Zonovan Knight",24901,0,NA,NA,NA,"zonovan-knight","fa","zonovan-knight|RB|fa",0,NA,NA,NA,NA,NA,0,0,0,NA,NA,NA,NA,NA,NA,NA,NA,NA,NA,NA,NA,539,135
"Xazavian Valladay",NA,NA,NA,NA,NA,NA,0,0,0,0,0,"RB",2025,1,"2025-09-09T18:09:55Z","fantasypros","Xazavian Valladay",25357,0,NA,NA,NA,"xazavian-valladay","fa","xazavian-valladay|RB|fa",0,NA,NA,NA,NA,NA,0,0,0,NA,NA,NA,NA,NA,NA,NA,NA,NA,NA,NA,NA,540,136
"Keaton Mitchell",NA,NA,NA,NA,NA,NA,0,0,0,0,0,"RB",2025,1,"2025-09-09T18:09:55Z","fantasypros","Keaton Mitchell",25360,0,NA,NA,NA,"keaton-mitchell","fa","keaton-mitchell|RB|fa",0,NA,NA,NA,NA,NA,0,0,0,NA,NA,NA,NA,NA,NA,NA,NA,NA,NA,NA,NA,541,137
"Lew Nichols III",NA,NA,NA,NA,NA,NA,0,0,0,0,0,"RB",2025,1,"2025-09-09T18:09:55Z","fantasypros","Lew Nichols III",25443,0,NA,NA,NA,"lew-nichols","fa","lew-nichols|RB|fa",0,NA,NA,NA,NA,NA,0,0,0,NA,NA,NA,NA,NA,NA,NA,NA,NA,NA,NA,NA,542,138
"Carlos Washington Jr.",NA,NA,NA,NA,NA,NA,0,0,0,0,0,"RB",2025,1,"2025-09-09T18:09:55Z","fantasypros","Carlos Washington Jr.",25644,0,NA,NA,NA,"carlos-washington","fa","carlos-washington|RB|fa",0,NA,NA,NA,NA,NA,0,0,0,NA,NA,NA,NA,NA,NA,NA,NA,NA,NA,NA,NA,543,139
"Jacob Saylors",NA,NA,NA,NA,NA,NA,0,0,0,0,0,"RB",2025,1,"2025-09-09T18:09:55Z","fantasypros","Jacob Saylors",25693,0,NA,NA,NA,"jacob-saylors","fa","jacob-saylors|RB|fa",0,NA,NA,NA,NA,NA,0,0,0,NA,NA,NA,NA,NA,NA,NA,NA,NA,NA,NA,NA,544,140
"Ben VanSumeren",NA,NA,NA,NA,NA,NA,0,0,0,0,0,"RB",2025,1,"2025-09-09T18:09:55Z","fantasypros","Ben VanSumeren",25727,0,NA,NA,NA,"ben-vansumeren","fa","ben-vansumeren|RB|fa",0,NA,NA,NA,NA,NA,0,0,0,NA,NA,NA,NA,NA,NA,NA,NA,NA,NA,NA,NA,545,141
"Brady Russell",NA,NA,NA,NA,NA,NA,0,0,0,0,0,"RB",2025,1,"2025-09-09T18:09:55Z","fantasypros","Brady Russell",25731,0,NA,NA,NA,"brady-russell","fa","brady-russell|RB|fa",0,NA,NA,NA,NA,NA,0,0,0,NA,NA,NA,NA,NA,NA,NA,NA,NA,NA,NA,NA,546,142
"Deneric Prince",NA,NA,NA,NA,NA,NA,0,0,0,0,0,"RB",2025,1,"2025-09-09T18:09:55Z","fantasypros","Deneric Prince",25770,0,NA,NA,NA,"deneric-prince","fa","deneric-prince|RB|fa",0,NA,NA,NA,NA,NA,0,0,0,NA,NA,NA,NA,NA,NA,NA,NA,NA,NA,NA,NA,547,143
"Jordan Mims",NA,NA,NA,NA,NA,NA,0,0,0,0,0,"RB",2025,1,"2025-09-09T18:09:55Z","fantasypros","Jordan Mims",25816,0,NA,NA,NA,"jordan-mims","fa","jordan-mims|RB|fa",0,NA,NA,NA,NA,NA,0,0,0,NA,NA,NA,NA,NA,NA,NA,NA,NA,NA,NA,NA,548,144
"Jaleel McLaughlin",NA,NA,NA,NA,NA,NA,0,0,0,0,0,"RB",2025,1,"2025-09-09T18:09:55Z","fantasypros","Jaleel McLaughlin",25876,0,NA,NA,NA,"jaleel-mclaughlin","fa","jaleel-mclaughlin|RB|fa",0,NA,NA,NA,NA,NA,0,0,0,NA,NA,NA,NA,NA,NA,NA,NA,NA,NA,NA,NA,549,145
"Damien Martinez",NA,NA,NA,NA,NA,NA,0,0,0,0,0,"RB",2025,1,"2025-09-09T18:09:55Z","fantasypros","Damien Martinez",25976,0,NA,NA,NA,"damien-martinez","fa","damien-martinez|RB|fa",0,NA,NA,NA,NA,NA,0,0,0,NA,NA,NA,NA,NA,NA,NA,NA,NA,NA,NA,NA,550,146
"Frank Gore Jr.",NA,NA,NA,NA,NA,NA,0,0,0,0,0,"RB",2025,1,"2025-09-09T18:09:55Z","fantasypros","Frank Gore Jr.",25980,0,NA,NA,NA,"frank-gore","fa","frank-gore|RB|fa",0,NA,NA,NA,NA,NA,0,0,0,NA,NA,NA,NA,NA,NA,NA,NA,NA,NA,NA,NA,551,147
"Jaylen Wright",NA,NA,NA,NA,NA,NA,0,0,0,0,0,"RB",2025,1,"2025-09-09T18:09:55Z","fantasypros","Jaylen Wright",25987,0,NA,NA,NA,"jaylen-wright","fa","jaylen-wright|RB|fa",0,NA,NA,NA,NA,NA,0,0,0,NA,NA,NA,NA,NA,NA,NA,NA,NA,NA,NA,NA,552,148
"Cody Schrader",NA,NA,NA,NA,NA,NA,0,0,0,0,0,"RB",2025,1,"2025-09-09T18:09:55Z","fantasypros","Cody Schrader",26216,0,NA,NA,NA,"cody-schrader","fa","cody-schrader|RB|fa",0,NA,NA,NA,NA,NA,0,0,0,NA,NA,NA,NA,NA,NA,NA,NA,NA,NA,NA,NA,553,149
"Sione Vaki",NA,NA,NA,NA,NA,NA,0,0,0,0,0,"RB",2025,1,"2025-09-09T18:09:55Z","fantasypros","Sione Vaki",26309,0,NA,NA,NA,"sione-vaki","fa","sione-vaki|RB|fa",0,NA,NA,NA,NA,NA,0,0,0,NA,NA,NA,NA,NA,NA,NA,NA,NA,NA,NA,NA,554,150
"Jawhar Jordan",NA,NA,NA,NA,NA,NA,0,0,0,0,0,"RB",2025,1,"2025-09-09T18:09:55Z","fantasypros","Jawhar Jordan",26329,0,NA,NA,NA,"jawhar-jordan","fa","jawhar-jordan|RB|fa",0,NA,NA,NA,NA,NA,0,0,0,NA,NA,NA,NA,NA,NA,NA,NA,NA,NA,NA,NA,555,151
"Carson Steele",NA,NA,NA,NA,NA,NA,0,0,0,0,0,"RB",2025,1,"2025-09-09T18:09:55Z","fantasypros","Carson Steele",26372,0,NA,NA,NA,"carson-steele","fa","carson-steele|RB|fa",0,NA,NA,NA,NA,NA,0,0,0,NA,NA,NA,NA,NA,NA,NA,NA,NA,NA,NA,NA,556,152
"Dante Miller",NA,NA,NA,NA,NA,NA,0,0,0,0,0,"RB",2025,1,"2025-09-09T18:09:55Z","fantasypros","Dante Miller",26446,0,NA,NA,NA,"dante-miller","fa","dante-miller|RB|fa",0,NA,NA,NA,NA,NA,0,0,0,NA,NA,NA,NA,NA,NA,NA,NA,NA,NA,NA,NA,557,153
"Chris Collier",NA,NA,NA,NA,NA,NA,0,0,0,0,0,"RB",2025,1,"2025-09-09T18:09:55Z","fantasypros","Chris Collier",26597,0,NA,NA,NA,"chris-collier","fa","chris-collier|RB|fa",0,NA,NA,NA,NA,NA,0,0,0,NA,NA,NA,NA,NA,NA,NA,NA,NA,NA,NA,NA,558,154
"British Brooks",NA,NA,NA,NA,NA,NA,0,0,0,0,0,"RB",2025,1,"2025-09-09T18:09:55Z","fantasypros","British Brooks",26748,0,NA,NA,NA,"british-brooks","fa","british-brooks|RB|fa",0,NA,NA,NA,NA,NA,0,0,0,NA,NA,NA,NA,NA,NA,NA,NA,NA,NA,NA,NA,559,155
"Terrell Jennings",NA,NA,NA,NA,NA,NA,0,0,0,0,0,"RB",2025,1,"2025-09-09T18:09:55Z","fantasypros","Terrell Jennings",26964,0,NA,NA,NA,"terrell-jennings","fa","terrell-jennings|RB|fa",0,NA,NA,NA,NA,NA,0,0,0,NA,NA,NA,NA,NA,NA,NA,NA,NA,NA,NA,NA,560,156
"Jordan James",NA,NA,NA,NA,NA,NA,0,0,0,0,0,"RB",2025,1,"2025-09-09T18:09:55Z","fantasypros","Jordan James",27310,0,NA,NA,NA,"jordan-james","fa","jordan-james|RB|fa",0,NA,NA,NA,NA,NA,0,0,0,NA,NA,NA,NA,NA,NA,NA,NA,NA,NA,NA,NA,561,157
"Josh Williams",NA,NA,NA,NA,NA,NA,0,0,0,0,0,"RB",2025,1,"2025-09-09T18:09:55Z","fantasypros","Josh Williams",27444,0,NA,NA,NA,"josh-williams","fa","josh-williams|RB|fa",0,NA,NA,NA,NA,NA,0,0,0,NA,NA,NA,NA,NA,NA,NA,NA,NA,NA,NA,NA,562,158
"Nathan Carter",NA,NA,NA,NA,NA,NA,0,0,0,0,0,"RB",2025,1,"2025-09-09T18:09:55Z","fantasypros","Nathan Carter",27667,0,NA,NA,NA,"nathan-carter","fa","nathan-carter|RB|fa",0,NA,NA,NA,NA,NA,0,0,0,NA,NA,NA,NA,NA,NA,NA,NA,NA,NA,NA,NA,563,159
"Brock Bowers",NA,NA,NA,NA,NA,NA,NA,NA,NA,0,15.6,"TE",2025,1,"2025-09-09T18:09:55Z","fantasypros","Brock Bowers",22955,15.6,NA,NA,NA,"brock-bowers","fa","brock-bowers|TE|fa",15.6,NA,NA,NA,NA,NA,6.5,69.7,0.4,NA,NA,NA,NA,NA,NA,NA,NA,NA,NA,NA,NA,51,1
"Trey McBride",NA,NA,NA,NA,NA,NA,NA,NA,NA,0,15.1,"TE",2025,1,"2025-09-09T18:09:55Z","fantasypros","Trey McBride",22936,15.1,NA,NA,NA,"trey-mcbride","fa","trey-mcbride|TE|fa",15.1,NA,NA,NA,NA,NA,6.3,66.7,0.4,NA,NA,NA,NA,NA,NA,NA,NA,NA,NA,NA,NA,57,2
"Travis Kelce",NA,NA,NA,NA,NA,NA,NA,NA,NA,0,12.7,"TE",2025,1,"2025-09-09T18:09:55Z","fantasypros","Travis Kelce",11594,12.7,NA,NA,NA,"travis-kelce","fa","travis-kelce|TE|fa",12.7,NA,NA,NA,NA,NA,5.4,52.6,0.3,NA,NA,NA,NA,NA,NA,NA,NA,NA,NA,NA,NA,90,3
"David Njoku",NA,NA,NA,NA,NA,NA,NA,NA,NA,0,12,"TE",2025,1,"2025-09-09T18:09:55Z","fantasypros","David Njoku",16399,12,NA,NA,NA,"david-njoku","fa","david-njoku|TE|fa",12,NA,NA,NA,NA,NA,4.9,49,0.4,NA,NA,NA,NA,NA,NA,NA,NA,NA,NA,NA,NA,102,4
"Mark Andrews",NA,NA,NA,NA,NA,NA,NA,NA,NA,0.1,11.2,"TE",2025,1,"2025-09-09T18:09:55Z","fantasypros","Mark Andrews",17269,11.2,NA,NA,NA,"mark-andrews","fa","mark-andrews|TE|fa",11.2,NA,NA,NA,NA,NA,4.1,46.6,0.4,NA,NA,NA,NA,NA,NA,NA,NA,NA,NA,NA,NA,108,5
"T.J. Hockenson",NA,NA,NA,NA,NA,NA,NA,NA,NA,0,11.1,"TE",2025,1,"2025-09-09T18:09:55Z","fantasypros","T.J. Hockenson",18290,11.1,NA,NA,NA,"t-j-hockenson","fa","t-j-hockenson|TE|fa",11.1,NA,NA,NA,NA,NA,4.7,50.2,0.2,NA,NA,NA,NA,NA,NA,NA,NA,NA,NA,NA,NA,110,6
"Sam LaPorta",NA,NA,NA,NA,NA,NA,NA,NA,NA,0,10.7,"TE",2025,1,"2025-09-09T18:09:55Z","fantasypros","Sam LaPorta",22978,10.7,NA,NA,NA,"sam-laporta","fa","sam-laporta|TE|fa",10.7,NA,NA,NA,NA,NA,4.1,44.9,0.3,NA,NA,NA,NA,NA,NA,NA,NA,NA,NA,NA,NA,113,7
"Evan Engram",NA,NA,NA,NA,NA,NA,NA,NA,NA,0.1,9.7,"TE",2025,1,"2025-09-09T18:09:55Z","fantasypros","Evan Engram",16411,9.7,NA,NA,NA,"evan-engram","fa","evan-engram|TE|fa",9.7,NA,NA,NA,NA,NA,4.4,37.9,0.3,NA,NA,NA,NA,NA,NA,NA,NA,NA,NA,NA,NA,124,8
"Tyler Warren",NA,NA,NA,NA,NA,NA,NA,NA,NA,0.1,9.6,"TE",2025,1,"2025-09-09T18:09:55Z","fantasypros","Tyler Warren",26434,9.6,NA,NA,NA,"tyler-warren","fa","tyler-warren|TE|fa",9.6,NA,NA,NA,NA,NA,3.9,41,0.3,NA,NA,NA,NA,NA,NA,NA,NA,NA,NA,NA,NA,127,9
"Zach Ertz",NA,NA,NA,NA,NA,NA,NA,NA,NA,0,9.2,"TE",2025,1,"2025-09-09T18:09:55Z","fantasypros","Zach Ertz",11689,9.2,NA,NA,NA,"zach-ertz","fa","zach-ertz|TE|fa",9.2,NA,NA,NA,NA,NA,3.8,34.8,0.3,NA,NA,NA,NA,NA,NA,NA,NA,NA,NA,NA,NA,128,10
"Dallas Goedert",NA,NA,NA,NA,NA,NA,NA,NA,NA,0,9.2,"TE",2025,1,"2025-09-09T18:09:55Z","fantasypros","Dallas Goedert",17270,9.2,NA,NA,NA,"dallas-goedert","fa","dallas-goedert|TE|fa",9.2,NA,NA,NA,NA,NA,3.6,42.1,0.2,NA,NA,NA,NA,NA,NA,NA,NA,NA,NA,NA,NA,129,11
"Jake Ferguson",NA,NA,NA,NA,NA,NA,NA,NA,NA,0.1,9.1,"TE",2025,1,"2025-09-09T18:09:55Z","fantasypros","Jake Ferguson",22718,9.1,NA,NA,NA,"jake-ferguson","fa","jake-ferguson|TE|fa",9.1,NA,NA,NA,NA,NA,4.2,37.7,0.2,NA,NA,NA,NA,NA,NA,NA,NA,NA,NA,NA,NA,131,12
"Tucker Kraft",NA,NA,NA,NA,NA,NA,NA,NA,NA,0,8.9,"TE",2025,1,"2025-09-09T18:09:55Z","fantasypros","Tucker Kraft",25298,8.9,NA,NA,NA,"tucker-kraft","fa","tucker-kraft|TE|fa",8.9,NA,NA,NA,NA,NA,3.3,39,0.3,NA,NA,NA,NA,NA,NA,NA,NA,NA,NA,NA,NA,138,13
"Kyle Pitts Sr.",NA,NA,NA,NA,NA,NA,NA,NA,NA,0,8.6,"TE",2025,1,"2025-09-09T18:09:55Z","fantasypros","Kyle Pitts Sr.",20164,8.6,NA,NA,NA,"kyle-pitts","fa","kyle-pitts|TE|fa",8.6,NA,NA,NA,NA,NA,3.2,40.8,0.2,NA,NA,NA,NA,NA,NA,NA,NA,NA,NA,NA,NA,143,14
"Hunter Henry",NA,NA,NA,NA,NA,NA,NA,NA,NA,0,8.3,"TE",2025,1,"2025-09-09T18:09:55Z","fantasypros","Hunter Henry",15561,8.3,NA,NA,NA,"hunter-henry","fa","hunter-henry|TE|fa",8.3,NA,NA,NA,NA,NA,3.3,34.5,0.3,NA,NA,NA,NA,NA,NA,NA,NA,NA,NA,NA,NA,147,15
"Dalton Kincaid",NA,NA,NA,NA,NA,NA,NA,NA,NA,0,8.3,"TE",2025,1,"2025-09-09T18:09:55Z","fantasypros","Dalton Kincaid",25247,8.3,NA,NA,NA,"dalton-kincaid","fa","dalton-kincaid|TE|fa",8.3,NA,NA,NA,NA,NA,3.5,36.3,0.2,NA,NA,NA,NA,NA,NA,NA,NA,NA,NA,NA,NA,148,16
"Cade Otton",NA,NA,NA,NA,NA,NA,NA,NA,NA,0.1,8.2,"TE",2025,1,"2025-09-09T18:09:55Z","fantasypros","Cade Otton",23181,8.2,NA,NA,NA,"cade-otton","fa","cade-otton|TE|fa",8.2,NA,NA,NA,NA,NA,3.5,33.9,0.2,NA,NA,NA,NA,NA,NA,NA,NA,NA,NA,NA,NA,151,17
"Chig Okonkwo",NA,NA,NA,NA,NA,NA,NA,NA,NA,0,7.9,"TE",2025,1,"2025-09-09T18:09:55Z","fantasypros","Chig Okonkwo",23982,7.9,NA,NA,NA,"chig-okonkwo","fa","chig-okonkwo|TE|fa",7.9,NA,NA,NA,NA,NA,3.5,34.3,0.2,NA,NA,NA,NA,NA,NA,NA,NA,NA,NA,NA,NA,158,18
"Brenton Strange",NA,NA,NA,NA,NA,NA,NA,NA,NA,0,7.8,"TE",2025,1,"2025-09-09T18:09:55Z","fantasypros","Brenton Strange",25345,7.8,NA,NA,NA,"brenton-strange","fa","brenton-strange|TE|fa",7.8,NA,NA,NA,NA,NA,3.1,33.4,0.2,NA,NA,NA,NA,NA,NA,NA,NA,NA,NA,NA,NA,161,19
"Dalton Schultz",NA,NA,NA,NA,NA,NA,NA,NA,NA,0,7.7,"TE",2025,1,"2025-09-09T18:09:55Z","fantasypros","Dalton Schultz",17349,7.7,NA,NA,NA,"dalton-schultz","fa","dalton-schultz|TE|fa",7.7,NA,NA,NA,NA,NA,3.3,34,0.2,NA,NA,NA,NA,NA,NA,NA,NA,NA,NA,NA,NA,164,20
"Mike Gesicki",NA,NA,NA,NA,NA,NA,NA,NA,NA,0,7.3,"TE",2025,1,"2025-09-09T18:09:55Z","fantasypros","Mike Gesicki",17272,7.3,NA,NA,NA,"mike-gesicki","fa","mike-gesicki|TE|fa",7.3,NA,NA,NA,NA,NA,2.9,30.5,0.2,NA,NA,NA,NA,NA,NA,NA,NA,NA,NA,NA,NA,179,21
"Colston Loveland",NA,NA,NA,NA,NA,NA,NA,NA,NA,0.1,7.1,"TE",2025,1,"2025-09-09T18:09:55Z","fantasypros","Colston Loveland",26006,7.1,NA,NA,NA,"colston-loveland","fa","colston-loveland|TE|fa",7.1,NA,NA,NA,NA,NA,3,31.2,0.2,NA,NA,NA,NA,NA,NA,NA,NA,NA,NA,NA,NA,184,22
"Jonnu Smith",NA,NA,NA,NA,NA,NA,NA,NA,NA,0,7.1,"TE",2025,1,"2025-09-09T18:09:55Z","fantasypros","Jonnu Smith",16460,7.1,NA,NA,NA,"jonnu-smith","fa","jonnu-smith|TE|fa",7.1,NA,NA,NA,NA,NA,2.9,29.7,0.2,NA,NA,NA,NA,NA,NA,NA,NA,NA,NA,NA,NA,185,23
"Pat Freiermuth",NA,NA,NA,NA,NA,NA,NA,NA,NA,0.1,6.9,"TE",2025,1,"2025-09-09T18:09:55Z","fantasypros","Pat Freiermuth",20163,6.9,NA,NA,NA,"pat-freiermuth","fa","pat-freiermuth|TE|fa",6.9,NA,NA,NA,NA,NA,3,28.4,0.2,NA,NA,NA,NA,NA,NA,NA,NA,NA,NA,NA,NA,194,24
"Theo Johnson",NA,NA,NA,NA,NA,NA,NA,NA,NA,0,6.9,"TE",2025,1,"2025-09-09T18:09:55Z","fantasypros","Theo Johnson",23104,6.9,NA,NA,NA,"theo-johnson","fa","theo-johnson|TE|fa",6.9,NA,NA,NA,NA,NA,2.8,30.8,0.2,NA,NA,NA,NA,NA,NA,NA,NA,NA,NA,NA,NA,195,25
"Mason Taylor",NA,NA,NA,NA,NA,NA,NA,NA,NA,0,6.7,"TE",2025,1,"2025-09-09T18:09:55Z","fantasypros","Mason Taylor",26005,6.7,NA,NA,NA,"mason-taylor","fa","mason-taylor|TE|fa",6.7,NA,NA,NA,NA,NA,2.8,29.8,0.2,NA,NA,NA,NA,NA,NA,NA,NA,NA,NA,NA,NA,203,26
"Robbie Ouzts",NA,NA,NA,NA,NA,NA,NA,NA,NA,0.1,6.6,"TE",2025,1,"2025-09-09T18:09:55Z","fantasypros","Robbie Ouzts",27473,6.6,NA,NA,NA,"robbie-ouzts","fa","robbie-ouzts|TE|fa",6.6,NA,NA,NA,NA,NA,2.9,27.1,0.2,NA,NA,NA,NA,NA,NA,NA,NA,NA,NA,NA,NA,209,27
"Ja'Tavion Sanders",NA,NA,NA,NA,NA,NA,NA,NA,NA,0,6.6,"TE",2025,1,"2025-09-09T18:09:55Z","fantasypros","Ja'Tavion Sanders",24334,6.6,NA,NA,NA,"ja-tavion-sanders","fa","ja-tavion-sanders|TE|fa",6.6,NA,NA,NA,NA,NA,2.8,29,0.2,NA,NA,NA,NA,NA,NA,NA,NA,NA,NA,NA,NA,210,28
"Juwan Johnson",NA,NA,NA,NA,NA,NA,NA,NA,NA,0,6.6,"TE",2025,1,"2025-09-09T18:09:55Z","fantasypros","Juwan Johnson",19562,6.6,NA,NA,NA,"juwan-johnson","fa","juwan-johnson|TE|fa",6.6,NA,NA,NA,NA,NA,2.7,29,0.2,NA,NA,NA,NA,NA,NA,NA,NA,NA,NA,NA,NA,211,29
"Tyler Higbee",NA,NA,NA,NA,NA,NA,NA,NA,NA,0,6.2,"TE",2025,1,"2025-09-09T18:09:55Z","fantasypros","Tyler Higbee",15623,6.2,NA,NA,NA,"tyler-higbee","fa","tyler-higbee|TE|fa",6.2,NA,NA,NA,NA,NA,2.7,24.9,0.2,NA,NA,NA,NA,NA,NA,NA,NA,NA,NA,NA,NA,219,30
"Will Dissly",NA,NA,NA,NA,NA,NA,NA,NA,NA,0,5.8,"TE",2025,1,"2025-09-09T18:09:55Z","fantasypros","Will Dissly",18049,5.8,NA,NA,NA,"will-dissly","fa","will-dissly|TE|fa",5.8,NA,NA,NA,NA,NA,2.5,25,0.1,NA,NA,NA,NA,NA,NA,NA,NA,NA,NA,NA,NA,236,31
"Tyler Conklin",NA,NA,NA,NA,NA,NA,NA,NA,NA,0,5.4,"TE",2025,1,"2025-09-09T18:09:55Z","fantasypros","Tyler Conklin",17598,5.4,NA,NA,NA,"tyler-conklin","fa","tyler-conklin|TE|fa",5.4,NA,NA,NA,NA,NA,2.4,23.3,0.1,NA,NA,NA,NA,NA,NA,NA,NA,NA,NA,NA,NA,252,32
"Noah Gray",NA,NA,NA,NA,NA,NA,NA,NA,NA,0,5,"TE",2025,1,"2025-09-09T18:09:55Z","fantasypros","Noah Gray",19539,5,NA,NA,NA,"noah-gray","fa","noah-gray|TE|fa",5,NA,NA,NA,NA,NA,2.1,20.7,0.2,NA,NA,NA,NA,NA,NA,NA,NA,NA,NA,NA,NA,266,33
"AJ Barner",NA,NA,NA,NA,NA,NA,NA,NA,NA,0,5,"TE",2025,1,"2025-09-09T18:09:55Z","fantasypros","AJ Barner",26335,5,NA,NA,NA,"aj-barner","fa","aj-barner|TE|fa",5,NA,NA,NA,NA,NA,2.1,19.6,0.1,NA,NA,NA,NA,NA,NA,NA,NA,NA,NA,NA,NA,267,34
"Julian Hill",NA,NA,NA,NA,NA,NA,NA,NA,NA,0,4.8,"TE",2025,1,"2025-09-09T18:09:55Z","fantasypros","Julian Hill",25824,4.8,NA,NA,NA,"julian-hill","fa","julian-hill|TE|fa",4.8,NA,NA,NA,NA,NA,2.1,20.2,0.1,NA,NA,NA,NA,NA,NA,NA,NA,NA,NA,NA,NA,276,35
"Elijah Arroyo",NA,NA,NA,NA,NA,NA,NA,NA,NA,0,4.5,"TE",2025,1,"2025-09-09T18:09:55Z","fantasypros","Elijah Arroyo",23004,4.5,NA,NA,NA,"elijah-arroyo","fa","elijah-arroyo|TE|fa",4.5,NA,NA,NA,NA,NA,2,19.4,0.1,NA,NA,NA,NA,NA,NA,NA,NA,NA,NA,NA,NA,284,36
"Harold Fannin Jr.",NA,NA,NA,NA,NA,NA,NA,NA,NA,0,4.3,"TE",2025,1,"2025-09-09T18:09:55Z","fantasypros","Harold Fannin Jr.",27050,4.3,NA,NA,NA,"harold-fannin","fa","harold-fannin|TE|fa",4.3,NA,NA,NA,NA,NA,1.8,18.2,0.1,NA,NA,NA,NA,NA,NA,NA,NA,NA,NA,NA,NA,288,37
"Cole Kmet",NA,NA,NA,NA,NA,NA,NA,NA,NA,0,4.2,"TE",2025,1,"2025-09-09T18:09:55Z","fantasypros","Cole Kmet",19229,4.2,NA,NA,NA,"cole-kmet","fa","cole-kmet|TE|fa",4.2,NA,NA,NA,NA,NA,1.7,17.5,0.1,NA,NA,NA,NA,NA,NA,NA,NA,NA,NA,NA,NA,293,38
"Noah Fant",NA,NA,NA,NA,NA,NA,NA,NA,NA,0,4.2,"TE",2025,1,"2025-09-09T18:09:55Z","fantasypros","Noah Fant",17527,4.2,NA,NA,NA,"noah-fant","fa","noah-fant|TE|fa",4.2,NA,NA,NA,NA,NA,1.7,17.6,0.1,NA,NA,NA,NA,NA,NA,NA,NA,NA,NA,NA,NA,294,39
"Austin Hooper",NA,NA,NA,NA,NA,NA,NA,NA,NA,0,4.1,"TE",2025,1,"2025-09-09T18:09:55Z","fantasypros","Austin Hooper",15581,4.1,NA,NA,NA,"austin-hooper","fa","austin-hooper|TE|fa",4.1,NA,NA,NA,NA,NA,1.8,17.8,0.1,NA,NA,NA,NA,NA,NA,NA,NA,NA,NA,NA,NA,299,40
"Tanner Conner",NA,NA,NA,NA,NA,NA,NA,NA,NA,0,3.6,"TE",2025,1,"2025-09-09T18:09:55Z","fantasypros","Tanner Conner",24216,3.6,NA,NA,NA,"tanner-conner","fa","tanner-conner|TE|fa",3.6,NA,NA,NA,NA,NA,1.5,14.8,0.1,NA,NA,NA,NA,NA,NA,NA,NA,NA,NA,NA,NA,311,41
"Michael Mayer",NA,NA,NA,NA,NA,NA,NA,NA,NA,0,3.5,"TE",2025,1,"2025-09-09T18:09:55Z","fantasypros","Michael Mayer",23056,3.5,NA,NA,NA,"michael-mayer","fa","michael-mayer|TE|fa",3.5,NA,NA,NA,NA,NA,1.6,14.9,0.1,NA,NA,NA,NA,NA,NA,NA,NA,NA,NA,NA,NA,312,42
"Payne Durham",NA,NA,NA,NA,NA,NA,NA,NA,NA,0,3.2,"TE",2025,1,"2025-09-09T18:09:55Z","fantasypros","Payne Durham",25346,3.2,NA,NA,NA,"payne-durham","fa","payne-durham|TE|fa",3.2,NA,NA,NA,NA,NA,1.3,12.8,0.1,NA,NA,NA,NA,NA,NA,NA,NA,NA,NA,NA,NA,319,43
"Gunnar Helm",NA,NA,NA,NA,NA,NA,NA,NA,NA,0,3.1,"TE",2025,1,"2025-09-09T18:09:55Z","fantasypros","Gunnar Helm",27109,3.1,NA,NA,NA,"gunnar-helm","fa","gunnar-helm|TE|fa",3.1,NA,NA,NA,NA,NA,1.3,13.2,0.1,NA,NA,NA,NA,NA,NA,NA,NA,NA,NA,NA,NA,320,44
"Charlie Kolar",NA,NA,NA,NA,NA,NA,NA,NA,NA,0,3,"TE",2025,1,"2025-09-09T18:09:55Z","fantasypros","Charlie Kolar",22756,3,NA,NA,NA,"charlie-kolar","fa","charlie-kolar|TE|fa",3,NA,NA,NA,NA,NA,1.1,13.4,0.1,NA,NA,NA,NA,NA,NA,NA,NA,NA,NA,NA,NA,322,45
"Dawson Knox",NA,NA,NA,NA,NA,NA,NA,NA,NA,0,3,"TE",2025,1,"2025-09-09T18:09:55Z","fantasypros","Dawson Knox",18631,3,NA,NA,NA,"dawson-knox","fa","dawson-knox|TE|fa",3,NA,NA,NA,NA,NA,1.1,12.7,0.1,NA,NA,NA,NA,NA,NA,NA,NA,NA,NA,NA,NA,323,46
"Tommy Tremble",NA,NA,NA,NA,NA,NA,NA,NA,NA,0,2.9,"TE",2025,1,"2025-09-09T18:09:55Z","fantasypros","Tommy Tremble",22795,2.9,NA,NA,NA,"tommy-tremble","fa","tommy-tremble|TE|fa",2.9,NA,NA,NA,NA,NA,1.2,11.9,0.1,NA,NA,NA,NA,NA,NA,NA,NA,NA,NA,NA,NA,327,47
"Josh Oliver",NA,NA,NA,NA,NA,NA,NA,NA,NA,0,2.9,"TE",2025,1,"2025-09-09T18:09:55Z","fantasypros","Josh Oliver",18487,2.9,NA,NA,NA,"josh-oliver","fa","josh-oliver|TE|fa",2.9,NA,NA,NA,NA,NA,1.1,11.9,0.1,NA,NA,NA,NA,NA,NA,NA,NA,NA,NA,NA,NA,328,48
"Luke Musgrave",NA,NA,NA,NA,NA,NA,NA,NA,NA,0,2.7,"TE",2025,1,"2025-09-09T18:09:55Z","fantasypros","Luke Musgrave",25282,2.7,NA,NA,NA,"luke-musgrave","fa","luke-musgrave|TE|fa",2.7,NA,NA,NA,NA,NA,1.2,11.4,0.1,NA,NA,NA,NA,NA,NA,NA,NA,NA,NA,NA,NA,334,49
"Cade Stover",NA,NA,NA,NA,NA,NA,NA,NA,NA,0,2.5,"TE",2025,1,"2025-09-09T18:09:55Z","fantasypros","Cade Stover",25269,2.5,NA,NA,NA,"cade-stover","fa","cade-stover|TE|fa",2.5,NA,NA,NA,NA,NA,1,10.2,0.1,NA,NA,NA,NA,NA,NA,NA,NA,NA,NA,NA,NA,339,50
"Adam Trautman",NA,NA,NA,NA,NA,NA,NA,NA,NA,0,2.3,"TE",2025,1,"2025-09-09T18:09:55Z","fantasypros","Adam Trautman",19423,2.3,NA,NA,NA,"adam-trautman","fa","adam-trautman|TE|fa",2.3,NA,NA,NA,NA,NA,0.8,9.7,0.1,NA,NA,NA,NA,NA,NA,NA,NA,NA,NA,NA,NA,348,51
"Jeremy Ruckert",NA,NA,NA,NA,NA,NA,NA,NA,NA,0,2.2,"TE",2025,1,"2025-09-09T18:09:55Z","fantasypros","Jeremy Ruckert",23742,2.2,NA,NA,NA,"jeremy-ruckert","fa","jeremy-ruckert|TE|fa",2.2,NA,NA,NA,NA,NA,1,8.7,0.1,NA,NA,NA,NA,NA,NA,NA,NA,NA,NA,NA,NA,354,52
"Grant Calcaterra",NA,NA,NA,NA,NA,NA,NA,NA,NA,0,2,"TE",2025,1,"2025-09-09T18:09:55Z","fantasypros","Grant Calcaterra",24180,2,NA,NA,NA,"grant-calcaterra","fa","grant-calcaterra|TE|fa",2,NA,NA,NA,NA,NA,0.8,9,0.1,NA,NA,NA,NA,NA,NA,NA,NA,NA,NA,NA,NA,357,53
"Luke Schoonmaker",NA,NA,NA,NA,NA,NA,NA,NA,NA,0,2,"TE",2025,1,"2025-09-09T18:09:55Z","fantasypros","Luke Schoonmaker",25267,2,NA,NA,NA,"luke-schoonmaker","fa","luke-schoonmaker|TE|fa",2,NA,NA,NA,NA,NA,0.9,7.6,0.1,NA,NA,NA,NA,NA,NA,NA,NA,NA,NA,NA,NA,358,54
"Johnny Mundt",NA,NA,NA,NA,NA,NA,NA,NA,NA,0,2,"TE",2025,1,"2025-09-09T18:09:55Z","fantasypros","Johnny Mundt",16743,2,NA,NA,NA,"johnny-mundt","fa","johnny-mundt|TE|fa",2,NA,NA,NA,NA,NA,0.8,7.6,0.1,NA,NA,NA,NA,NA,NA,NA,NA,NA,NA,NA,NA,359,55
"Brock Wright",NA,NA,NA,NA,NA,NA,NA,NA,NA,0,2,"TE",2025,1,"2025-09-09T18:09:55Z","fantasypros","Brock Wright",23341,2,NA,NA,NA,"brock-wright","fa","brock-wright|TE|fa",2,NA,NA,NA,NA,NA,0.9,7.2,0.1,NA,NA,NA,NA,NA,NA,NA,NA,NA,NA,NA,NA,360,56
"Daniel Bellinger",NA,NA,NA,NA,NA,NA,NA,NA,NA,0,1.9,"TE",2025,1,"2025-09-09T18:09:55Z","fantasypros","Daniel Bellinger",24238,1.9,NA,NA,NA,"daniel-bellinger","fa","daniel-bellinger|TE|fa",1.9,NA,NA,NA,NA,NA,0.8,8.1,0,NA,NA,NA,NA,NA,NA,NA,NA,NA,NA,NA,NA,365,57
"Connor Heyward",NA,NA,NA,NA,NA,NA,NA,NA,NA,0,1.7,"TE",2025,1,"2025-09-09T18:09:55Z","fantasypros","Connor Heyward",24562,1.7,NA,NA,NA,"connor-heyward","fa","connor-heyward|TE|fa",1.7,NA,NA,NA,NA,NA,0.8,6.1,0.1,NA,NA,NA,NA,NA,NA,NA,NA,NA,NA,NA,NA,369,58
"Terrance Ferguson",NA,NA,NA,NA,NA,NA,NA,NA,NA,0,1.7,"TE",2025,1,"2025-09-09T18:09:55Z","fantasypros","Terrance Ferguson",23091,1.7,NA,NA,NA,"terrance-ferguson","fa","terrance-ferguson|TE|fa",1.7,NA,NA,NA,NA,NA,0.6,7.5,0.1,NA,NA,NA,NA,NA,NA,NA,NA,NA,NA,NA,NA,370,59
"Ben Sinnott",NA,NA,NA,NA,NA,NA,NA,NA,NA,0,1.7,"TE",2025,1,"2025-09-09T18:09:55Z","fantasypros","Ben Sinnott",26310,1.7,NA,NA,NA,"ben-sinnott","fa","ben-sinnott|TE|fa",1.7,NA,NA,NA,NA,NA,0.7,6.3,0.1,NA,NA,NA,NA,NA,NA,NA,NA,NA,NA,NA,NA,371,60
"Drew Ogletree",NA,NA,NA,NA,NA,NA,NA,NA,NA,0,1.6,"TE",2025,1,"2025-09-09T18:09:55Z","fantasypros","Drew Ogletree",24561,1.6,NA,NA,NA,"drew-ogletree","fa","drew-ogletree|TE|fa",1.6,NA,NA,NA,NA,NA,0.5,6.8,0.1,NA,NA,NA,NA,NA,NA,NA,NA,NA,NA,NA,NA,376,61
"Blake Whiteheart",NA,NA,NA,NA,NA,NA,NA,NA,NA,0,1.6,"TE",2025,1,"2025-09-09T18:09:55Z","fantasypros","Blake Whiteheart",25657,1.6,NA,NA,NA,"blake-whiteheart","fa","blake-whiteheart|TE|fa",1.6,NA,NA,NA,NA,NA,0.6,6.4,0.1,NA,NA,NA,NA,NA,NA,NA,NA,NA,NA,NA,NA,377,62
"Moliki Matavao",NA,NA,NA,NA,NA,NA,NA,NA,NA,0,1.6,"TE",2025,1,"2025-09-09T18:09:55Z","fantasypros","Moliki Matavao",23093,1.6,NA,NA,NA,"moliki-matavao","fa","moliki-matavao|TE|fa",1.6,NA,NA,NA,NA,NA,0.8,7.3,0,NA,NA,NA,NA,NA,NA,NA,NA,NA,NA,NA,NA,378,63
"Elijah Higgins",NA,NA,NA,NA,NA,NA,NA,NA,NA,0,1.6,"TE",2025,1,"2025-09-09T18:09:55Z","fantasypros","Elijah Higgins",23119,1.6,NA,NA,NA,"elijah-higgins","fa","elijah-higgins|TE|fa",1.6,NA,NA,NA,NA,NA,0.6,6.2,0.1,NA,NA,NA,NA,NA,NA,NA,NA,NA,NA,NA,NA,379,64
"Darnell Washington",NA,NA,NA,NA,NA,NA,NA,NA,NA,0,1.6,"TE",2025,1,"2025-09-09T18:09:55Z","fantasypros","Darnell Washington",22967,1.6,NA,NA,NA,"darnell-washington","fa","darnell-washington|TE|fa",1.6,NA,NA,NA,NA,NA,0.7,6.7,0,NA,NA,NA,NA,NA,NA,NA,NA,NA,NA,NA,NA,380,65
"Eric Saubert",NA,NA,NA,NA,NA,NA,NA,NA,NA,0,1.6,"TE",2025,1,"2025-09-09T18:09:55Z","fantasypros","Eric Saubert",16706,1.6,NA,NA,NA,"eric-saubert","fa","eric-saubert|TE|fa",1.6,NA,NA,NA,NA,NA,0.6,5.7,0.1,NA,NA,NA,NA,NA,NA,NA,NA,NA,NA,NA,NA,381,66
"Charlie Woerner",NA,NA,NA,NA,NA,NA,NA,NA,NA,0,1.5,"TE",2025,1,"2025-09-09T18:09:55Z","fantasypros","Charlie Woerner",19665,1.5,NA,NA,NA,"charlie-woerner","fa","charlie-woerner|TE|fa",1.5,NA,NA,NA,NA,NA,0.7,6.5,0,NA,NA,NA,NA,NA,NA,NA,NA,NA,NA,NA,NA,382,67
"Colby Parkinson",NA,NA,NA,NA,NA,NA,NA,NA,NA,0,1.5,"TE",2025,1,"2025-09-09T18:09:55Z","fantasypros","Colby Parkinson",19372,1.5,NA,NA,NA,"colby-parkinson","fa","colby-parkinson|TE|fa",1.5,NA,NA,NA,NA,NA,0.6,6,0.1,NA,NA,NA,NA,NA,NA,NA,NA,NA,NA,NA,NA,383,68
"Drew Sample",NA,NA,NA,NA,NA,NA,NA,NA,NA,0,1.5,"TE",2025,1,"2025-09-09T18:09:55Z","fantasypros","Drew Sample",18561,1.5,NA,NA,NA,"drew-sample","fa","drew-sample|TE|fa",1.5,NA,NA,NA,NA,NA,0.6,5.2,0.1,NA,NA,NA,NA,NA,NA,NA,NA,NA,NA,NA,NA,384,69
"Hunter Long",NA,NA,NA,NA,NA,NA,NA,NA,NA,0,1.4,"TE",2025,1,"2025-09-09T18:09:55Z","fantasypros","Hunter Long",22783,1.4,NA,NA,NA,"hunter-long","fa","hunter-long|TE|fa",1.4,NA,NA,NA,NA,NA,0.6,5.8,0,NA,NA,NA,NA,NA,NA,NA,NA,NA,NA,NA,NA,392,70
"Lucas Krull",NA,NA,NA,NA,NA,NA,NA,NA,NA,0,1.3,"TE",2025,1,"2025-09-09T18:09:55Z","fantasypros","Lucas Krull",24240,1.3,NA,NA,NA,"lucas-krull","fa","lucas-krull|TE|fa",1.3,NA,NA,NA,NA,NA,0.5,4.3,0.1,NA,NA,NA,NA,NA,NA,NA,NA,NA,NA,NA,NA,396,71
"Tip Reiman",NA,NA,NA,NA,NA,NA,NA,NA,NA,0,1.1,"TE",2025,1,"2025-09-09T18:09:55Z","fantasypros","Tip Reiman",26432,1.1,NA,NA,NA,"tip-reiman","fa","tip-reiman|TE|fa",1.1,NA,NA,NA,NA,NA,0.5,5,0,NA,NA,NA,NA,NA,NA,NA,NA,NA,NA,NA,NA,403,72
"John Bates",NA,NA,NA,NA,NA,NA,NA,NA,NA,0,1.1,"TE",2025,1,"2025-09-09T18:09:55Z","fantasypros","John Bates",22833,1.1,NA,NA,NA,"john-bates","fa","john-bates|TE|fa",1.1,NA,NA,NA,NA,NA,0.5,4.3,0,NA,NA,NA,NA,NA,NA,NA,NA,NA,NA,NA,NA,404,73
"Brevyn Spann-Ford",NA,NA,NA,NA,NA,NA,NA,NA,NA,0,1,"TE",2025,1,"2025-09-09T18:09:55Z","fantasypros","Brevyn Spann-Ford",26003,1,NA,NA,NA,"brevyn-spann-ford","fa","brevyn-spann-ford|TE|fa",1,NA,NA,NA,NA,NA,0.5,4.6,0,NA,NA,NA,NA,NA,NA,NA,NA,NA,NA,NA,NA,410,74
"Jackson Hawes",NA,NA,NA,NA,NA,NA,NA,NA,NA,0,1,"TE",2025,1,"2025-09-09T18:09:55Z","fantasypros","Jackson Hawes",27469,1,NA,NA,NA,"jackson-hawes","fa","jackson-hawes|TE|fa",1,NA,NA,NA,NA,NA,0.4,3.6,0,NA,NA,NA,NA,NA,NA,NA,NA,NA,NA,NA,NA,411,75
"Mitchell Evans",NA,NA,NA,NA,NA,NA,NA,NA,NA,0,0.9,"TE",2025,1,"2025-09-09T18:09:55Z","fantasypros","Mitchell Evans",27138,0.9,NA,NA,NA,"mitchell-evans","fa","mitchell-evans|TE|fa",0.9,NA,NA,NA,NA,NA,0.4,4.3,0,NA,NA,NA,NA,NA,NA,NA,NA,NA,NA,NA,NA,414,76
"Stone Smartt",NA,NA,NA,NA,NA,NA,NA,NA,NA,0,0.8,"TE",2025,1,"2025-09-09T18:09:55Z","fantasypros","Stone Smartt",24621,0.8,NA,NA,NA,"stone-smartt","fa","stone-smartt|TE|fa",0.8,NA,NA,NA,NA,NA,0.4,4.3,0,NA,NA,NA,NA,NA,NA,NA,NA,NA,NA,NA,NA,416,77
"Luke Farrell",NA,NA,NA,NA,NA,NA,NA,NA,NA,0,0.8,"TE",2025,1,"2025-09-09T18:09:55Z","fantasypros","Luke Farrell",19501,0.8,NA,NA,NA,"luke-farrell","fa","luke-farrell|TE|fa",0.8,NA,NA,NA,NA,NA,0.4,3.8,0,NA,NA,NA,NA,NA,NA,NA,NA,NA,NA,NA,NA,417,78
"Chris Manhertz",NA,NA,NA,NA,NA,NA,NA,NA,NA,0,0.8,"TE",2025,1,"2025-09-09T18:09:55Z","fantasypros","Chris Manhertz",14014,0.8,NA,NA,NA,"chris-manhertz","fa","chris-manhertz|TE|fa",0.8,NA,NA,NA,NA,NA,0.3,2.7,0,NA,NA,NA,NA,NA,NA,NA,NA,NA,NA,NA,NA,418,79
"Teagan Quitoriano",NA,NA,NA,NA,NA,NA,NA,NA,NA,0,0.7,"TE",2025,1,"2025-09-09T18:09:55Z","fantasypros","Teagan Quitoriano",24182,0.7,NA,NA,NA,"teagan-quitoriano","fa","teagan-quitoriano|TE|fa",0.7,NA,NA,NA,NA,NA,0.4,3.9,0,NA,NA,NA,NA,NA,NA,NA,NA,NA,NA,NA,NA,421,80
"Travis Vokolek",NA,NA,NA,NA,NA,NA,NA,NA,NA,0,0.7,"TE",2025,1,"2025-09-09T18:09:55Z","fantasypros","Travis Vokolek",25820,0.7,NA,NA,NA,"travis-vokolek","fa","travis-vokolek|TE|fa",0.7,NA,NA,NA,NA,NA,0.4,3.6,0,NA,NA,NA,NA,NA,NA,NA,NA,NA,NA,NA,NA,422,81
"Durham Smythe",NA,NA,NA,NA,NA,NA,NA,NA,NA,0,0.7,"TE",2025,1,"2025-09-09T18:09:55Z","fantasypros","Durham Smythe",17508,0.7,NA,NA,NA,"durham-smythe","fa","durham-smythe|TE|fa",0.7,NA,NA,NA,NA,NA,0.4,3,0,NA,NA,NA,NA,NA,NA,NA,NA,NA,NA,NA,NA,423,82
"Mo Alie-Cox",NA,NA,NA,NA,NA,NA,NA,NA,NA,0,0.7,"TE",2025,1,"2025-09-09T18:09:55Z","fantasypros","Mo Alie-Cox",16579,0.7,NA,NA,NA,"mo-alie-cox","fa","mo-alie-cox|TE|fa",0.7,NA,NA,NA,NA,NA,0.3,3,0,NA,NA,NA,NA,NA,NA,NA,NA,NA,NA,NA,NA,424,83
"Ian Thomas",NA,NA,NA,NA,NA,NA,NA,NA,NA,0,0.6,"TE",2025,1,"2025-09-09T18:09:55Z","fantasypros","Ian Thomas",17387,0.6,NA,NA,NA,"ian-thomas","fa","ian-thomas|TE|fa",0.6,NA,NA,NA,NA,NA,0.3,2.6,0,NA,NA,NA,NA,NA,NA,NA,NA,NA,NA,NA,NA,433,84
"Kylen Granson",NA,NA,NA,NA,NA,NA,NA,NA,NA,0,0.5,"TE",2025,1,"2025-09-09T18:09:55Z","fantasypros","Kylen Granson",22841,0.5,NA,NA,NA,"kylen-granson","fa","kylen-granson|TE|fa",0.5,NA,NA,NA,NA,NA,0.2,2.9,0,NA,NA,NA,NA,NA,NA,NA,NA,NA,NA,NA,NA,455,85
"Jack Westover",NA,NA,NA,NA,NA,NA,NA,NA,NA,0,0.5,"TE",2025,1,"2025-09-09T18:09:55Z","fantasypros","Jack Westover",26436,0.5,NA,NA,NA,"jack-westover","fa","jack-westover|TE|fa",0.5,NA,NA,NA,NA,NA,0.3,2.1,0,NA,NA,NA,NA,NA,NA,NA,NA,NA,NA,NA,NA,456,86
"Feleipe Franks",NA,NA,NA,NA,NA,NA,NA,NA,NA,0,0.4,"TE",2025,1,"2025-09-09T18:09:55Z","fantasypros","Feleipe Franks",20081,0.4,NA,NA,NA,"feleipe-franks","fa","feleipe-franks|TE|fa",0.4,NA,NA,NA,NA,NA,0.2,2.3,0,NA,NA,NA,NA,NA,NA,NA,NA,NA,NA,NA,NA,465,87
"Tanner Hudson",NA,NA,NA,NA,NA,NA,NA,NA,NA,0,0.4,"TE",2025,1,"2025-09-09T18:09:55Z","fantasypros","Tanner Hudson",17826,0.4,NA,NA,NA,"tanner-hudson","fa","tanner-hudson|TE|fa",0.4,NA,NA,NA,NA,NA,0.2,1.8,0,NA,NA,NA,NA,NA,NA,NA,NA,NA,NA,NA,NA,466,88
"Davis Allen",NA,NA,NA,NA,NA,NA,NA,NA,NA,0,0.3,"TE",2025,1,"2025-09-09T18:09:55Z","fantasypros","Davis Allen",23761,0.3,NA,NA,NA,"davis-allen","fa","davis-allen|TE|fa",0.3,NA,NA,NA,NA,NA,0.1,1.1,0,NA,NA,NA,NA,NA,NA,NA,NA,NA,NA,NA,NA,474,89
"Ko Kieft",NA,NA,NA,NA,NA,NA,NA,NA,NA,0,0.1,"TE",2025,1,"2025-09-09T18:09:55Z","fantasypros","Ko Kieft",24568,0.1,NA,NA,NA,"ko-kieft","fa","ko-kieft|TE|fa",0.1,NA,NA,NA,NA,NA,0.1,0.2,0,NA,NA,NA,NA,NA,NA,NA,NA,NA,NA,NA,NA,480,90
"Brady Russell",NA,NA,NA,NA,NA,NA,NA,NA,NA,0,0,"TE",2025,1,"2025-09-09T18:09:55Z","fantasypros","Brady Russell",25731,0,NA,NA,NA,"brady-russell","fa","brady-russell|TE|fa",0,NA,NA,NA,NA,NA,0,0,0,NA,NA,NA,NA,NA,NA,NA,NA,NA,NA,NA,NA,635,91
"Darren Waller",NA,NA,NA,NA,NA,NA,NA,NA,NA,0,0,"TE",2025,1,"2025-09-09T18:09:55Z","fantasypros","Darren Waller",14104,0,NA,NA,NA,"darren-waller","fa","darren-waller|TE|fa",0,NA,NA,NA,NA,NA,0,0,0,NA,NA,NA,NA,NA,NA,NA,NA,NA,NA,NA,NA,636,92
"Nick Vannett",NA,NA,NA,NA,NA,NA,NA,NA,NA,0,0,"TE",2025,1,"2025-09-09T18:09:55Z","fantasypros","Nick Vannett",15645,0,NA,NA,NA,"nick-vannett","fa","nick-vannett|TE|fa",0,NA,NA,NA,NA,NA,0,0,0,NA,NA,NA,NA,NA,NA,NA,NA,NA,NA,NA,NA,637,93
"Robert Tonyan",NA,NA,NA,NA,NA,NA,NA,NA,NA,0,0,"TE",2025,1,"2025-09-09T18:09:55Z","fantasypros","Robert Tonyan",16502,0,NA,NA,NA,"robert-tonyan","fa","robert-tonyan|TE|fa",0,NA,NA,NA,NA,NA,0,0,0,NA,NA,NA,NA,NA,NA,NA,NA,NA,NA,NA,NA,638,94
"Taysom Hill",NA,NA,NA,NA,NA,NA,NA,NA,NA,0,0,"TE",2025,1,"2025-09-09T18:09:55Z","fantasypros","Taysom Hill",17115,0,NA,NA,NA,"taysom-hill","fa","taysom-hill|TE|fa",0,NA,NA,NA,NA,NA,0,0,0,NA,NA,NA,NA,NA,NA,NA,NA,NA,NA,NA,NA,639,95
"Albert Okwuegbunam Jr.",NA,NA,NA,NA,NA,NA,NA,NA,NA,0,0,"TE",2025,1,"2025-09-09T18:09:55Z","fantasypros","Albert Okwuegbunam Jr.",18246,0,NA,NA,NA,"albert-okwuegbunam","fa","albert-okwuegbunam|TE|fa",0,NA,NA,NA,NA,NA,0,0,0,NA,NA,NA,NA,NA,NA,NA,NA,NA,NA,NA,NA,640,96
"Foster Moreau",NA,NA,NA,NA,NA,NA,NA,NA,NA,0,0,"TE",2025,1,"2025-09-09T18:09:55Z","fantasypros","Foster Moreau",18397,0,NA,NA,NA,"foster-moreau","fa","foster-moreau|TE|fa",0,NA,NA,NA,NA,NA,0,0,0,NA,NA,NA,NA,NA,NA,NA,NA,NA,NA,NA,NA,641,97
"Tyree Jackson",NA,NA,NA,NA,NA,NA,NA,NA,NA,0,0,"TE",2025,1,"2025-09-09T18:09:55Z","fantasypros","Tyree Jackson",18591,0,NA,NA,NA,"tyree-jackson","fa","tyree-jackson|TE|fa",0,NA,NA,NA,NA,NA,0,0,0,NA,NA,NA,NA,NA,NA,NA,NA,NA,NA,NA,NA,642,98
"Irv Smith Jr.",NA,NA,NA,NA,NA,NA,NA,NA,NA,0,0,"TE",2025,1,"2025-09-09T18:09:55Z","fantasypros","Irv Smith Jr.",18610,0,NA,NA,NA,"irv-smith","fa","irv-smith|TE|fa",0,NA,NA,NA,NA,NA,0,0,0,NA,NA,NA,NA,NA,NA,NA,NA,NA,NA,NA,NA,643,99
"Stephen Carlson",NA,NA,NA,NA,NA,NA,NA,NA,NA,0,0,"TE",2025,1,"2025-09-09T18:09:55Z","fantasypros","Stephen Carlson",18757,0,NA,NA,NA,"stephen-carlson","fa","stephen-carlson|TE|fa",0,NA,NA,NA,NA,NA,0,0,0,NA,NA,NA,NA,NA,NA,NA,NA,NA,NA,NA,NA,644,100
"Harrison Bryant",NA,NA,NA,NA,NA,NA,NA,NA,NA,0,0,"TE",2025,1,"2025-09-09T18:09:55Z","fantasypros","Harrison Bryant",19389,0,NA,NA,NA,"harrison-bryant","fa","harrison-bryant|TE|fa",0,NA,NA,NA,NA,NA,0,0,0,NA,NA,NA,NA,NA,NA,NA,NA,NA,NA,NA,NA,645,101
"Josiah Deguara",NA,NA,NA,NA,NA,NA,NA,NA,NA,0,0,"TE",2025,1,"2025-09-09T18:09:55Z","fantasypros","Josiah Deguara",19456,0,NA,NA,NA,"josiah-deguara","fa","josiah-deguara|TE|fa",0,NA,NA,NA,NA,NA,0,0,0,NA,NA,NA,NA,NA,NA,NA,NA,NA,NA,NA,NA,646,102
"Lawrence Cager",NA,NA,NA,NA,NA,NA,NA,NA,NA,0,0,"TE",2025,1,"2025-09-09T18:09:55Z","fantasypros","Lawrence Cager",19701,0,NA,NA,NA,"lawrence-cager","fa","lawrence-cager|TE|fa",0,NA,NA,NA,NA,NA,0,0,0,NA,NA,NA,NA,NA,NA,NA,NA,NA,NA,NA,NA,647,103
"Sean McKeon",NA,NA,NA,NA,NA,NA,NA,NA,NA,0,0,"TE",2025,1,"2025-09-09T18:09:55Z","fantasypros","Sean McKeon",19726,0,NA,NA,NA,"sean-mckeon","fa","sean-mckeon|TE|fa",0,NA,NA,NA,NA,NA,0,0,0,NA,NA,NA,NA,NA,NA,NA,NA,NA,NA,NA,NA,648,104
"Kenny Yeboah",NA,NA,NA,NA,NA,NA,NA,NA,NA,0,0,"TE",2025,1,"2025-09-09T18:09:55Z","fantasypros","Kenny Yeboah",22815,0,NA,NA,NA,"kenny-yeboah","fa","kenny-yeboah|TE|fa",0,NA,NA,NA,NA,NA,0,0,0,NA,NA,NA,NA,NA,NA,NA,NA,NA,NA,NA,NA,649,105
"Quintin Morris",NA,NA,NA,NA,NA,NA,NA,NA,NA,0,0,"TE",2025,1,"2025-09-09T18:09:55Z","fantasypros","Quintin Morris",22820,0,NA,NA,NA,"quintin-morris","fa","quintin-morris|TE|fa",0,NA,NA,NA,NA,NA,0,0,0,NA,NA,NA,NA,NA,NA,NA,NA,NA,NA,NA,NA,650,106
"Josh Whyle",NA,NA,NA,NA,NA,NA,NA,NA,NA,0,0,"TE",2025,1,"2025-09-09T18:09:55Z","fantasypros","Josh Whyle",22923,0,NA,NA,NA,"josh-whyle","fa","josh-whyle|TE|fa",0,NA,NA,NA,NA,NA,0,0,0,NA,NA,NA,NA,NA,NA,NA,NA,NA,NA,NA,NA,651,107
"Luke Lachey",NA,NA,NA,NA,NA,NA,NA,NA,NA,0,0,"TE",2025,1,"2025-09-09T18:09:55Z","fantasypros","Luke Lachey",22977,0,NA,NA,NA,"luke-lachey","fa","luke-lachey|TE|fa",0,NA,NA,NA,NA,NA,0,0,0,NA,NA,NA,NA,NA,NA,NA,NA,NA,NA,NA,NA,652,108
"Thomas Fidone II",NA,NA,NA,NA,NA,NA,NA,NA,NA,0,0,"TE",2025,1,"2025-09-09T18:09:55Z","fantasypros","Thomas Fidone II",23039,0,NA,NA,NA,"thomas-fidone","fa","thomas-fidone|TE|fa",0,NA,NA,NA,NA,NA,0,0,0,NA,NA,NA,NA,NA,NA,NA,NA,NA,NA,NA,NA,653,109
"Greg Dulcich",NA,NA,NA,NA,NA,NA,NA,NA,NA,0,0,"TE",2025,1,"2025-09-09T18:09:55Z","fantasypros","Greg Dulcich",23153,0,NA,NA,NA,"greg-dulcich","fa","greg-dulcich|TE|fa",0,NA,NA,NA,NA,NA,0,0,0,NA,NA,NA,NA,NA,NA,NA,NA,NA,NA,NA,NA,654,110
"James Mitchell",NA,NA,NA,NA,NA,NA,NA,NA,NA,0,0,"TE",2025,1,"2025-09-09T18:09:55Z","fantasypros","James Mitchell",23174,0,NA,NA,NA,"james-mitchell","fa","james-mitchell|TE|fa",0,NA,NA,NA,NA,NA,0,0,0,NA,NA,NA,NA,NA,NA,NA,NA,NA,NA,NA,NA,655,111
"Jack Stoll",NA,NA,NA,NA,NA,NA,NA,NA,NA,0,0,"TE",2025,1,"2025-09-09T18:09:55Z","fantasypros","Jack Stoll",23193,0,NA,NA,NA,"jack-stoll","fa","jack-stoll|TE|fa",0,NA,NA,NA,NA,NA,0,0,0,NA,NA,NA,NA,NA,NA,NA,NA,NA,NA,NA,NA,656,112
"Shane Zylstra",NA,NA,NA,NA,NA,NA,NA,NA,NA,0,0,"TE",2025,1,"2025-09-09T18:09:55Z","fantasypros","Shane Zylstra",23461,0,NA,NA,NA,"shane-zylstra","fa","shane-zylstra|TE|fa",0,NA,NA,NA,NA,NA,0,0,0,NA,NA,NA,NA,NA,NA,NA,NA,NA,NA,NA,NA,657,113
"Isaiah Likely",NA,NA,NA,NA,NA,NA,NA,NA,NA,0,0,"TE",2025,1,"2025-09-09T18:09:55Z","fantasypros","Isaiah Likely",23781,0,NA,NA,NA,"isaiah-likely","fa","isaiah-likely|TE|fa",0,NA,NA,NA,NA,NA,0,0,0,NA,NA,NA,NA,NA,NA,NA,NA,NA,NA,NA,NA,658,114
"Will Mallory",NA,NA,NA,NA,NA,NA,NA,NA,NA,0,0,"TE",2025,1,"2025-09-09T18:09:55Z","fantasypros","Will Mallory",23821,0,NA,NA,NA,"will-mallory","fa","will-mallory|TE|fa",0,NA,NA,NA,NA,NA,0,0,0,NA,NA,NA,NA,NA,NA,NA,NA,NA,NA,NA,NA,659,115
"Jelani Woods",NA,NA,NA,NA,NA,NA,NA,NA,NA,0,0,"TE",2025,1,"2025-09-09T18:09:55Z","fantasypros","Jelani Woods",23829,0,NA,NA,NA,"jelani-woods","fa","jelani-woods|TE|fa",0,NA,NA,NA,NA,NA,0,0,0,NA,NA,NA,NA,NA,NA,NA,NA,NA,NA,NA,NA,660,116
"Erick All Jr.",NA,NA,NA,NA,NA,NA,NA,NA,NA,0,0,"TE",2025,1,"2025-09-09T18:09:55Z","fantasypros","Erick All Jr.",23837,0,NA,NA,NA,"erick-all","fa","erick-all|TE|fa",0,NA,NA,NA,NA,NA,0,0,0,NA,NA,NA,NA,NA,NA,NA,NA,NA,NA,NA,NA,661,117
"Justin Shorter",NA,NA,NA,NA,NA,NA,NA,NA,NA,0,0,"TE",2025,1,"2025-09-09T18:09:55Z","fantasypros","Justin Shorter",24083,0,NA,NA,NA,"justin-shorter","fa","justin-shorter|TE|fa",0,NA,NA,NA,NA,NA,0,0,0,NA,NA,NA,NA,NA,NA,NA,NA,NA,NA,NA,NA,662,118
"Nikola Kalinic",NA,NA,NA,NA,NA,NA,NA,NA,NA,0,0,"TE",2025,1,"2025-09-09T18:09:55Z","fantasypros","Nikola Kalinic",24144,0,NA,NA,NA,"nikola-kalinic","fa","nikola-kalinic|TE|fa",0,NA,NA,NA,NA,NA,0,0,0,NA,NA,NA,NA,NA,NA,NA,NA,NA,NA,NA,NA,663,119
"John FitzPatrick",NA,NA,NA,NA,NA,NA,NA,NA,NA,0,0,"TE",2025,1,"2025-09-09T18:09:55Z","fantasypros","John FitzPatrick",24181,0,NA,NA,NA,"john-fitzpatrick","fa","john-fitzpatrick|TE|fa",0,NA,NA,NA,NA,NA,0,0,0,NA,NA,NA,NA,NA,NA,NA,NA,NA,NA,NA,NA,664,120
"Cameron Latu",NA,NA,NA,NA,NA,NA,NA,NA,NA,0,0,"TE",2025,1,"2025-09-09T18:09:55Z","fantasypros","Cameron Latu",24331,0,NA,NA,NA,"cameron-latu","fa","cameron-latu|TE|fa",0,NA,NA,NA,NA,NA,0,0,0,NA,NA,NA,NA,NA,NA,NA,NA,NA,NA,NA,NA,665,121
"Jake Tonges",NA,NA,NA,NA,NA,NA,NA,NA,NA,0,0,"TE",2025,1,"2025-09-09T18:09:55Z","fantasypros","Jake Tonges",24778,0,NA,NA,NA,"jake-tonges","fa","jake-tonges|TE|fa",0,NA,NA,NA,NA,NA,0,0,0,NA,NA,NA,NA,NA,NA,NA,NA,NA,NA,NA,NA,666,122
"Tucker Fisk",NA,NA,NA,NA,NA,NA,NA,NA,NA,0,0,"TE",2025,1,"2025-09-09T18:09:55Z","fantasypros","Tucker Fisk",24921,0,NA,NA,NA,"tucker-fisk","fa","tucker-fisk|TE|fa",0,NA,NA,NA,NA,NA,0,0,0,NA,NA,NA,NA,NA,NA,NA,NA,NA,NA,NA,NA,667,123
"Thomas Odukoya",NA,NA,NA,NA,NA,NA,NA,NA,NA,0,0,"TE",2025,1,"2025-09-09T18:09:55Z","fantasypros","Thomas Odukoya",25206,0,NA,NA,NA,"thomas-odukoya","fa","thomas-odukoya|TE|fa",0,NA,NA,NA,NA,NA,0,0,0,NA,NA,NA,NA,NA,NA,NA,NA,NA,NA,NA,NA,668,124
"Ben Sims",NA,NA,NA,NA,NA,NA,NA,NA,NA,0,0,"TE",2025,1,"2025-09-09T18:09:55Z","fantasypros","Ben Sims",25349,0,NA,NA,NA,"ben-sims","fa","ben-sims|TE|fa",0,NA,NA,NA,NA,NA,0,0,0,NA,NA,NA,NA,NA,NA,NA,NA,NA,NA,NA,NA,669,125
"Brayden Willis",NA,NA,NA,NA,NA,NA,NA,NA,NA,0,0,"TE",2025,1,"2025-09-09T18:09:55Z","fantasypros","Brayden Willis",25469,0,NA,NA,NA,"brayden-willis","fa","brayden-willis|TE|fa",0,NA,NA,NA,NA,NA,0,0,0,NA,NA,NA,NA,NA,NA,NA,NA,NA,NA,NA,NA,670,126
"E.J. Jenkins",NA,NA,NA,NA,NA,NA,NA,NA,NA,0,0,"TE",2025,1,"2025-09-09T18:09:55Z","fantasypros","E.J. Jenkins",25756,0,NA,NA,NA,"e-j-jenkins","fa","e-j-jenkins|TE|fa",0,NA,NA,NA,NA,NA,0,0,0,NA,NA,NA,NA,NA,NA,NA,NA,NA,NA,NA,NA,671,127
"Nate Adkins",NA,NA,NA,NA,NA,NA,NA,NA,NA,0,0,"TE",2025,1,"2025-09-09T18:09:55Z","fantasypros","Nate Adkins",25881,0,NA,NA,NA,"nate-adkins","fa","nate-adkins|TE|fa",0,NA,NA,NA,NA,NA,0,0,0,NA,NA,NA,NA,NA,NA,NA,NA,NA,NA,NA,NA,672,128
"Princeton Fant",NA,NA,NA,NA,NA,NA,NA,NA,NA,0,0,"TE",2025,1,"2025-09-09T18:09:55Z","fantasypros","Princeton Fant",25939,0,NA,NA,NA,"princeton-fant","fa","princeton-fant|TE|fa",0,NA,NA,NA,NA,NA,0,0,0,NA,NA,NA,NA,NA,NA,NA,NA,NA,NA,NA,NA,673,129
"John Stephens Jr.",NA,NA,NA,NA,NA,NA,NA,NA,NA,0,0,"TE",2025,1,"2025-09-09T18:09:55Z","fantasypros","John Stephens Jr.",25942,0,NA,NA,NA,"john-stephens","fa","john-stephens|TE|fa",0,NA,NA,NA,NA,NA,0,0,0,NA,NA,NA,NA,NA,NA,NA,NA,NA,NA,NA,NA,674,130
"Oronde Gadsden II",NA,NA,NA,NA,NA,NA,NA,NA,NA,0,0,"TE",2025,1,"2025-09-09T18:09:55Z","fantasypros","Oronde Gadsden II",25997,0,NA,NA,NA,"oronde-gadsden","fa","oronde-gadsden|TE|fa",0,NA,NA,NA,NA,NA,0,0,0,NA,NA,NA,NA,NA,NA,NA,NA,NA,NA,NA,NA,675,131
"Gavin Bartholomew",NA,NA,NA,NA,NA,NA,NA,NA,NA,0,0,"TE",2025,1,"2025-09-09T18:09:55Z","fantasypros","Gavin Bartholomew",26002,0,NA,NA,NA,"gavin-bartholomew","fa","gavin-bartholomew|TE|fa",0,NA,NA,NA,NA,NA,0,0,0,NA,NA,NA,NA,NA,NA,NA,NA,NA,NA,NA,NA,676,132
"Jared Wiley",NA,NA,NA,NA,NA,NA,NA,NA,NA,0,0,"TE",2025,1,"2025-09-09T18:09:55Z","fantasypros","Jared Wiley",26343,0,NA,NA,NA,"jared-wiley","fa","jared-wiley|TE|fa",0,NA,NA,NA,NA,NA,0,0,0,NA,NA,NA,NA,NA,NA,NA,NA,NA,NA,NA,NA,677,133
"Cam Grandy",NA,NA,NA,NA,NA,NA,NA,NA,NA,0,0,"TE",2025,1,"2025-09-09T18:09:55Z","fantasypros","Cam Grandy",26429,0,NA,NA,NA,"cam-grandy","fa","cam-grandy|TE|fa",0,NA,NA,NA,NA,NA,0,0,0,NA,NA,NA,NA,NA,NA,NA,NA,NA,NA,NA,NA,678,134
"Brenden Bates",NA,NA,NA,NA,NA,NA,NA,NA,NA,0,0,"TE",2025,1,"2025-09-09T18:09:55Z","fantasypros","Brenden Bates",26437,0,NA,NA,NA,"brenden-bates","fa","brenden-bates|TE|fa",0,NA,NA,NA,NA,NA,0,0,0,NA,NA,NA,NA,NA,NA,NA,NA,NA,NA,NA,NA,679,135
"Devin Culp",NA,NA,NA,NA,NA,NA,NA,NA,NA,0,0,"TE",2025,1,"2025-09-09T18:09:55Z","fantasypros","Devin Culp",26440,0,NA,NA,NA,"devin-culp","fa","devin-culp|TE|fa",0,NA,NA,NA,NA,NA,0,0,0,NA,NA,NA,NA,NA,NA,NA,NA,NA,NA,NA,NA,680,136
"Colson Yankoff",NA,NA,NA,NA,NA,NA,NA,NA,NA,0,0,"TE",2025,1,"2025-09-09T18:09:55Z","fantasypros","Colson Yankoff",26576,0,NA,NA,NA,"colson-yankoff","fa","colson-yankoff|TE|fa",0,NA,NA,NA,NA,NA,0,0,0,NA,NA,NA,NA,NA,NA,NA,NA,NA,NA,NA,NA,681,137
"David Martin-Robinson",NA,NA,NA,NA,NA,NA,NA,NA,NA,0,0,"TE",2025,1,"2025-09-09T18:09:55Z","fantasypros","David Martin-Robinson",26922,0,NA,NA,NA,"david-martin-robinson","fa","david-martin-robinson|TE|fa",0,NA,NA,NA,NA,NA,0,0,0,NA,NA,NA,NA,NA,NA,NA,NA,NA,NA,NA,NA,682,138
"Caleb Lohner",NA,NA,NA,NA,NA,NA,NA,NA,NA,0,0,"TE",2025,1,"2025-09-09T18:09:55Z","fantasypros","Caleb Lohner",27550,0,NA,NA,NA,"caleb-lohner","fa","caleb-lohner|TE|fa",0,NA,NA,NA,NA,NA,0,0,0,NA,NA,NA,NA,NA,NA,NA,NA,NA,NA,NA,NA,683,139
"Ja'Marr Chase",NA,NA,NA,NA,NA,NA,0.1,0.7,0,0,21.3,"WR",2025,1,"2025-09-09T18:09:55Z","fantasypros","Ja'Marr Chase",19788,21.3,NA,NA,NA,"ja-marr-chase","fa","ja-marr-chase|WR|fa",21.3,NA,NA,NA,NA,NA,7.1,96.3,0.8,NA,NA,NA,NA,NA,NA,NA,NA,NA,NA,NA,NA,5,1
"Justin Jefferson",NA,NA,NA,NA,NA,NA,0,0,0,0,19.5,"WR",2025,1,"2025-09-09T18:09:55Z","fantasypros","Justin Jefferson",19236,19.5,NA,NA,NA,"justin-jefferson","fa","justin-jefferson|WR|fa",19.5,NA,NA,NA,NA,NA,6.5,96.5,0.6,NA,NA,NA,NA,NA,NA,NA,NA,NA,NA,NA,NA,9,2
"CeeDee Lamb",NA,NA,NA,NA,NA,NA,0.4,2.6,0,0.1,18.3,"WR",2025,1,"2025-09-09T18:09:55Z","fantasypros","CeeDee Lamb",19202,18.3,NA,NA,NA,"ceedee-lamb","fa","ceedee-lamb|WR|fa",18.3,NA,NA,NA,NA,NA,6.7,85.3,0.5,NA,NA,NA,NA,NA,NA,NA,NA,NA,NA,NA,NA,14,3
"Malik Nabers",NA,NA,NA,NA,NA,NA,0.1,0.7,0,0,18.1,"WR",2025,1,"2025-09-09T18:09:55Z","fantasypros","Malik Nabers",25409,18.1,NA,NA,NA,"malik-nabers","fa","malik-nabers|WR|fa",18.1,NA,NA,NA,NA,NA,6.6,83.6,0.5,NA,NA,NA,NA,NA,NA,NA,NA,NA,NA,NA,NA,16,4
"Nico Collins",NA,NA,NA,NA,NA,NA,0,0.1,0,0,17.8,"WR",2025,1,"2025-09-09T18:09:55Z","fantasypros","Nico Collins",20130,17.8,NA,NA,NA,"nico-collins","fa","nico-collins|WR|fa",17.8,NA,NA,NA,NA,NA,6,87.6,0.5,NA,NA,NA,NA,NA,NA,NA,NA,NA,NA,NA,NA,19,5
"Amon-Ra St. Brown",NA,NA,NA,NA,NA,NA,0.1,0.6,0,0,17.3,"WR",2025,1,"2025-09-09T18:09:55Z","fantasypros","Amon-Ra St. Brown",19799,17.3,NA,NA,NA,"amon-ra-st-brown","fa","amon-ra-st-brown|WR|fa",17.3,NA,NA,NA,NA,NA,6.6,75.4,0.5,NA,NA,NA,NA,NA,NA,NA,NA,NA,NA,NA,NA,21,6
"Puka Nacua",NA,NA,NA,NA,NA,NA,0.5,2.5,0,0,17.1,"WR",2025,1,"2025-09-09T18:09:55Z","fantasypros","Puka Nacua",23180,17.1,NA,NA,NA,"puka-nacua","fa","puka-nacua|WR|fa",17.1,NA,NA,NA,NA,NA,6.1,81.7,0.4,NA,NA,NA,NA,NA,NA,NA,NA,NA,NA,NA,NA,24,7
"Brian Thomas Jr.",NA,NA,NA,NA,NA,NA,0.1,1.2,0,0,17,"WR",2025,1,"2025-09-09T18:09:55Z","fantasypros","Brian Thomas Jr.",23000,17,NA,NA,NA,"brian-thomas","fa","brian-thomas|WR|fa",17,NA,NA,NA,NA,NA,5.5,79.7,0.6,NA,NA,NA,NA,NA,NA,NA,NA,NA,NA,NA,NA,25,8
"Mike Evans",NA,NA,NA,NA,NA,NA,0,0,0,0,16.9,"WR",2025,1,"2025-09-09T18:09:55Z","fantasypros","Mike Evans",12119,16.9,NA,NA,NA,"mike-evans","fa","mike-evans|WR|fa",16.9,NA,NA,NA,NA,NA,5.6,73.7,0.7,NA,NA,NA,NA,NA,NA,NA,NA,NA,NA,NA,NA,26,9
"Drake London",NA,NA,NA,NA,NA,NA,0,0.1,0,0,16.3,"WR",2025,1,"2025-09-09T18:09:55Z","fantasypros","Drake London",23163,16.3,NA,NA,NA,"drake-london","fa","drake-london|WR|fa",16.3,NA,NA,NA,NA,NA,5.9,76.6,0.5,NA,NA,NA,NA,NA,NA,NA,NA,NA,NA,NA,NA,35,10
"Tyreek Hill",NA,NA,NA,NA,NA,NA,0.4,2.1,0,0,16.3,"WR",2025,1,"2025-09-09T18:09:55Z","fantasypros","Tyreek Hill",15802,16.3,NA,NA,NA,"tyreek-hill","fa","tyreek-hill|WR|fa",16.3,NA,NA,NA,NA,NA,5.7,73.8,0.5,NA,NA,NA,NA,NA,NA,NA,NA,NA,NA,NA,NA,36,11
"A.J. Brown",NA,NA,NA,NA,NA,NA,0,0,0,0,16.2,"WR",2025,1,"2025-09-09T18:09:55Z","fantasypros","A.J. Brown",18218,16.2,NA,NA,NA,"a-j-brown","fa","a-j-brown|WR|fa",16.2,NA,NA,NA,NA,NA,5.3,77.2,0.5,NA,NA,NA,NA,NA,NA,NA,NA,NA,NA,NA,NA,38,12
"Ladd McConkey",NA,NA,NA,NA,NA,NA,0,0.1,0,0,15.7,"WR",2025,1,"2025-09-09T18:09:55Z","fantasypros","Ladd McConkey",26122,15.7,NA,NA,NA,"ladd-mcconkey","fa","ladd-mcconkey|WR|fa",15.7,NA,NA,NA,NA,NA,5.6,75,0.4,NA,NA,NA,NA,NA,NA,NA,NA,NA,NA,NA,NA,49,13
"Tee Higgins",NA,NA,NA,NA,NA,NA,0,0,0,0.1,15.3,"WR",2025,1,"2025-09-09T18:09:55Z","fantasypros","Tee Higgins",19211,15.3,NA,NA,NA,"tee-higgins","fa","tee-higgins|WR|fa",15.3,NA,NA,NA,NA,NA,5.2,69,0.6,NA,NA,NA,NA,NA,NA,NA,NA,NA,NA,NA,NA,55,14
"Xavier Worthy",NA,NA,NA,NA,NA,NA,0.7,4.2,0.1,0,15.2,"WR",2025,1,"2025-09-09T18:09:55Z","fantasypros","Xavier Worthy",23019,15.2,NA,NA,NA,"xavier-worthy","fa","xavier-worthy|WR|fa",15.2,NA,NA,NA,NA,NA,5.2,64.1,0.5,NA,NA,NA,NA,NA,NA,NA,NA,NA,NA,NA,NA,56,15
"Terry McLaurin",NA,NA,NA,NA,NA,NA,0.1,0.3,0,0,15,"WR",2025,1,"2025-09-09T18:09:55Z","fantasypros","Terry McLaurin",18466,15,NA,NA,NA,"terry-mclaurin","fa","terry-mclaurin|WR|fa",15,NA,NA,NA,NA,NA,5,66.9,0.5,NA,NA,NA,NA,NA,NA,NA,NA,NA,NA,NA,NA,58,16
"Jaxon Smith-Njigba",NA,NA,NA,NA,NA,NA,0.2,1.1,0,0,14.9,"WR",2025,1,"2025-09-09T18:09:55Z","fantasypros","Jaxon Smith-Njigba",23070,14.9,NA,NA,NA,"jaxon-smith-njigba","fa","jaxon-smith-njigba|WR|fa",14.9,NA,NA,NA,NA,NA,5.6,67.5,0.4,NA,NA,NA,NA,NA,NA,NA,NA,NA,NA,NA,NA,60,17
"Davante Adams",NA,NA,NA,NA,NA,NA,0,0,0,0,14.4,"WR",2025,1,"2025-09-09T18:09:55Z","fantasypros","Davante Adams",12123,14.4,NA,NA,NA,"davante-adams","fa","davante-adams|WR|fa",14.4,NA,NA,NA,NA,NA,5,65.9,0.5,NA,NA,NA,NA,NA,NA,NA,NA,NA,NA,NA,NA,64,18
"Courtland Sutton",NA,NA,NA,NA,NA,NA,0,0,0,0.1,14.3,"WR",2025,1,"2025-09-09T18:09:55Z","fantasypros","Courtland Sutton",17253,14.3,NA,NA,NA,"courtland-sutton","fa","courtland-sutton|WR|fa",14.3,NA,NA,NA,NA,NA,4.9,64.6,0.5,NA,NA,NA,NA,NA,NA,NA,NA,NA,NA,NA,NA,65,19
"Zay Flowers",NA,NA,NA,NA,NA,NA,0.3,2.3,0,0,14.3,"WR",2025,1,"2025-09-09T18:09:55Z","fantasypros","Zay Flowers",22916,14.3,NA,NA,NA,"zay-flowers","fa","zay-flowers|WR|fa",14.3,NA,NA,NA,NA,NA,5.1,66.4,0.4,NA,NA,NA,NA,NA,NA,NA,NA,NA,NA,NA,NA,66,20
"Jerry Jeudy",NA,NA,NA,NA,NA,NA,0,0.2,0,0,14.3,"WR",2025,1,"2025-09-09T18:09:55Z","fantasypros","Jerry Jeudy",19201,14.3,NA,NA,NA,"jerry-jeudy","fa","jerry-jeudy|WR|fa",14.3,NA,NA,NA,NA,NA,5.3,73.3,0.3,NA,NA,NA,NA,NA,NA,NA,NA,NA,NA,NA,NA,67,21
"DK Metcalf",NA,NA,NA,NA,NA,NA,0,0,0,0.1,13.9,"WR",2025,1,"2025-09-09T18:09:55Z","fantasypros","DK Metcalf",18219,13.9,NA,NA,NA,"dk-metcalf","fa","dk-metcalf|WR|fa",13.9,NA,NA,NA,NA,NA,4.5,68.6,0.4,NA,NA,NA,NA,NA,NA,NA,NA,NA,NA,NA,NA,71,22
"DeVonta Smith",NA,NA,NA,NA,NA,NA,0,0.1,0,0,13.7,"WR",2025,1,"2025-09-09T18:09:55Z","fantasypros","DeVonta Smith",19222,13.7,NA,NA,NA,"devonta-smith","fa","devonta-smith|WR|fa",13.7,NA,NA,NA,NA,NA,4.8,61.7,0.5,NA,NA,NA,NA,NA,NA,NA,NA,NA,NA,NA,NA,73,23
"Marvin Harrison Jr.",NA,NA,NA,NA,NA,NA,0,0.2,0,0.1,13.5,"WR",2025,1,"2025-09-09T18:09:55Z","fantasypros","Marvin Harrison Jr.",23064,13.5,NA,NA,NA,"marvin-harrison","fa","marvin-harrison|WR|fa",13.5,NA,NA,NA,NA,NA,4.5,65.7,0.4,NA,NA,NA,NA,NA,NA,NA,NA,NA,NA,NA,NA,76,24
"DJ Moore",NA,NA,NA,NA,NA,NA,0.4,2.1,0,0.1,13.4,"WR",2025,1,"2025-09-09T18:09:55Z","fantasypros","DJ Moore",17265,13.4,NA,NA,NA,"dj-moore","fa","dj-moore|WR|fa",13.4,NA,NA,NA,NA,NA,5,60.3,0.4,NA,NA,NA,NA,NA,NA,NA,NA,NA,NA,NA,NA,77,25
"Emeka Egbuka",NA,NA,NA,NA,NA,NA,0.1,0.7,0,0.1,13.3,"WR",2025,1,"2025-09-09T18:09:55Z","fantasypros","Emeka Egbuka",23062,13.3,NA,NA,NA,"emeka-egbuka","fa","emeka-egbuka|WR|fa",13.3,NA,NA,NA,NA,NA,4.8,60.5,0.4,NA,NA,NA,NA,NA,NA,NA,NA,NA,NA,NA,NA,79,26
"Garrett Wilson",NA,NA,NA,NA,NA,NA,0.1,0.8,0,0.1,13.3,"WR",2025,1,"2025-09-09T18:09:55Z","fantasypros","Garrett Wilson",23072,13.3,NA,NA,NA,"garrett-wilson","fa","garrett-wilson|WR|fa",13.3,NA,NA,NA,NA,NA,5.3,63.7,0.3,NA,NA,NA,NA,NA,NA,NA,NA,NA,NA,NA,NA,80,27
"Jaylen Waddle",NA,NA,NA,NA,NA,NA,0.2,0.9,0,0,13.1,"WR",2025,1,"2025-09-09T18:09:55Z","fantasypros","Jaylen Waddle",19790,13.1,NA,NA,NA,"jaylen-waddle","fa","jaylen-waddle|WR|fa",13.1,NA,NA,NA,NA,NA,4.9,63.6,0.3,NA,NA,NA,NA,NA,NA,NA,NA,NA,NA,NA,NA,84,28
"Tetairoa McMillan",NA,NA,NA,NA,NA,NA,0,0.4,0,0.1,13.1,"WR",2025,1,"2025-09-09T18:09:55Z","fantasypros","Tetairoa McMillan",25417,13.1,NA,NA,NA,"tetairoa-mcmillan","fa","tetairoa-mcmillan|WR|fa",13.1,NA,NA,NA,NA,NA,4.7,63.3,0.3,NA,NA,NA,NA,NA,NA,NA,NA,NA,NA,NA,NA,85,29
"Jakobi Meyers",NA,NA,NA,NA,NA,NA,0.1,0.5,0,0,12.8,"WR",2025,1,"2025-09-09T18:09:55Z","fantasypros","Jakobi Meyers",18598,12.8,NA,NA,NA,"jakobi-meyers","fa","jakobi-meyers|WR|fa",12.8,NA,NA,NA,NA,NA,4.9,60.1,0.3,NA,NA,NA,NA,NA,NA,NA,NA,NA,NA,NA,NA,88,30
"Ricky Pearsall",NA,NA,NA,NA,NA,NA,0.3,2.3,0,0,12.7,"WR",2025,1,"2025-09-09T18:09:55Z","fantasypros","Ricky Pearsall",26214,12.7,NA,NA,NA,"ricky-pearsall","fa","ricky-pearsall|WR|fa",12.7,NA,NA,NA,NA,NA,4.6,59.3,0.3,NA,NA,NA,NA,NA,NA,NA,NA,NA,NA,NA,NA,89,31
"George Pickens",NA,NA,NA,NA,NA,NA,0.1,0.3,0,0.1,12.5,"WR",2025,1,"2025-09-09T18:09:55Z","fantasypros","George Pickens",22963,12.5,NA,NA,NA,"george-pickens","fa","george-pickens|WR|fa",12.5,NA,NA,NA,NA,NA,4.2,61.6,0.4,NA,NA,NA,NA,NA,NA,NA,NA,NA,NA,NA,NA,91,32
"Stefon Diggs",NA,NA,NA,NA,NA,NA,0.1,0.5,0,0,12.2,"WR",2025,1,"2025-09-09T18:09:55Z","fantasypros","Stefon Diggs",13981,12.2,NA,NA,NA,"stefon-diggs","fa","stefon-diggs|WR|fa",12.2,NA,NA,NA,NA,NA,4.7,54.2,0.3,NA,NA,NA,NA,NA,NA,NA,NA,NA,NA,NA,NA,93,33
"Deebo Samuel Sr.",NA,NA,NA,NA,NA,NA,1.5,8.2,0.1,0.1,12.2,"WR",2025,1,"2025-09-09T18:09:55Z","fantasypros","Deebo Samuel Sr.",18244,12.2,NA,NA,NA,"deebo-samuel","fa","deebo-samuel|WR|fa",12.2,NA,NA,NA,NA,NA,3.9,51.9,0.3,NA,NA,NA,NA,NA,NA,NA,NA,NA,NA,NA,NA,94,34
"Chris Olave",NA,NA,NA,NA,NA,NA,0,0.2,0,0.1,12.1,"WR",2025,1,"2025-09-09T18:09:55Z","fantasypros","Chris Olave",20111,12.1,NA,NA,NA,"chris-olave","fa","chris-olave|WR|fa",12.1,NA,NA,NA,NA,NA,4.7,59.8,0.3,NA,NA,NA,NA,NA,NA,NA,NA,NA,NA,NA,NA,96,35
"Jameson Williams",NA,NA,NA,NA,NA,NA,0.9,4.5,0,0,12.1,"WR",2025,1,"2025-09-09T18:09:55Z","fantasypros","Jameson Williams",23677,12.1,NA,NA,NA,"jameson-williams","fa","jameson-williams|WR|fa",12.1,NA,NA,NA,NA,NA,3.7,58.4,0.3,NA,NA,NA,NA,NA,NA,NA,NA,NA,NA,NA,NA,97,36
"Michael Pittman Jr.",NA,NA,NA,NA,NA,NA,0,0.1,0,0.1,12.1,"WR",2025,1,"2025-09-09T18:09:55Z","fantasypros","Michael Pittman Jr.",19278,12.1,NA,NA,NA,"michael-pittman","fa","michael-pittman|WR|fa",12.1,NA,NA,NA,NA,NA,4.9,55.1,0.3,NA,NA,NA,NA,NA,NA,NA,NA,NA,NA,NA,NA,98,37
"Jauan Jennings",NA,NA,NA,NA,NA,NA,0.1,0.6,0,0,12,"WR",2025,1,"2025-09-09T18:09:55Z","fantasypros","Jauan Jennings",19590,12,NA,NA,NA,"jauan-jennings","fa","jauan-jennings|WR|fa",12,NA,NA,NA,NA,NA,4.5,56.4,0.3,NA,NA,NA,NA,NA,NA,NA,NA,NA,NA,NA,NA,99,38
"Calvin Ridley",NA,NA,NA,NA,NA,NA,0.2,1.3,0,0,12,"WR",2025,1,"2025-09-09T18:09:55Z","fantasypros","Calvin Ridley",17258,12,NA,NA,NA,"calvin-ridley","fa","calvin-ridley|WR|fa",12,NA,NA,NA,NA,NA,4.1,59.2,0.3,NA,NA,NA,NA,NA,NA,NA,NA,NA,NA,NA,NA,100,39
"Cooper Kupp",NA,NA,NA,NA,NA,NA,0.1,0.5,0,0,12,"WR",2025,1,"2025-09-09T18:09:55Z","fantasypros","Cooper Kupp",16433,12,NA,NA,NA,"cooper-kupp","fa","cooper-kupp|WR|fa",12,NA,NA,NA,NA,NA,4.6,52.6,0.4,NA,NA,NA,NA,NA,NA,NA,NA,NA,NA,NA,NA,101,40
"Travis Hunter",NA,NA,NA,NA,NA,NA,0.3,1.5,0,0.1,11.9,"WR",2025,1,"2025-09-09T18:09:55Z","fantasypros","Travis Hunter",26034,11.9,NA,NA,NA,"travis-hunter","fa","travis-hunter|WR|fa",11.9,NA,NA,NA,NA,NA,4.2,54.4,0.4,NA,NA,NA,NA,NA,NA,NA,NA,NA,NA,NA,NA,104,41
"Rome Odunze",NA,NA,NA,NA,NA,NA,0.1,0.4,0,0.1,11.2,"WR",2025,1,"2025-09-09T18:09:55Z","fantasypros","Rome Odunze",25411,11.2,NA,NA,NA,"rome-odunze","fa","rome-odunze|WR|fa",11.2,NA,NA,NA,NA,NA,4,54.3,0.3,NA,NA,NA,NA,NA,NA,NA,NA,NA,NA,NA,NA,106,42
"Khalil Shakir",NA,NA,NA,NA,NA,NA,0,0.2,0,0,11.2,"WR",2025,1,"2025-09-09T18:09:55Z","fantasypros","Khalil Shakir",23748,11.2,NA,NA,NA,"khalil-shakir","fa","khalil-shakir|WR|fa",11.2,NA,NA,NA,NA,NA,4.4,51.4,0.3,NA,NA,NA,NA,NA,NA,NA,NA,NA,NA,NA,NA,107,43
"Matthew Golden",NA,NA,NA,NA,NA,NA,0,0.9,0,0,10.6,"WR",2025,1,"2025-09-09T18:09:55Z","fantasypros","Matthew Golden",26024,10.6,NA,NA,NA,"matthew-golden","fa","matthew-golden|WR|fa",10.6,NA,NA,NA,NA,NA,3.6,49.7,0.3,NA,NA,NA,NA,NA,NA,NA,NA,NA,NA,NA,NA,114,44
"Josh Downs",NA,NA,NA,NA,NA,NA,0,0.2,0,0,10.6,"WR",2025,1,"2025-09-09T18:09:55Z","fantasypros","Josh Downs",24706,10.6,NA,NA,NA,"josh-downs","fa","josh-downs|WR|fa",10.6,NA,NA,NA,NA,NA,4.2,47.5,0.3,NA,NA,NA,NA,NA,NA,NA,NA,NA,NA,NA,NA,115,45
"Rashid Shaheed",NA,NA,NA,NA,NA,NA,0.4,2.1,0,0.1,10.5,"WR",2025,1,"2025-09-09T18:09:55Z","fantasypros","Rashid Shaheed",24687,10.5,NA,NA,NA,"rashid-shaheed","fa","rashid-shaheed|WR|fa",10.5,NA,NA,NA,NA,NA,3.5,52.6,0.3,NA,NA,NA,NA,NA,NA,NA,NA,NA,NA,NA,NA,118,46
"Keon Coleman",NA,NA,NA,NA,NA,NA,0,0.2,0,0,10,"WR",2025,1,"2025-09-09T18:09:55Z","fantasypros","Keon Coleman",26019,10,NA,NA,NA,"keon-coleman","fa","keon-coleman|WR|fa",10,NA,NA,NA,NA,NA,3.3,50,0.3,NA,NA,NA,NA,NA,NA,NA,NA,NA,NA,NA,NA,120,47
"Marquise Brown",NA,NA,NA,NA,NA,NA,0,0.2,0,0,10,"WR",2025,1,"2025-09-09T18:09:55Z","fantasypros","Marquise Brown",18226,10,NA,NA,NA,"marquise-brown","fa","marquise-brown|WR|fa",10,NA,NA,NA,NA,NA,3.7,45.7,0.3,NA,NA,NA,NA,NA,NA,NA,NA,NA,NA,NA,NA,121,48
"Marvin Mims Jr.",NA,NA,NA,NA,NA,NA,0.5,2.3,0,0,9.7,"WR",2025,1,"2025-09-09T18:09:55Z","fantasypros","Marvin Mims Jr.",23080,9.7,NA,NA,NA,"marvin-mims","fa","marvin-mims|WR|fa",9.7,NA,NA,NA,NA,NA,3.3,43.2,0.3,NA,NA,NA,NA,NA,NA,NA,NA,NA,NA,NA,NA,123,49
"Cedric Tillman",NA,NA,NA,NA,NA,NA,0,0,0,0.1,9.6,"WR",2025,1,"2025-09-09T18:09:55Z","fantasypros","Cedric Tillman",25287,9.6,NA,NA,NA,"cedric-tillman","fa","cedric-tillman|WR|fa",9.6,NA,NA,NA,NA,NA,3.6,45,0.3,NA,NA,NA,NA,NA,NA,NA,NA,NA,NA,NA,NA,125,50
"Rashod Bateman",NA,NA,NA,NA,NA,NA,0,0.1,0,0,9.6,"WR",2025,1,"2025-09-09T18:09:55Z","fantasypros","Rashod Bateman",19794,9.6,NA,NA,NA,"rashod-bateman","fa","rashod-bateman|WR|fa",9.6,NA,NA,NA,NA,NA,3.2,45,0.3,NA,NA,NA,NA,NA,NA,NA,NA,NA,NA,NA,NA,126,51
"Wan'Dale Robinson",NA,NA,NA,NA,NA,NA,0.1,1.2,0,0,9.1,"WR",2025,1,"2025-09-09T18:09:55Z","fantasypros","Wan'Dale Robinson",22985,9.1,NA,NA,NA,"wan-dale-robinson","fa","wan-dale-robinson|WR|fa",9.1,NA,NA,NA,NA,NA,4,38.1,0.2,NA,NA,NA,NA,NA,NA,NA,NA,NA,NA,NA,NA,130,52
"Jayden Reed",NA,NA,NA,NA,NA,NA,0,5.1,0.1,0.1,9,"WR",2025,1,"2025-09-09T18:09:55Z","fantasypros","Jayden Reed",23020,9,NA,NA,NA,"jayden-reed","fa","jayden-reed|WR|fa",9,NA,NA,NA,NA,NA,3,37.4,0.3,NA,NA,NA,NA,NA,NA,NA,NA,NA,NA,NA,NA,133,53
"Xavier Legette",NA,NA,NA,NA,NA,NA,0.4,1.7,0,0,9,"WR",2025,1,"2025-09-09T18:09:55Z","fantasypros","Xavier Legette",26136,9,NA,NA,NA,"xavier-legette","fa","xavier-legette|WR|fa",9,NA,NA,NA,NA,NA,3.3,39.6,0.3,NA,NA,NA,NA,NA,NA,NA,NA,NA,NA,NA,NA,134,54
"Keenan Allen",NA,NA,NA,NA,NA,NA,0,0.1,0,0,9,"WR",2025,1,"2025-09-09T18:09:55Z","fantasypros","Keenan Allen",11616,9,NA,NA,NA,"keenan-allen","fa","keenan-allen|WR|fa",9,NA,NA,NA,NA,NA,3.4,40.1,0.3,NA,NA,NA,NA,NA,NA,NA,NA,NA,NA,NA,NA,135,55
"DeMario Douglas",NA,NA,NA,NA,NA,NA,0.1,1.2,0,0,8.9,"WR",2025,1,"2025-09-09T18:09:55Z","fantasypros","DeMario Douglas",25304,8.9,NA,NA,NA,"demario-douglas","fa","demario-douglas|WR|fa",8.9,NA,NA,NA,NA,NA,3.6,39.4,0.2,NA,NA,NA,NA,NA,NA,NA,NA,NA,NA,NA,NA,137,56
"Adam Thielen",NA,NA,NA,NA,NA,NA,0,0.1,0,0,8.7,"WR",2025,1,"2025-09-09T18:09:55Z","fantasypros","Adam Thielen",13429,8.7,NA,NA,NA,"adam-thielen","fa","adam-thielen|WR|fa",8.7,NA,NA,NA,NA,NA,3.4,37.8,0.3,NA,NA,NA,NA,NA,NA,NA,NA,NA,NA,NA,NA,140,57
"Romeo Doubs",NA,NA,NA,NA,NA,NA,0,0,0,0,8.6,"WR",2025,1,"2025-09-09T18:09:55Z","fantasypros","Romeo Doubs",23794,8.6,NA,NA,NA,"romeo-doubs","fa","romeo-doubs|WR|fa",8.6,NA,NA,NA,NA,NA,3.1,39.9,0.3,NA,NA,NA,NA,NA,NA,NA,NA,NA,NA,NA,NA,142,58
"Jayden Higgins",NA,NA,NA,NA,NA,NA,0,0.2,0,0,8.1,"WR",2025,1,"2025-09-09T18:09:55Z","fantasypros","Jayden Higgins",27077,8.1,NA,NA,NA,"jayden-higgins","fa","jayden-higgins|WR|fa",8.1,NA,NA,NA,NA,NA,3,39.4,0.2,NA,NA,NA,NA,NA,NA,NA,NA,NA,NA,NA,NA,154,59
"Joshua Palmer",NA,NA,NA,NA,NA,NA,0,0,0,0,7.8,"WR",2025,1,"2025-09-09T18:09:55Z","fantasypros","Joshua Palmer",22845,7.8,NA,NA,NA,"joshua-palmer","fa","joshua-palmer|WR|fa",7.8,NA,NA,NA,NA,NA,2.8,38.5,0.2,NA,NA,NA,NA,NA,NA,NA,NA,NA,NA,NA,NA,160,60
"Ray-Ray McCloud III",NA,NA,NA,NA,NA,NA,0.4,3.1,0,0.1,7.6,"WR",2025,1,"2025-09-09T18:09:55Z","fantasypros","Ray-Ray McCloud III",17530,7.6,NA,NA,NA,"ray-ray-mccloud","fa","ray-ray-mccloud|WR|fa",7.6,NA,NA,NA,NA,NA,3.1,33.4,0.2,NA,NA,NA,NA,NA,NA,NA,NA,NA,NA,NA,NA,169,61
"Tyler Lockett",NA,NA,NA,NA,NA,NA,0,0,0,0,7.6,"WR",2025,1,"2025-09-09T18:09:55Z","fantasypros","Tyler Lockett",13971,7.6,NA,NA,NA,"tyler-lockett","fa","tyler-lockett|WR|fa",7.6,NA,NA,NA,NA,NA,3,35,0.2,NA,NA,NA,NA,NA,NA,NA,NA,NA,NA,NA,NA,170,62
"Michael Wilson",NA,NA,NA,NA,NA,NA,0.1,0.5,0,0,7.2,"WR",2025,1,"2025-09-09T18:09:55Z","fantasypros","Michael Wilson",25333,7.2,NA,NA,NA,"michael-wilson","fa","michael-wilson|WR|fa",7.2,NA,NA,NA,NA,NA,2.6,32.9,0.2,NA,NA,NA,NA,NA,NA,NA,NA,NA,NA,NA,NA,180,63
"Calvin Austin III",NA,NA,NA,NA,NA,NA,0.1,0.8,0,0,7,"WR",2025,1,"2025-09-09T18:09:55Z","fantasypros","Calvin Austin III",23739,7,NA,NA,NA,"calvin-austin","fa","calvin-austin|WR|fa",7,NA,NA,NA,NA,NA,2.4,32.6,0.2,NA,NA,NA,NA,NA,NA,NA,NA,NA,NA,NA,NA,191,64
"Jalen Nailor",NA,NA,NA,NA,NA,NA,0.1,0.3,0,0,6.9,"WR",2025,1,"2025-09-09T18:09:55Z","fantasypros","Jalen Nailor",24177,6.9,NA,NA,NA,"jalen-nailor","fa","jalen-nailor|WR|fa",6.9,NA,NA,NA,NA,NA,2.3,32,0.2,NA,NA,NA,NA,NA,NA,NA,NA,NA,NA,NA,NA,193,65
"Dont'e Thornton Jr.",NA,NA,NA,NA,NA,NA,0,0.1,0,0,6.7,"WR",2025,1,"2025-09-09T18:09:55Z","fantasypros","Dont'e Thornton Jr.",27288,6.7,NA,NA,NA,"dont-e-thornton","fa","dont-e-thornton|WR|fa",6.7,NA,NA,NA,NA,NA,2.6,31.2,0.2,NA,NA,NA,NA,NA,NA,NA,NA,NA,NA,NA,NA,202,66
"DeAndre Hopkins",NA,NA,NA,NA,NA,NA,0,0.1,0,0,6.6,"WR",2025,1,"2025-09-09T18:09:55Z","fantasypros","DeAndre Hopkins",11606,6.6,NA,NA,NA,"deandre-hopkins","fa","deandre-hopkins|WR|fa",6.6,NA,NA,NA,NA,NA,2.3,28.3,0.3,NA,NA,NA,NA,NA,NA,NA,NA,NA,NA,NA,NA,208,67
"Alec Pierce",NA,NA,NA,NA,NA,NA,0,0,0,0,6.4,"WR",2025,1,"2025-09-09T18:09:55Z","fantasypros","Alec Pierce",23791,6.4,NA,NA,NA,"alec-pierce","fa","alec-pierce|WR|fa",6.4,NA,NA,NA,NA,NA,1.9,31.6,0.2,NA,NA,NA,NA,NA,NA,NA,NA,NA,NA,NA,NA,215,68
"Tre Tucker",NA,NA,NA,NA,NA,NA,0.3,1.7,0,0,6.4,"WR",2025,1,"2025-09-09T18:09:55Z","fantasypros","Tre Tucker",25337,6.4,NA,NA,NA,"tre-tucker","fa","tre-tucker|WR|fa",6.4,NA,NA,NA,NA,NA,2.2,29.2,0.2,NA,NA,NA,NA,NA,NA,NA,NA,NA,NA,NA,NA,216,69
"Darius Slayton",NA,NA,NA,NA,NA,NA,0.1,0.4,0,0,6.3,"WR",2025,1,"2025-09-09T18:09:55Z","fantasypros","Darius Slayton",18706,6.3,NA,NA,NA,"darius-slayton","fa","darius-slayton|WR|fa",6.3,NA,NA,NA,NA,NA,2,31.5,0.2,NA,NA,NA,NA,NA,NA,NA,NA,NA,NA,NA,NA,217,70
"Tory Horton",NA,NA,NA,NA,NA,NA,0.1,0.5,0,0.1,6.1,"WR",2025,1,"2025-09-09T18:09:55Z","fantasypros","Tory Horton",26022,6.1,NA,NA,NA,"tory-horton","fa","tory-horton|WR|fa",6.1,NA,NA,NA,NA,NA,2.4,28.9,0.2,NA,NA,NA,NA,NA,NA,NA,NA,NA,NA,NA,NA,223,71
"Quentin Johnston",NA,NA,NA,NA,NA,NA,0.1,0.3,0,0,6.1,"WR",2025,1,"2025-09-09T18:09:55Z","fantasypros","Quentin Johnston",23123,6.1,NA,NA,NA,"quentin-johnston","fa","quentin-johnston|WR|fa",6.1,NA,NA,NA,NA,NA,2.1,27.8,0.2,NA,NA,NA,NA,NA,NA,NA,NA,NA,NA,NA,NA,224,72
"JuJu Smith-Schuster",NA,NA,NA,NA,NA,NA,0,0,0,0,6.1,"WR",2025,1,"2025-09-09T18:09:55Z","fantasypros","JuJu Smith-Schuster",16427,6.1,NA,NA,NA,"juju-smith-schuster","fa","juju-smith-schuster|WR|fa",6.1,NA,NA,NA,NA,NA,2.4,26.8,0.2,NA,NA,NA,NA,NA,NA,NA,NA,NA,NA,NA,NA,225,73
"Nick Westbrook-Ikhine",NA,NA,NA,NA,NA,NA,0,0.1,0,0,6,"WR",2025,1,"2025-09-09T18:09:55Z","fantasypros","Nick Westbrook-Ikhine",19747,6,NA,NA,NA,"nick-westbrook-ikhine","fa","nick-westbrook-ikhine|WR|fa",6,NA,NA,NA,NA,NA,2,27.2,0.2,NA,NA,NA,NA,NA,NA,NA,NA,NA,NA,NA,NA,229,74
"Dyami Brown",NA,NA,NA,NA,NA,NA,0,0.4,0,0,5.6,"WR",2025,1,"2025-09-09T18:09:55Z","fantasypros","Dyami Brown",20113,5.6,NA,NA,NA,"dyami-brown","fa","dyami-brown|WR|fa",5.6,NA,NA,NA,NA,NA,2.1,27.6,0.1,NA,NA,NA,NA,NA,NA,NA,NA,NA,NA,NA,NA,244,75
"Brandin Cooks",NA,NA,NA,NA,NA,NA,0.1,0.3,0,0,5.6,"WR",2025,1,"2025-09-09T18:09:55Z","fantasypros","Brandin Cooks",12122,5.6,NA,NA,NA,"brandin-cooks","fa","brandin-cooks|WR|fa",5.6,NA,NA,NA,NA,NA,2.1,24.2,0.2,NA,NA,NA,NA,NA,NA,NA,NA,NA,NA,NA,NA,245,76
"Josh Reynolds",NA,NA,NA,NA,NA,NA,0,0,0,0,5.5,"WR",2025,1,"2025-09-09T18:09:55Z","fantasypros","Josh Reynolds",16439,5.5,NA,NA,NA,"josh-reynolds","fa","josh-reynolds|WR|fa",5.5,NA,NA,NA,NA,NA,1.9,26.7,0.2,NA,NA,NA,NA,NA,NA,NA,NA,NA,NA,NA,NA,249,77
"Kayshon Boutte",NA,NA,NA,NA,NA,NA,0,0.1,0,0,5.5,"WR",2025,1,"2025-09-09T18:09:55Z","fantasypros","Kayshon Boutte",22989,5.5,NA,NA,NA,"kayshon-boutte","fa","kayshon-boutte|WR|fa",5.5,NA,NA,NA,NA,NA,1.9,26.3,0.2,NA,NA,NA,NA,NA,NA,NA,NA,NA,NA,NA,NA,250,78
"Andrei Iosivas",NA,NA,NA,NA,NA,NA,0,0,0,0,5.4,"WR",2025,1,"2025-09-09T18:09:55Z","fantasypros","Andrei Iosivas",25335,5.4,NA,NA,NA,"andrei-iosivas","fa","andrei-iosivas|WR|fa",5.4,NA,NA,NA,NA,NA,1.8,23,0.2,NA,NA,NA,NA,NA,NA,NA,NA,NA,NA,NA,NA,251,79
"Troy Franklin",NA,NA,NA,NA,NA,NA,0.1,0.4,0,0,5.3,"WR",2025,1,"2025-09-09T18:09:55Z","fantasypros","Troy Franklin",23092,5.3,NA,NA,NA,"troy-franklin","fa","troy-franklin|WR|fa",5.3,NA,NA,NA,NA,NA,1.9,22.1,0.2,NA,NA,NA,NA,NA,NA,NA,NA,NA,NA,NA,NA,254,80
"Tutu Atwell",NA,NA,NA,NA,NA,NA,0.2,1.1,0,0,5.3,"WR",2025,1,"2025-09-09T18:09:55Z","fantasypros","Tutu Atwell",20126,5.3,NA,NA,NA,"tutu-atwell","fa","tutu-atwell|WR|fa",5.3,NA,NA,NA,NA,NA,1.9,25.7,0.1,NA,NA,NA,NA,NA,NA,NA,NA,NA,NA,NA,NA,255,81
"Jalen Tolbert",NA,NA,NA,NA,NA,NA,0,0,0,0,5.2,"WR",2025,1,"2025-09-09T18:09:55Z","fantasypros","Jalen Tolbert",23770,5.2,NA,NA,NA,"jalen-tolbert","fa","jalen-tolbert|WR|fa",5.2,NA,NA,NA,NA,NA,1.9,22.3,0.2,NA,NA,NA,NA,NA,NA,NA,NA,NA,NA,NA,NA,257,82
"Elic Ayomanor",NA,NA,NA,NA,NA,NA,0,0.3,0,0,5,"WR",2025,1,"2025-09-09T18:09:55Z","fantasypros","Elic Ayomanor",27059,5,NA,NA,NA,"elic-ayomanor","fa","elic-ayomanor|WR|fa",5,NA,NA,NA,NA,NA,2,23.2,0.1,NA,NA,NA,NA,NA,NA,NA,NA,NA,NA,NA,NA,263,83
"Luther Burden III",NA,NA,NA,NA,NA,NA,0.2,1.4,0,0,5,"WR",2025,1,"2025-09-09T18:09:55Z","fantasypros","Luther Burden III",27016,5,NA,NA,NA,"luther-burden","fa","luther-burden|WR|fa",5,NA,NA,NA,NA,NA,1.8,22.2,0.1,NA,NA,NA,NA,NA,NA,NA,NA,NA,NA,NA,NA,264,84
"Noah Brown",NA,NA,NA,NA,NA,NA,0,0,0,0,5,"WR",2025,1,"2025-09-09T18:09:55Z","fantasypros","Noah Brown",16443,5,NA,NA,NA,"noah-brown","fa","noah-brown|WR|fa",5,NA,NA,NA,NA,NA,1.9,24.1,0.1,NA,NA,NA,NA,NA,NA,NA,NA,NA,NA,NA,NA,265,85
"KaVontae Turpin",NA,NA,NA,NA,NA,NA,0.9,5.6,0,0,4.9,"WR",2025,1,"2025-09-09T18:09:55Z","fantasypros","KaVontae Turpin",18520,4.9,NA,NA,NA,"kavontae-turpin","fa","kavontae-turpin|WR|fa",4.9,NA,NA,NA,NA,NA,1.6,19.2,0.1,NA,NA,NA,NA,NA,NA,NA,NA,NA,NA,NA,NA,271,86
"Roman Wilson",NA,NA,NA,NA,NA,NA,0,0,0,0,4.9,"WR",2025,1,"2025-09-09T18:09:55Z","fantasypros","Roman Wilson",26160,4.9,NA,NA,NA,"roman-wilson","fa","roman-wilson|WR|fa",4.9,NA,NA,NA,NA,NA,1.9,22.2,0.1,NA,NA,NA,NA,NA,NA,NA,NA,NA,NA,NA,NA,272,87
"Tre' Harris",NA,NA,NA,NA,NA,NA,0.1,0.4,0,0,4.8,"WR",2025,1,"2025-09-09T18:09:55Z","fantasypros","Tre' Harris",26215,4.8,NA,NA,NA,"tre-harris","fa","tre-harris|WR|fa",4.8,NA,NA,NA,NA,NA,1.8,23.1,0.1,NA,NA,NA,NA,NA,NA,NA,NA,NA,NA,NA,NA,273,88
"Jamari Thrash",NA,NA,NA,NA,NA,NA,0,0.1,0,0,4.8,"WR",2025,1,"2025-09-09T18:09:55Z","fantasypros","Jamari Thrash",26162,4.8,NA,NA,NA,"jamari-thrash","fa","jamari-thrash|WR|fa",4.8,NA,NA,NA,NA,NA,1.8,22,0.1,NA,NA,NA,NA,NA,NA,NA,NA,NA,NA,NA,NA,274,89
"Devaughn Vele",NA,NA,NA,NA,NA,NA,0,0.1,0,0,4.8,"WR",2025,1,"2025-09-09T18:09:55Z","fantasypros","Devaughn Vele",26409,4.8,NA,NA,NA,"devaughn-vele","fa","devaughn-vele|WR|fa",4.8,NA,NA,NA,NA,NA,1.9,21.3,0.1,NA,NA,NA,NA,NA,NA,NA,NA,NA,NA,NA,NA,275,90
"Sterling Shepard",NA,NA,NA,NA,NA,NA,0.1,0.8,0,0,4.7,"WR",2025,1,"2025-09-09T18:09:55Z","fantasypros","Sterling Shepard",15569,4.7,NA,NA,NA,"sterling-shepard","fa","sterling-shepard|WR|fa",4.7,NA,NA,NA,NA,NA,1.8,19.3,0.1,NA,NA,NA,NA,NA,NA,NA,NA,NA,NA,NA,NA,279,91
"Malik Washington",NA,NA,NA,NA,NA,NA,0.2,1.1,0,0.1,4.6,"WR",2025,1,"2025-09-09T18:09:55Z","fantasypros","Malik Washington",26314,4.6,NA,NA,NA,"malik-washington","fa","malik-washington|WR|fa",4.6,NA,NA,NA,NA,NA,1.9,18.4,0.1,NA,NA,NA,NA,NA,NA,NA,NA,NA,NA,NA,NA,281,92
"Greg Dortch",NA,NA,NA,NA,NA,NA,0.3,1.8,0,0,4.5,"WR",2025,1,"2025-09-09T18:09:55Z","fantasypros","Greg Dortch",18585,4.5,NA,NA,NA,"greg-dortch","fa","greg-dortch|WR|fa",4.5,NA,NA,NA,NA,NA,1.7,18.5,0.1,NA,NA,NA,NA,NA,NA,NA,NA,NA,NA,NA,NA,282,93
"Jaylin Noel",NA,NA,NA,NA,NA,NA,0,0.5,0,0,4.5,"WR",2025,1,"2025-09-09T18:09:55Z","fantasypros","Jaylin Noel",27122,4.5,NA,NA,NA,"jaylin-noel","fa","jaylin-noel|WR|fa",4.5,NA,NA,NA,NA,NA,1.7,21.4,0.1,NA,NA,NA,NA,NA,NA,NA,NA,NA,NA,NA,NA,283,94
"Jordan Whittington",NA,NA,NA,NA,NA,NA,0.1,0.8,0,0,4.3,"WR",2025,1,"2025-09-09T18:09:55Z","fantasypros","Jordan Whittington",23135,4.3,NA,NA,NA,"jordan-whittington","fa","jordan-whittington|WR|fa",4.3,NA,NA,NA,NA,NA,1.7,20.1,0.1,NA,NA,NA,NA,NA,NA,NA,NA,NA,NA,NA,NA,286,95
"Kyle Williams",NA,NA,NA,NA,NA,NA,0.1,0.8,0,0,4.3,"WR",2025,1,"2025-09-09T18:09:55Z","fantasypros","Kyle Williams",27487,4.3,NA,NA,NA,"kyle-williams","fa","kyle-williams|WR|fa",4.3,NA,NA,NA,NA,NA,1.6,19.2,0.1,NA,NA,NA,NA,NA,NA,NA,NA,NA,NA,NA,NA,287,96
"Hunter Renfrow",NA,NA,NA,NA,NA,NA,0,0,0,0,4.2,"WR",2025,1,"2025-09-09T18:09:55Z","fantasypros","Hunter Renfrow",18345,4.2,NA,NA,NA,"hunter-renfrow","fa","hunter-renfrow|WR|fa",4.2,NA,NA,NA,NA,NA,1.7,18.3,0.1,NA,NA,NA,NA,NA,NA,NA,NA,NA,NA,NA,NA,291,97
"Dontayvion Wicks",NA,NA,NA,NA,NA,NA,0,0.1,0,0,4.2,"WR",2025,1,"2025-09-09T18:09:55Z","fantasypros","Dontayvion Wicks",24354,4.2,NA,NA,NA,"dontayvion-wicks","fa","dontayvion-wicks|WR|fa",4.2,NA,NA,NA,NA,NA,1.4,18.1,0.2,NA,NA,NA,NA,NA,NA,NA,NA,NA,NA,NA,NA,292,98
"Pat Bryant",NA,NA,NA,NA,NA,NA,0.1,0.2,0,0,4.1,"WR",2025,1,"2025-09-09T18:09:55Z","fantasypros","Pat Bryant",27211,4.1,NA,NA,NA,"pat-bryant","fa","pat-bryant|WR|fa",4.1,NA,NA,NA,NA,NA,1.5,18,0.1,NA,NA,NA,NA,NA,NA,NA,NA,NA,NA,NA,NA,296,99
"Xavier Hutchinson",NA,NA,NA,NA,NA,NA,0,0.2,0,0,4.1,"WR",2025,1,"2025-09-09T18:09:55Z","fantasypros","Xavier Hutchinson",25332,4.1,NA,NA,NA,"xavier-hutchinson","fa","xavier-hutchinson|WR|fa",4.1,NA,NA,NA,NA,NA,1.5,19.1,0.1,NA,NA,NA,NA,NA,NA,NA,NA,NA,NA,NA,NA,297,100
"Olamide Zaccheaus",NA,NA,NA,NA,NA,NA,0.2,1.1,0,0,4.1,"WR",2025,1,"2025-09-09T18:09:55Z","fantasypros","Olamide Zaccheaus",18864,4.1,NA,NA,NA,"olamide-zaccheaus","fa","olamide-zaccheaus|WR|fa",4.1,NA,NA,NA,NA,NA,1.6,16.1,0.1,NA,NA,NA,NA,NA,NA,NA,NA,NA,NA,NA,NA,298,101
"David Moore",NA,NA,NA,NA,NA,NA,0,0,0,0,4,"WR",2025,1,"2025-09-09T18:09:55Z","fantasypros","David Moore",16757,4,NA,NA,NA,"david-moore","fa","david-moore|WR|fa",4,NA,NA,NA,NA,NA,1.5,19.3,0.1,NA,NA,NA,NA,NA,NA,NA,NA,NA,NA,NA,NA,302,102
"Van Jefferson",NA,NA,NA,NA,NA,NA,0,0,0,0,4,"WR",2025,1,"2025-09-09T18:09:55Z","fantasypros","Van Jefferson",19483,4,NA,NA,NA,"van-jefferson","fa","van-jefferson|WR|fa",4,NA,NA,NA,NA,NA,1.5,19.2,0.1,NA,NA,NA,NA,NA,NA,NA,NA,NA,NA,NA,NA,303,103
"Isaac TeSlaa",NA,NA,NA,NA,NA,NA,0,0,0,0,3.9,"WR",2025,1,"2025-09-09T18:09:55Z","fantasypros","Isaac TeSlaa",27446,3.9,NA,NA,NA,"isaac-teslaa","fa","isaac-teslaa|WR|fa",3.9,NA,NA,NA,NA,NA,1.5,17.3,0.1,NA,NA,NA,NA,NA,NA,NA,NA,NA,NA,NA,NA,306,104
"Parker Washington",NA,NA,NA,NA,NA,NA,0,0.2,0,0,3.7,"WR",2025,1,"2025-09-09T18:09:55Z","fantasypros","Parker Washington",23106,3.7,NA,NA,NA,"parker-washington","fa","parker-washington|WR|fa",3.7,NA,NA,NA,NA,NA,1.3,15.8,0.1,NA,NA,NA,NA,NA,NA,NA,NA,NA,NA,NA,NA,308,105
"Adonai Mitchell",NA,NA,NA,NA,NA,NA,0.2,0.5,0,0,3.6,"WR",2025,1,"2025-09-09T18:09:55Z","fantasypros","Adonai Mitchell",24357,3.6,NA,NA,NA,"adonai-mitchell","fa","adonai-mitchell|WR|fa",3.6,NA,NA,NA,NA,NA,1.3,16.8,0.1,NA,NA,NA,NA,NA,NA,NA,NA,NA,NA,NA,NA,310,106
"Tyquan Thornton",NA,NA,NA,NA,NA,NA,0,0.7,0,0,3.3,"WR",2025,1,"2025-09-09T18:09:55Z","fantasypros","Tyquan Thornton",22913,3.3,NA,NA,NA,"tyquan-thornton","fa","tyquan-thornton|WR|fa",3.3,NA,NA,NA,NA,NA,1.2,14.5,0.1,NA,NA,NA,NA,NA,NA,NA,NA,NA,NA,NA,NA,315,107
"Casey Washington",NA,NA,NA,NA,NA,NA,0,0,0,0,3.3,"WR",2025,1,"2025-09-09T18:09:55Z","fantasypros","Casey Washington",26413,3.3,NA,NA,NA,"casey-washington","fa","casey-washington|WR|fa",3.3,NA,NA,NA,NA,NA,1.2,14.6,0.1,NA,NA,NA,NA,NA,NA,NA,NA,NA,NA,NA,NA,316,108
"Mack Hollins",NA,NA,NA,NA,NA,NA,0,0.1,0,0,3.3,"WR",2025,1,"2025-09-09T18:09:55Z","fantasypros","Mack Hollins",16489,3.3,NA,NA,NA,"mack-hollins","fa","mack-hollins|WR|fa",3.3,NA,NA,NA,NA,NA,1.1,13.7,0.1,NA,NA,NA,NA,NA,NA,NA,NA,NA,NA,NA,NA,317,109
"Arian Smith",NA,NA,NA,NA,NA,NA,0,0.2,0,0,2.9,"WR",2025,1,"2025-09-09T18:09:55Z","fantasypros","Arian Smith",22965,2.9,NA,NA,NA,"arian-smith","fa","arian-smith|WR|fa",2.9,NA,NA,NA,NA,NA,1.2,13.5,0.1,NA,NA,NA,NA,NA,NA,NA,NA,NA,NA,NA,NA,324,110
"Elijah Moore",NA,NA,NA,NA,NA,NA,0,0,0,0,2.9,"WR",2025,1,"2025-09-09T18:09:55Z","fantasypros","Elijah Moore",20114,2.9,NA,NA,NA,"elijah-moore","fa","elijah-moore|WR|fa",2.9,NA,NA,NA,NA,NA,1.1,12.6,0.1,NA,NA,NA,NA,NA,NA,NA,NA,NA,NA,NA,NA,325,111
"Marquez Valdes-Scantling",NA,NA,NA,NA,NA,NA,0.1,0.1,0,0,2.9,"WR",2025,1,"2025-09-09T18:09:55Z","fantasypros","Marquez Valdes-Scantling",17528,2.9,NA,NA,NA,"marquez-valdes-scantling","fa","marquez-valdes-scantling|WR|fa",2.9,NA,NA,NA,NA,NA,0.8,16.1,0.1,NA,NA,NA,NA,NA,NA,NA,NA,NA,NA,NA,NA,326,112
"Russell Gage Jr.",NA,NA,NA,NA,NA,NA,0,0,0,0,2.8,"WR",2025,1,"2025-09-09T18:09:55Z","fantasypros","Russell Gage Jr.",17606,2.8,NA,NA,NA,"russell-gage","fa","russell-gage|WR|fa",2.8,NA,NA,NA,NA,NA,1.1,12.4,0.1,NA,NA,NA,NA,NA,NA,NA,NA,NA,NA,NA,NA,331,113
"Tyler Johnson",NA,NA,NA,NA,NA,NA,0,0,0,0,2.7,"WR",2025,1,"2025-09-09T18:09:55Z","fantasypros","Tyler Johnson",18633,2.7,NA,NA,NA,"tyler-johnson","fa","tyler-johnson|WR|fa",2.7,NA,NA,NA,NA,NA,1.1,12.6,0.1,NA,NA,NA,NA,NA,NA,NA,NA,NA,NA,NA,NA,333,114
"KhaDarel Hodge",NA,NA,NA,NA,NA,NA,0,0.2,0,0,2.4,"WR",2025,1,"2025-09-09T18:09:55Z","fantasypros","KhaDarel Hodge",18166,2.4,NA,NA,NA,"khadarel-hodge","fa","khadarel-hodge|WR|fa",2.4,NA,NA,NA,NA,NA,0.9,12.1,0.1,NA,NA,NA,NA,NA,NA,NA,NA,NA,NA,NA,NA,341,115
"Justin Watson",NA,NA,NA,NA,NA,NA,0,0,0,0,2.3,"WR",2025,1,"2025-09-09T18:09:55Z","fantasypros","Justin Watson",17603,2.3,NA,NA,NA,"justin-watson","fa","justin-watson|WR|fa",2.3,NA,NA,NA,NA,NA,0.7,11.1,0.1,NA,NA,NA,NA,NA,NA,NA,NA,NA,NA,NA,NA,344,116
"Jamal Agnew",NA,NA,NA,NA,NA,NA,0,0,0,0,2.3,"WR",2025,1,"2025-09-09T18:09:55Z","fantasypros","Jamal Agnew",16666,2.3,NA,NA,NA,"jamal-agnew","fa","jamal-agnew|WR|fa",2.3,NA,NA,NA,NA,NA,0.9,9.6,0.1,NA,NA,NA,NA,NA,NA,NA,NA,NA,NA,NA,NA,345,117
"Xavier Gipson",NA,NA,NA,NA,NA,NA,0,0.3,0,0,2.3,"WR",2025,1,"2025-09-09T18:09:55Z","fantasypros","Xavier Gipson",25758,2.3,NA,NA,NA,"xavier-gipson","fa","xavier-gipson|WR|fa",2.3,NA,NA,NA,NA,NA,0.9,11.1,0.1,NA,NA,NA,NA,NA,NA,NA,NA,NA,NA,NA,NA,346,118
"Ryan Miller",NA,NA,NA,NA,NA,NA,0,0,0,0,2.3,"WR",2025,1,"2025-09-09T18:09:55Z","fantasypros","Ryan Miller",25857,2.3,NA,NA,NA,"ryan-miller","fa","ryan-miller|WR|fa",2.3,NA,NA,NA,NA,NA,0.8,10.2,0.1,NA,NA,NA,NA,NA,NA,NA,NA,NA,NA,NA,NA,347,119
"Lucky Jackson",NA,NA,NA,NA,NA,NA,0.1,0.4,0,0.1,2.2,"WR",2025,1,"2025-09-09T18:09:55Z","fantasypros","Lucky Jackson",25952,2.2,NA,NA,NA,"lucky-jackson","fa","lucky-jackson|WR|fa",2.2,NA,NA,NA,NA,NA,0.8,11.9,0.1,NA,NA,NA,NA,NA,NA,NA,NA,NA,NA,NA,NA,351,120
"Jack Bech",NA,NA,NA,NA,NA,NA,0,0.1,0,0,2.2,"WR",2025,1,"2025-09-09T18:09:55Z","fantasypros","Jack Bech",27224,2.2,NA,NA,NA,"jack-bech","fa","jack-bech|WR|fa",2.2,NA,NA,NA,NA,NA,0.9,10.2,0.1,NA,NA,NA,NA,NA,NA,NA,NA,NA,NA,NA,NA,352,121
"Jahan Dotson",NA,NA,NA,NA,NA,NA,0,0.1,0,0,2.2,"WR",2025,1,"2025-09-09T18:09:55Z","fantasypros","Jahan Dotson",23101,2.2,NA,NA,NA,"jahan-dotson","fa","jahan-dotson|WR|fa",2.2,NA,NA,NA,NA,NA,0.8,9.8,0.1,NA,NA,NA,NA,NA,NA,NA,NA,NA,NA,NA,NA,353,122
"Zay Jones",NA,NA,NA,NA,NA,NA,0,0.1,0,0,2.1,"WR",2025,1,"2025-09-09T18:09:55Z","fantasypros","Zay Jones",16431,2.1,NA,NA,NA,"zay-jones","fa","zay-jones|WR|fa",2.1,NA,NA,NA,NA,NA,1,7.4,0.1,NA,NA,NA,NA,NA,NA,NA,NA,NA,NA,NA,NA,355,123
"Skyy Moore",NA,NA,NA,NA,NA,NA,0.1,0.4,0,0,2.1,"WR",2025,1,"2025-09-09T18:09:55Z","fantasypros","Skyy Moore",23905,2.1,NA,NA,NA,"skyy-moore","fa","skyy-moore|WR|fa",2.1,NA,NA,NA,NA,NA,0.8,10.4,0,NA,NA,NA,NA,NA,NA,NA,NA,NA,NA,NA,NA,356,124
"Tai Felton",NA,NA,NA,NA,NA,NA,0,0.1,0,0,1.9,"WR",2025,1,"2025-09-09T18:09:55Z","fantasypros","Tai Felton",27182,1.9,NA,NA,NA,"tai-felton","fa","tai-felton|WR|fa",1.9,NA,NA,NA,NA,NA,0.7,8.7,0.1,NA,NA,NA,NA,NA,NA,NA,NA,NA,NA,NA,NA,363,125
"Chimere Dike",NA,NA,NA,NA,NA,NA,0.1,0.5,0,0,1.9,"WR",2025,1,"2025-09-09T18:09:55Z","fantasypros","Chimere Dike",27315,1.9,NA,NA,NA,"chimere-dike","fa","chimere-dike|WR|fa",1.9,NA,NA,NA,NA,NA,0.8,8.5,0,NA,NA,NA,NA,NA,NA,NA,NA,NA,NA,NA,NA,364,126
"Cody White",NA,NA,NA,NA,NA,NA,0,0,0,0,1.8,"WR",2025,1,"2025-09-09T18:09:55Z","fantasypros","Cody White",19739,1.8,NA,NA,NA,"cody-white","fa","cody-white|WR|fa",1.8,NA,NA,NA,NA,NA,0.7,8.4,0,NA,NA,NA,NA,NA,NA,NA,NA,NA,NA,NA,NA,366,127
"Mitchell Tinsley",NA,NA,NA,NA,NA,NA,0,0,0,0,1.8,"WR",2025,1,"2025-09-09T18:09:55Z","fantasypros","Mitchell Tinsley",24370,1.8,NA,NA,NA,"mitchell-tinsley","fa","mitchell-tinsley|WR|fa",1.8,NA,NA,NA,NA,NA,0.6,7.7,0.1,NA,NA,NA,NA,NA,NA,NA,NA,NA,NA,NA,NA,367,128
"Isaiah Bond",NA,NA,NA,NA,NA,NA,0,0,0,0,1.7,"WR",2025,1,"2025-09-09T18:09:55Z","fantasypros","Isaiah Bond",24371,1.7,NA,NA,NA,"isaiah-bond","fa","isaiah-bond|WR|fa",1.7,NA,NA,NA,NA,NA,0.7,7.8,0,NA,NA,NA,NA,NA,NA,NA,NA,NA,NA,NA,NA,368,129
"Kalif Raymond",NA,NA,NA,NA,NA,NA,0,0.3,0,0,1.6,"WR",2025,1,"2025-09-09T18:09:55Z","fantasypros","Kalif Raymond",16081,1.6,NA,NA,NA,"kalif-raymond","fa","kalif-raymond|WR|fa",1.6,NA,NA,NA,NA,NA,0.6,7.5,0,NA,NA,NA,NA,NA,NA,NA,NA,NA,NA,NA,NA,374,130
"Malik Heath",NA,NA,NA,NA,NA,NA,0,0.3,0,0,1.6,"WR",2025,1,"2025-09-09T18:09:55Z","fantasypros","Malik Heath",25668,1.6,NA,NA,NA,"malik-heath","fa","malik-heath|WR|fa",1.6,NA,NA,NA,NA,NA,0.6,6.1,0.1,NA,NA,NA,NA,NA,NA,NA,NA,NA,NA,NA,NA,375,131
"Luke McCaffrey",NA,NA,NA,NA,NA,NA,0,0,0,0,1.4,"WR",2025,1,"2025-09-09T18:09:55Z","fantasypros","Luke McCaffrey",26328,1.4,NA,NA,NA,"luke-mccaffrey","fa","luke-mccaffrey|WR|fa",1.4,NA,NA,NA,NA,NA,0.6,6,0,NA,NA,NA,NA,NA,NA,NA,NA,NA,NA,NA,NA,388,132
"Tez Johnson",NA,NA,NA,NA,NA,NA,0,0.1,0,0,1.4,"WR",2025,1,"2025-09-09T18:09:55Z","fantasypros","Tez Johnson",27147,1.4,NA,NA,NA,"tez-johnson","fa","tez-johnson|WR|fa",1.4,NA,NA,NA,NA,NA,0.6,5.8,0,NA,NA,NA,NA,NA,NA,NA,NA,NA,NA,NA,NA,389,133
"Jalin Hyatt",NA,NA,NA,NA,NA,NA,0,0,0,0,1.4,"WR",2025,1,"2025-09-09T18:09:55Z","fantasypros","Jalin Hyatt",25251,1.4,NA,NA,NA,"jalin-hyatt","fa","jalin-hyatt|WR|fa",1.4,NA,NA,NA,NA,NA,0.5,6.8,0,NA,NA,NA,NA,NA,NA,NA,NA,NA,NA,NA,NA,390,134
"Devontez Walker",NA,NA,NA,NA,NA,NA,0,0.1,0,0,1.4,"WR",2025,1,"2025-09-09T18:09:55Z","fantasypros","Devontez Walker",26011,1.4,NA,NA,NA,"devontez-walker","fa","devontez-walker|WR|fa",1.4,NA,NA,NA,NA,NA,0.5,5.7,0,NA,NA,NA,NA,NA,NA,NA,NA,NA,NA,NA,NA,391,135
"Tylan Wallace",NA,NA,NA,NA,NA,NA,0,0.1,0,0,1.3,"WR",2025,1,"2025-09-09T18:09:55Z","fantasypros","Tylan Wallace",19801,1.3,NA,NA,NA,"tylan-wallace","fa","tylan-wallace|WR|fa",1.3,NA,NA,NA,NA,NA,0.5,5.7,0,NA,NA,NA,NA,NA,NA,NA,NA,NA,NA,NA,NA,394,136
"Mason Tipton",NA,NA,NA,NA,NA,NA,0,0,0,0,1.3,"WR",2025,1,"2025-09-09T18:09:55Z","fantasypros","Mason Tipton",26546,1.3,NA,NA,NA,"mason-tipton","fa","mason-tipton|WR|fa",1.3,NA,NA,NA,NA,NA,0.5,5.5,0,NA,NA,NA,NA,NA,NA,NA,NA,NA,NA,NA,NA,395,137
"Brycen Tremayne",NA,NA,NA,NA,NA,NA,0,0,0,0,1.2,"WR",2025,1,"2025-09-09T18:09:55Z","fantasypros","Brycen Tremayne",25631,1.2,NA,NA,NA,"brycen-tremayne","fa","brycen-tremayne|WR|fa",1.2,NA,NA,NA,NA,NA,0.5,5.8,0,NA,NA,NA,NA,NA,NA,NA,NA,NA,NA,NA,NA,399,138
"Savion Williams",NA,NA,NA,NA,NA,NA,0.3,0.9,0,0,1.2,"WR",2025,1,"2025-09-09T18:09:55Z","fantasypros","Savion Williams",27144,1.2,NA,NA,NA,"savion-williams","fa","savion-williams|WR|fa",1.2,NA,NA,NA,NA,NA,0.4,4.8,0,NA,NA,NA,NA,NA,NA,NA,NA,NA,NA,NA,NA,400,139
"Kendrick Bourne",NA,NA,NA,NA,NA,NA,0,0.9,0,0,1.2,"WR",2025,1,"2025-09-09T18:09:55Z","fantasypros","Kendrick Bourne",17066,1.2,NA,NA,NA,"kendrick-bourne","fa","kendrick-bourne|WR|fa",1.2,NA,NA,NA,NA,NA,0.4,4.5,0,NA,NA,NA,NA,NA,NA,NA,NA,NA,NA,NA,NA,401,140
"KeAndre Lambert-Smith",NA,NA,NA,NA,NA,NA,0,0.1,0,0,1,"WR",2025,1,"2025-09-09T18:09:55Z","fantasypros","KeAndre Lambert-Smith",24372,1,NA,NA,NA,"keandre-lambert-smith","fa","keandre-lambert-smith|WR|fa",1,NA,NA,NA,NA,NA,0.4,4.4,0,NA,NA,NA,NA,NA,NA,NA,NA,NA,NA,NA,NA,406,141
"DeAndre Carter",NA,NA,NA,NA,NA,NA,0,0.1,0,0,1,"WR",2025,1,"2025-09-09T18:09:55Z","fantasypros","DeAndre Carter",14103,1,NA,NA,NA,"deandre-carter","fa","deandre-carter|WR|fa",1,NA,NA,NA,NA,NA,0.4,4.7,0,NA,NA,NA,NA,NA,NA,NA,NA,NA,NA,NA,NA,407,142
"Dee Eskridge",NA,NA,NA,NA,NA,NA,0,0,0,0,1,"WR",2025,1,"2025-09-09T18:09:55Z","fantasypros","Dee Eskridge",22785,1,NA,NA,NA,"dee-eskridge","fa","dee-eskridge|WR|fa",1,NA,NA,NA,NA,NA,0.4,4.1,0,NA,NA,NA,NA,NA,NA,NA,NA,NA,NA,NA,NA,408,143
"Charlie Jones",NA,NA,NA,NA,NA,NA,0,0.1,0,0,1,"WR",2025,1,"2025-09-09T18:09:55Z","fantasypros","Charlie Jones",25336,1,NA,NA,NA,"charlie-jones","fa","charlie-jones|WR|fa",1,NA,NA,NA,NA,NA,0.4,4.4,0,NA,NA,NA,NA,NA,NA,NA,NA,NA,NA,NA,NA,409,144
"Jaylin Lane",NA,NA,NA,NA,NA,NA,0.1,0.8,0,0,0.7,"WR",2025,1,"2025-09-09T18:09:55Z","fantasypros","Jaylin Lane",27454,0.7,NA,NA,NA,"jaylin-lane","fa","jaylin-lane|WR|fa",0.7,NA,NA,NA,NA,NA,0.2,2.2,0,NA,NA,NA,NA,NA,NA,NA,NA,NA,NA,NA,NA,419,145
"Ben Skowronek",NA,NA,NA,NA,NA,NA,0,0,0,0,0.7,"WR",2025,1,"2025-09-09T18:09:55Z","fantasypros","Ben Skowronek",22843,0.7,NA,NA,NA,"ben-skowronek","fa","ben-skowronek|WR|fa",0.7,NA,NA,NA,NA,NA,0.3,3,0,NA,NA,NA,NA,NA,NA,NA,NA,NA,NA,NA,NA,420,146
"Derius Davis",NA,NA,NA,NA,NA,NA,0.6,1.6,0,0,0.6,"WR",2025,1,"2025-09-09T18:09:55Z","fantasypros","Derius Davis",25334,0.6,NA,NA,NA,"derius-davis","fa","derius-davis|WR|fa",0.6,NA,NA,NA,NA,NA,0.2,2.2,0,NA,NA,NA,NA,NA,NA,NA,NA,NA,NA,NA,NA,431,147
"Trent Sherfield Sr.",NA,NA,NA,NA,NA,NA,0,0,0,0,0.6,"WR",2025,1,"2025-09-09T18:09:55Z","fantasypros","Trent Sherfield Sr.",17888,0.6,NA,NA,NA,"trent-sherfield","fa","trent-sherfield|WR|fa",0.6,NA,NA,NA,NA,NA,0.3,2.8,0,NA,NA,NA,NA,NA,NA,NA,NA,NA,NA,NA,NA,432,148
"Bryce Oliver",NA,NA,NA,NA,NA,NA,0,0,0,0,0.5,"WR",2025,1,"2025-09-09T18:09:55Z","fantasypros","Bryce Oliver",26588,0.5,NA,NA,NA,"bryce-oliver","fa","bryce-oliver|WR|fa",0.5,NA,NA,NA,NA,NA,0.2,2.2,0,NA,NA,NA,NA,NA,NA,NA,NA,NA,NA,NA,NA,453,149
"John Metchie III",NA,NA,NA,NA,NA,NA,0,0,0,0,0.5,"WR",2025,1,"2025-09-09T18:09:55Z","fantasypros","John Metchie III",22895,0.5,NA,NA,NA,"john-metchie","fa","john-metchie|WR|fa",0.5,NA,NA,NA,NA,NA,0.2,2.1,0,NA,NA,NA,NA,NA,NA,NA,NA,NA,NA,NA,NA,454,150
"Ashton Dulin",NA,NA,NA,NA,NA,NA,0,0.3,0,0,0.4,"WR",2025,1,"2025-09-09T18:09:55Z","fantasypros","Ashton Dulin",18656,0.4,NA,NA,NA,"ashton-dulin","fa","ashton-dulin|WR|fa",0.4,NA,NA,NA,NA,NA,0.2,1.7,0,NA,NA,NA,NA,NA,NA,NA,NA,NA,NA,NA,NA,463,151
"Anthony Gould",NA,NA,NA,NA,NA,NA,0,0.1,0,0,0.4,"WR",2025,1,"2025-09-09T18:09:55Z","fantasypros","Anthony Gould",26404,0.4,NA,NA,NA,"anthony-gould","fa","anthony-gould|WR|fa",0.4,NA,NA,NA,NA,NA,0.2,1.8,0,NA,NA,NA,NA,NA,NA,NA,NA,NA,NA,NA,NA,464,152
"Nikko Remigio",NA,NA,NA,NA,NA,NA,0,0,0,0,0.3,"WR",2025,1,"2025-09-09T18:09:55Z","fantasypros","Nikko Remigio",25772,0.3,NA,NA,NA,"nikko-remigio","fa","nikko-remigio|WR|fa",0.3,NA,NA,NA,NA,NA,0.1,1.7,0,NA,NA,NA,NA,NA,NA,NA,NA,NA,NA,NA,NA,469,153
"Konata Mumpfield",NA,NA,NA,NA,NA,NA,0,0,0,0,0.3,"WR",2025,1,"2025-09-09T18:09:55Z","fantasypros","Konata Mumpfield",27449,0.3,NA,NA,NA,"konata-mumpfield","fa","konata-mumpfield|WR|fa",0.3,NA,NA,NA,NA,NA,0.1,1.2,0,NA,NA,NA,NA,NA,NA,NA,NA,NA,NA,NA,NA,470,154
"Tyrell Shavers",NA,NA,NA,NA,NA,NA,0,0,0,0,0.3,"WR",2025,1,"2025-09-09T18:09:55Z","fantasypros","Tyrell Shavers",25813,0.3,NA,NA,NA,"tyrell-shavers","fa","tyrell-shavers|WR|fa",0.3,NA,NA,NA,NA,NA,0.1,1.2,0,NA,NA,NA,NA,NA,NA,NA,NA,NA,NA,NA,NA,471,155
"Xavier Smith",NA,NA,NA,NA,NA,NA,0.1,0.9,0,0,0.3,"WR",2025,1,"2025-09-09T18:09:55Z","fantasypros","Xavier Smith",25627,0.3,NA,NA,NA,"xavier-smith","fa","xavier-smith|WR|fa",0.3,NA,NA,NA,NA,NA,0.1,1.1,0,NA,NA,NA,NA,NA,NA,NA,NA,NA,NA,NA,NA,472,156
"Scotty Miller",NA,NA,NA,NA,NA,NA,0,0,0,0,0.3,"WR",2025,1,"2025-09-09T18:09:55Z","fantasypros","Scotty Miller",18714,0.3,NA,NA,NA,"scotty-miller","fa","scotty-miller|WR|fa",0.3,NA,NA,NA,NA,NA,0.1,1.1,0,NA,NA,NA,NA,NA,NA,NA,NA,NA,NA,NA,NA,473,157
"Devin Duvernay",NA,NA,NA,NA,NA,NA,0,0.2,0,0,0.2,"WR",2025,1,"2025-09-09T18:09:55Z","fantasypros","Devin Duvernay",19270,0.2,NA,NA,NA,"devin-duvernay","fa","devin-duvernay|WR|fa",0.2,NA,NA,NA,NA,NA,0.1,0.9,0,NA,NA,NA,NA,NA,NA,NA,NA,NA,NA,NA,NA,477,158
"Phillip Dorsett II",NA,NA,NA,NA,NA,NA,0,0,0,0,0,"WR",2025,1,"2025-09-09T18:09:55Z","fantasypros","Phillip Dorsett II",13979,0,NA,NA,NA,"phillip-dorsett","fa","phillip-dorsett|WR|fa",0,NA,NA,NA,NA,NA,0,0,0,NA,NA,NA,NA,NA,NA,NA,NA,NA,NA,NA,NA,564,159
"Laquon Treadwell",NA,NA,NA,NA,NA,NA,0,0,0,0,0,"WR",2025,1,"2025-09-09T18:09:55Z","fantasypros","Laquon Treadwell",15495,0,NA,NA,NA,"laquon-treadwell","fa","laquon-treadwell|WR|fa",0,NA,NA,NA,NA,NA,0,0,0,NA,NA,NA,NA,NA,NA,NA,NA,NA,NA,NA,NA,565,160
"Chris Moore",NA,NA,NA,NA,NA,NA,0,0,0,0,0,"WR",2025,1,"2025-09-09T18:09:55Z","fantasypros","Chris Moore",15654,0,NA,NA,NA,"chris-moore","fa","chris-moore|WR|fa",0,NA,NA,NA,NA,NA,0,0,0,NA,NA,NA,NA,NA,NA,NA,NA,NA,NA,NA,NA,566,161
"Demarcus Robinson",NA,NA,NA,NA,NA,NA,0,0,0,0,0,"WR",2025,1,"2025-09-09T18:09:55Z","fantasypros","Demarcus Robinson",15665,0,NA,NA,NA,"demarcus-robinson","fa","demarcus-robinson|WR|fa",0,NA,NA,NA,NA,NA,0,0,0,NA,NA,NA,NA,NA,NA,NA,NA,NA,NA,NA,NA,567,162
"Robbie Chosen",NA,NA,NA,NA,NA,NA,0,0,0,0,0,"WR",2025,1,"2025-09-09T18:09:55Z","fantasypros","Robbie Chosen",15688,0,NA,NA,NA,"robbie-chosen","fa","robbie-chosen|WR|fa",0,NA,NA,NA,NA,NA,0,0,0,NA,NA,NA,NA,NA,NA,NA,NA,NA,NA,NA,NA,568,163
"Trent Taylor",NA,NA,NA,NA,NA,NA,0,0,0,0,0,"WR",2025,1,"2025-09-09T18:09:55Z","fantasypros","Trent Taylor",16505,0,NA,NA,NA,"trent-taylor","fa","trent-taylor|WR|fa",0,NA,NA,NA,NA,NA,0,0,0,NA,NA,NA,NA,NA,NA,NA,NA,NA,NA,NA,NA,569,164
"Tim Patrick",NA,NA,NA,NA,NA,NA,0,0,0,0,0,"WR",2025,1,"2025-09-09T18:09:55Z","fantasypros","Tim Patrick",16556,0,NA,NA,NA,"tim-patrick","fa","tim-patrick|WR|fa",0,NA,NA,NA,NA,NA,0,0,0,NA,NA,NA,NA,NA,NA,NA,NA,NA,NA,NA,NA,570,165
"Anthony Miller",NA,NA,NA,NA,NA,NA,0,0,0,0,0,"WR",2025,1,"2025-09-09T18:09:55Z","fantasypros","Anthony Miller",17255,0,NA,NA,NA,"anthony-miller","fa","anthony-miller|WR|fa",0,NA,NA,NA,NA,NA,0,0,0,NA,NA,NA,NA,NA,NA,NA,NA,NA,NA,NA,NA,571,166
"Cedrick Wilson Jr.",NA,NA,NA,NA,NA,NA,0,0,0,0,0,"WR",2025,1,"2025-09-09T18:09:55Z","fantasypros","Cedrick Wilson Jr.",17262,0,NA,NA,NA,"cedrick-wilson","fa","cedrick-wilson|WR|fa",0,NA,NA,NA,NA,NA,0,0,0,NA,NA,NA,NA,NA,NA,NA,NA,NA,NA,NA,NA,572,167
"Keith Kirkwood",NA,NA,NA,NA,NA,NA,0,0,0,0,0,"WR",2025,1,"2025-09-09T18:09:55Z","fantasypros","Keith Kirkwood",17871,0,NA,NA,NA,"keith-kirkwood","fa","keith-kirkwood|WR|fa",0,NA,NA,NA,NA,NA,0,0,0,NA,NA,NA,NA,NA,NA,NA,NA,NA,NA,NA,NA,573,168
"David Sills V",NA,NA,NA,NA,NA,NA,0,0,0,0,0,"WR",2025,1,"2025-09-09T18:09:55Z","fantasypros","David Sills V",18566,0,NA,NA,NA,"david-sills","fa","david-sills|WR|fa",0,NA,NA,NA,NA,NA,0,0,0,NA,NA,NA,NA,NA,NA,NA,NA,NA,NA,NA,NA,574,169
"Mecole Hardman Jr.",NA,NA,NA,NA,NA,NA,0,0,0,0,0,"WR",2025,1,"2025-09-09T18:09:55Z","fantasypros","Mecole Hardman Jr.",18587,0,NA,NA,NA,"mecole-hardman","fa","mecole-hardman|WR|fa",0,NA,NA,NA,NA,NA,0,0,0,NA,NA,NA,NA,NA,NA,NA,NA,NA,NA,NA,NA,575,170
"Lil'Jordan Humphrey",NA,NA,NA,NA,NA,NA,0,0,0,0,0,"WR",2025,1,"2025-09-09T18:09:55Z","fantasypros","Lil'Jordan Humphrey",18590,0,NA,NA,NA,"lil-jordan-humphrey","fa","lil-jordan-humphrey|WR|fa",0,NA,NA,NA,NA,NA,0,0,0,NA,NA,NA,NA,NA,NA,NA,NA,NA,NA,NA,NA,576,171
"Miles Boykin",NA,NA,NA,NA,NA,NA,0,0,0,0,0,"WR",2025,1,"2025-09-09T18:09:55Z","fantasypros","Miles Boykin",18636,0,NA,NA,NA,"miles-boykin","fa","miles-boykin|WR|fa",0,NA,NA,NA,NA,NA,0,0,0,NA,NA,NA,NA,NA,NA,NA,NA,NA,NA,NA,NA,577,172
"Alex Bachman",NA,NA,NA,NA,NA,NA,0,0,0,0,0,"WR",2025,1,"2025-09-09T18:09:55Z","fantasypros","Alex Bachman",18902,0,NA,NA,NA,"alex-bachman","fa","alex-bachman|WR|fa",0,NA,NA,NA,NA,NA,0,0,0,NA,NA,NA,NA,NA,NA,NA,NA,NA,NA,NA,NA,578,173
"D.J. Montgomery",NA,NA,NA,NA,NA,NA,0,0,0,0,0,"WR",2025,1,"2025-09-09T18:09:55Z","fantasypros","D.J. Montgomery",18984,0,NA,NA,NA,"d-j-montgomery","fa","d-j-montgomery|WR|fa",0,NA,NA,NA,NA,NA,0,0,0,NA,NA,NA,NA,NA,NA,NA,NA,NA,NA,NA,NA,579,174
"Tom Kennedy",NA,NA,NA,NA,NA,NA,0,0,0,0,0,"WR",2025,1,"2025-09-09T18:09:55Z","fantasypros","Tom Kennedy",19052,0,NA,NA,NA,"tom-kennedy","fa","tom-kennedy|WR|fa",0,NA,NA,NA,NA,NA,0,0,0,NA,NA,NA,NA,NA,NA,NA,NA,NA,NA,NA,NA,580,175
"Gunner Olszewski",NA,NA,NA,NA,NA,NA,0,0,0,0,0,"WR",2025,1,"2025-09-09T18:09:55Z","fantasypros","Gunner Olszewski",19093,0,NA,NA,NA,"gunner-olszewski","fa","gunner-olszewski|WR|fa",0,NA,NA,NA,NA,NA,0,0,0,NA,NA,NA,NA,NA,NA,NA,NA,NA,NA,NA,NA,581,176
"Jalen Reagor",NA,NA,NA,NA,NA,NA,0,0,0,0,0,"WR",2025,1,"2025-09-09T18:09:55Z","fantasypros","Jalen Reagor",19219,0,NA,NA,NA,"jalen-reagor","fa","jalen-reagor|WR|fa",0,NA,NA,NA,NA,NA,0,0,0,NA,NA,NA,NA,NA,NA,NA,NA,NA,NA,NA,NA,582,177
"Brandon Aiyuk",NA,NA,NA,NA,NA,NA,0,0,0,0,0,"WR",2025,1,"2025-09-09T18:09:55Z","fantasypros","Brandon Aiyuk",19252,0,NA,NA,NA,"brandon-aiyuk","fa","brandon-aiyuk|WR|fa",0,NA,NA,NA,NA,NA,0,0,0,NA,NA,NA,NA,NA,NA,NA,NA,NA,NA,NA,NA,583,178
"James Proche II",NA,NA,NA,NA,NA,NA,0,0,0,0,0,"WR",2025,1,"2025-09-09T18:09:55Z","fantasypros","James Proche II",19359,0,NA,NA,NA,"james-proche","fa","james-proche|WR|fa",0,NA,NA,NA,NA,NA,0,0,0,NA,NA,NA,NA,NA,NA,NA,NA,NA,NA,NA,NA,584,179
"Gabe Davis",NA,NA,NA,NA,NA,NA,0,0,0,0,0,"WR",2025,1,"2025-09-09T18:09:55Z","fantasypros","Gabe Davis",19398,0,NA,NA,NA,"gabe-davis","fa","gabe-davis|WR|fa",0,NA,NA,NA,NA,NA,0,0,0,NA,NA,NA,NA,NA,NA,NA,NA,NA,NA,NA,NA,585,180
"Mason Kinsey",NA,NA,NA,NA,NA,NA,0,0,0,0,0,"WR",2025,1,"2025-09-09T18:09:55Z","fantasypros","Mason Kinsey",19704,0,NA,NA,NA,"mason-kinsey","fa","mason-kinsey|WR|fa",0,NA,NA,NA,NA,NA,0,0,0,NA,NA,NA,NA,NA,NA,NA,NA,NA,NA,NA,NA,586,181
"Kristian Wilkerson",NA,NA,NA,NA,NA,NA,0,0,0,0,0,"WR",2025,1,"2025-09-09T18:09:55Z","fantasypros","Kristian Wilkerson",19891,0,NA,NA,NA,"kristian-wilkerson","fa","kristian-wilkerson|WR|fa",0,NA,NA,NA,NA,NA,0,0,0,NA,NA,NA,NA,NA,NA,NA,NA,NA,NA,NA,NA,587,182
"Andre Baccellia",NA,NA,NA,NA,NA,NA,0,0,0,0,0,"WR",2025,1,"2025-09-09T18:09:55Z","fantasypros","Andre Baccellia",20050,0,NA,NA,NA,"andre-baccellia","fa","andre-baccellia|WR|fa",0,NA,NA,NA,NA,NA,0,0,0,NA,NA,NA,NA,NA,NA,NA,NA,NA,NA,NA,NA,588,183
"Ihmir Smith-Marsette",NA,NA,NA,NA,NA,NA,0,0,0,0,0,"WR",2025,1,"2025-09-09T18:09:55Z","fantasypros","Ihmir Smith-Marsette",20116,0,NA,NA,NA,"ihmir-smith-marsette","fa","ihmir-smith-marsette|WR|fa",0,NA,NA,NA,NA,NA,0,0,0,NA,NA,NA,NA,NA,NA,NA,NA,NA,NA,NA,NA,589,184
"Seth Williams",NA,NA,NA,NA,NA,NA,0,0,0,0,0,"WR",2025,1,"2025-09-09T18:09:55Z","fantasypros","Seth Williams",20118,0,NA,NA,NA,"seth-williams","fa","seth-williams|WR|fa",0,NA,NA,NA,NA,NA,0,0,0,NA,NA,NA,NA,NA,NA,NA,NA,NA,NA,NA,NA,590,185
"Chris Blair",NA,NA,NA,NA,NA,NA,0,0,0,0,0,"WR",2025,1,"2025-09-09T18:09:55Z","fantasypros","Chris Blair",22684,0,NA,NA,NA,"chris-blair","fa","chris-blair|WR|fa",0,NA,NA,NA,NA,NA,0,0,0,NA,NA,NA,NA,NA,NA,NA,NA,NA,NA,NA,NA,591,186
"Javon Baker",NA,NA,NA,NA,NA,NA,0,0,0,0,0,"WR",2025,1,"2025-09-09T18:09:55Z","fantasypros","Javon Baker",22885,0,NA,NA,NA,"javon-baker","fa","javon-baker|WR|fa",0,NA,NA,NA,NA,NA,0,0,0,NA,NA,NA,NA,NA,NA,NA,NA,NA,NA,NA,NA,592,187
"Beaux Collins",NA,NA,NA,NA,NA,NA,0,0,0,0,0,"WR",2025,1,"2025-09-09T18:09:55Z","fantasypros","Beaux Collins",22925,0,NA,NA,NA,"beaux-collins","fa","beaux-collins|WR|fa",0,NA,NA,NA,NA,NA,0,0,0,NA,NA,NA,NA,NA,NA,NA,NA,NA,NA,NA,NA,593,188
"Rakim Jarrett",NA,NA,NA,NA,NA,NA,0,0,0,0,0,"WR",2025,1,"2025-09-09T18:09:55Z","fantasypros","Rakim Jarrett",23001,0,NA,NA,NA,"rakim-jarrett","fa","rakim-jarrett|WR|fa",0,NA,NA,NA,NA,NA,0,0,0,NA,NA,NA,NA,NA,NA,NA,NA,NA,NA,NA,NA,594,189
"Ronnie Bell",NA,NA,NA,NA,NA,NA,0,0,0,0,0,"WR",2025,1,"2025-09-09T18:09:55Z","fantasypros","Ronnie Bell",23012,0,NA,NA,NA,"ronnie-bell","fa","ronnie-bell|WR|fa",0,NA,NA,NA,NA,NA,0,0,0,NA,NA,NA,NA,NA,NA,NA,NA,NA,NA,NA,NA,595,190
"Jonathan Mingo",NA,NA,NA,NA,NA,NA,0,0,0,0,0,"WR",2025,1,"2025-09-09T18:09:55Z","fantasypros","Jonathan Mingo",23030,0,NA,NA,NA,"jonathan-mingo","fa","jonathan-mingo|WR|fa",0,NA,NA,NA,NA,NA,0,0,0,NA,NA,NA,NA,NA,NA,NA,NA,NA,NA,NA,NA,596,191
"Kevin Austin Jr.",NA,NA,NA,NA,NA,NA,0,0,0,0,0,"WR",2025,1,"2025-09-09T18:09:55Z","fantasypros","Kevin Austin Jr.",23049,0,NA,NA,NA,"kevin-austin","fa","kevin-austin|WR|fa",0,NA,NA,NA,NA,NA,0,0,0,NA,NA,NA,NA,NA,NA,NA,NA,NA,NA,NA,NA,597,192
"Ainias Smith",NA,NA,NA,NA,NA,NA,0,0,0,0,0,"WR",2025,1,"2025-09-09T18:09:55Z","fantasypros","Ainias Smith",23142,0,NA,NA,NA,"ainias-smith","fa","ainias-smith|WR|fa",0,NA,NA,NA,NA,NA,0,0,0,NA,NA,NA,NA,NA,NA,NA,NA,NA,NA,NA,NA,598,193
"Simi Fehoko",NA,NA,NA,NA,NA,NA,0,0,0,0,0,"WR",2025,1,"2025-09-09T18:09:55Z","fantasypros","Simi Fehoko",23196,0,NA,NA,NA,"simi-fehoko","fa","simi-fehoko|WR|fa",0,NA,NA,NA,NA,NA,0,0,0,NA,NA,NA,NA,NA,NA,NA,NA,NA,NA,NA,NA,599,194
"Terrace Marshall Jr.",NA,NA,NA,NA,NA,NA,0,0,0,0,0,"WR",2025,1,"2025-09-09T18:09:55Z","fantasypros","Terrace Marshall Jr.",23242,0,NA,NA,NA,"terrace-marshall","fa","terrace-marshall|WR|fa",0,NA,NA,NA,NA,NA,0,0,0,NA,NA,NA,NA,NA,NA,NA,NA,NA,NA,NA,NA,600,195
"Austin Trammell",NA,NA,NA,NA,NA,NA,0,0,0,0,0,"WR",2025,1,"2025-09-09T18:09:55Z","fantasypros","Austin Trammell",23260,0,NA,NA,NA,"austin-trammell","fa","austin-trammell|WR|fa",0,NA,NA,NA,NA,NA,0,0,0,NA,NA,NA,NA,NA,NA,NA,NA,NA,NA,NA,NA,601,196
"Brandon Smith",NA,NA,NA,NA,NA,NA,0,0,0,0,0,"WR",2025,1,"2025-09-09T18:09:55Z","fantasypros","Brandon Smith",23351,0,NA,NA,NA,"brandon-smith","fa","brandon-smith|WR|fa",0,NA,NA,NA,NA,NA,0,0,0,NA,NA,NA,NA,NA,NA,NA,NA,NA,NA,NA,NA,602,197
"Tim Jones",NA,NA,NA,NA,NA,NA,0,0,0,0,0,"WR",2025,1,"2025-09-09T18:09:55Z","fantasypros","Tim Jones",23438,0,NA,NA,NA,"tim-jones","fa","tim-jones|WR|fa",0,NA,NA,NA,NA,NA,0,0,0,NA,NA,NA,NA,NA,NA,NA,NA,NA,NA,NA,NA,603,198
"Michael Bandy",NA,NA,NA,NA,NA,NA,0,0,0,0,0,"WR",2025,1,"2025-09-09T18:09:55Z","fantasypros","Michael Bandy",23531,0,NA,NA,NA,"michael-bandy","fa","michael-bandy|WR|fa",0,NA,NA,NA,NA,NA,0,0,0,NA,NA,NA,NA,NA,NA,NA,NA,NA,NA,NA,NA,604,199
"Erik Ezukanma",NA,NA,NA,NA,NA,NA,0,0,0,0,0,"WR",2025,1,"2025-09-09T18:09:55Z","fantasypros","Erik Ezukanma",23755,0,NA,NA,NA,"erik-ezukanma","fa","erik-ezukanma|WR|fa",0,NA,NA,NA,NA,NA,0,0,0,NA,NA,NA,NA,NA,NA,NA,NA,NA,NA,NA,NA,605,200
"Xavier Weaver",NA,NA,NA,NA,NA,NA,0,0,0,0,0,"WR",2025,1,"2025-09-09T18:09:55Z","fantasypros","Xavier Weaver",23957,0,NA,NA,NA,"xavier-weaver","fa","xavier-weaver|WR|fa",0,NA,NA,NA,NA,NA,0,0,0,NA,NA,NA,NA,NA,NA,NA,NA,NA,NA,NA,NA,606,201
"Britain Covey",NA,NA,NA,NA,NA,NA,0,0,0,0,0,"WR",2025,1,"2025-09-09T18:09:55Z","fantasypros","Britain Covey",24234,0,NA,NA,NA,"britain-covey","fa","britain-covey|WR|fa",0,NA,NA,NA,NA,NA,0,0,0,NA,NA,NA,NA,NA,NA,NA,NA,NA,NA,NA,NA,607,202
"A.T. Perry",NA,NA,NA,NA,NA,NA,0,0,0,0,0,"WR",2025,1,"2025-09-09T18:09:55Z","fantasypros","A.T. Perry",24353,0,NA,NA,NA,"a-t-perry","fa","a-t-perry|WR|fa",0,NA,NA,NA,NA,NA,0,0,0,NA,NA,NA,NA,NA,NA,NA,NA,NA,NA,NA,NA,608,203
"Kaden Davis",NA,NA,NA,NA,NA,NA,0,0,0,0,0,"WR",2025,1,"2025-09-09T18:09:55Z","fantasypros","Kaden Davis",24815,0,NA,NA,NA,"kaden-davis","fa","kaden-davis|WR|fa",0,NA,NA,NA,NA,NA,0,0,0,NA,NA,NA,NA,NA,NA,NA,NA,NA,NA,NA,NA,609,204
"Dennis Houston",NA,NA,NA,NA,NA,NA,0,0,0,0,0,"WR",2025,1,"2025-09-09T18:09:55Z","fantasypros","Dennis Houston",24857,0,NA,NA,NA,"dennis-houston","fa","dennis-houston|WR|fa",0,NA,NA,NA,NA,NA,0,0,0,NA,NA,NA,NA,NA,NA,NA,NA,NA,NA,NA,NA,610,205
"Irvin Charles",NA,NA,NA,NA,NA,NA,0,0,0,0,0,"WR",2025,1,"2025-09-09T18:09:55Z","fantasypros","Irvin Charles",24904,0,NA,NA,NA,"irvin-charles","fa","irvin-charles|WR|fa",0,NA,NA,NA,NA,NA,0,0,0,NA,NA,NA,NA,NA,NA,NA,NA,NA,NA,NA,NA,611,206
"Maurice Alexander",NA,NA,NA,NA,NA,NA,0,0,0,0,0,"WR",2025,1,"2025-09-09T18:09:55Z","fantasypros","Maurice Alexander",25205,0,NA,NA,NA,"maurice-alexander","fa","maurice-alexander|WR|fa",0,NA,NA,NA,NA,NA,0,0,0,NA,NA,NA,NA,NA,NA,NA,NA,NA,NA,NA,NA,612,207
"Bryce Ford-Wheaton",NA,NA,NA,NA,NA,NA,0,0,0,0,0,"WR",2025,1,"2025-09-09T18:09:55Z","fantasypros","Bryce Ford-Wheaton",25340,0,NA,NA,NA,"bryce-ford-wheaton","fa","bryce-ford-wheaton|WR|fa",0,NA,NA,NA,NA,NA,0,0,0,NA,NA,NA,NA,NA,NA,NA,NA,NA,NA,NA,NA,613,208
"Jalen Cropper",NA,NA,NA,NA,NA,NA,0,0,0,0,0,"WR",2025,1,"2025-09-09T18:09:55Z","fantasypros","Jalen Cropper",25359,0,NA,NA,NA,"jalen-cropper","fa","jalen-cropper|WR|fa",0,NA,NA,NA,NA,NA,0,0,0,NA,NA,NA,NA,NA,NA,NA,NA,NA,NA,NA,NA,614,209
"Tyler Scott",NA,NA,NA,NA,NA,NA,0,0,0,0,0,"WR",2025,1,"2025-09-09T18:09:55Z","fantasypros","Tyler Scott",25442,0,NA,NA,NA,"tyler-scott","fa","tyler-scott|WR|fa",0,NA,NA,NA,NA,NA,0,0,0,NA,NA,NA,NA,NA,NA,NA,NA,NA,NA,NA,NA,615,210
"Jalen Brooks",NA,NA,NA,NA,NA,NA,0,0,0,0,0,"WR",2025,1,"2025-09-09T18:09:55Z","fantasypros","Jalen Brooks",25468,0,NA,NA,NA,"jalen-brooks","fa","jalen-brooks|WR|fa",0,NA,NA,NA,NA,NA,0,0,0,NA,NA,NA,NA,NA,NA,NA,NA,NA,NA,NA,NA,616,211
"Jared Wayne",NA,NA,NA,NA,NA,NA,0,0,0,0,0,"WR",2025,1,"2025-09-09T18:09:55Z","fantasypros","Jared Wayne",25495,0,NA,NA,NA,"jared-wayne","fa","jared-wayne|WR|fa",0,NA,NA,NA,NA,NA,0,0,0,NA,NA,NA,NA,NA,NA,NA,NA,NA,NA,NA,NA,617,212
"Shedrick Jackson",NA,NA,NA,NA,NA,NA,0,0,0,0,0,"WR",2025,1,"2025-09-09T18:09:55Z","fantasypros","Shedrick Jackson",25709,0,NA,NA,NA,"shedrick-jackson","fa","shedrick-jackson|WR|fa",0,NA,NA,NA,NA,NA,0,0,0,NA,NA,NA,NA,NA,NA,NA,NA,NA,NA,NA,NA,618,213
"Jason Brownlee",NA,NA,NA,NA,NA,NA,0,0,0,0,0,"WR",2025,1,"2025-09-09T18:09:55Z","fantasypros","Jason Brownlee",25754,0,NA,NA,NA,"jason-brownlee","fa","jason-brownlee|WR|fa",0,NA,NA,NA,NA,NA,0,0,0,NA,NA,NA,NA,NA,NA,NA,NA,NA,NA,NA,NA,619,214
"Dylan Drummond",NA,NA,NA,NA,NA,NA,0,0,0,0,0,"WR",2025,1,"2025-09-09T18:09:55Z","fantasypros","Dylan Drummond",25912,0,NA,NA,NA,"dylan-drummond","fa","dylan-drummond|WR|fa",0,NA,NA,NA,NA,NA,0,0,0,NA,NA,NA,NA,NA,NA,NA,NA,NA,NA,NA,NA,620,215
"Dominic Lovett",NA,NA,NA,NA,NA,NA,0,0,0,0,0,"WR",2025,1,"2025-09-09T18:09:55Z","fantasypros","Dominic Lovett",26013,0,NA,NA,NA,"dominic-lovett","fa","dominic-lovett|WR|fa",0,NA,NA,NA,NA,NA,0,0,0,NA,NA,NA,NA,NA,NA,NA,NA,NA,NA,NA,NA,621,216
"Isaiah Neyor",NA,NA,NA,NA,NA,NA,0,0,0,0,0,"WR",2025,1,"2025-09-09T18:09:55Z","fantasypros","Isaiah Neyor",26021,0,NA,NA,NA,"isaiah-neyor","fa","isaiah-neyor|WR|fa",0,NA,NA,NA,NA,NA,0,0,0,NA,NA,NA,NA,NA,NA,NA,NA,NA,NA,NA,NA,622,217
"Malachi Corley",NA,NA,NA,NA,NA,NA,0,0,0,0,0,"WR",2025,1,"2025-09-09T18:09:55Z","fantasypros","Malachi Corley",26023,0,NA,NA,NA,"malachi-corley","fa","malachi-corley|WR|fa",0,NA,NA,NA,NA,NA,0,0,0,NA,NA,NA,NA,NA,NA,NA,NA,NA,NA,NA,NA,623,218
"Bub Means",NA,NA,NA,NA,NA,NA,0,0,0,0,0,"WR",2025,1,"2025-09-09T18:09:55Z","fantasypros","Bub Means",26354,0,NA,NA,NA,"bub-means","fa","bub-means|WR|fa",0,NA,NA,NA,NA,NA,0,0,0,NA,NA,NA,NA,NA,NA,NA,NA,NA,NA,NA,NA,624,219
"Joshua Cephus",NA,NA,NA,NA,NA,NA,0,0,0,0,0,"WR",2025,1,"2025-09-09T18:09:55Z","fantasypros","Joshua Cephus",26366,0,NA,NA,NA,"joshua-cephus","fa","joshua-cephus|WR|fa",0,NA,NA,NA,NA,NA,0,0,0,NA,NA,NA,NA,NA,NA,NA,NA,NA,NA,NA,NA,625,220
"Ryan Flournoy",NA,NA,NA,NA,NA,NA,0,0,0,0,0,"WR",2025,1,"2025-09-09T18:09:55Z","fantasypros","Ryan Flournoy",26398,0,NA,NA,NA,"ryan-flournoy","fa","ryan-flournoy|WR|fa",0,NA,NA,NA,NA,NA,0,0,0,NA,NA,NA,NA,NA,NA,NA,NA,NA,NA,NA,NA,626,221
"Tejhaun Palmer",NA,NA,NA,NA,NA,NA,0,0,0,0,0,"WR",2025,1,"2025-09-09T18:09:55Z","fantasypros","Tejhaun Palmer",26411,0,NA,NA,NA,"tejhaun-palmer","fa","tejhaun-palmer|WR|fa",0,NA,NA,NA,NA,NA,0,0,0,NA,NA,NA,NA,NA,NA,NA,NA,NA,NA,NA,NA,627,222
"Kameron Johnson",NA,NA,NA,NA,NA,NA,0,0,0,0,0,"WR",2025,1,"2025-09-09T18:09:55Z","fantasypros","Kameron Johnson",26626,0,NA,NA,NA,"kameron-johnson","fa","kameron-johnson|WR|fa",0,NA,NA,NA,NA,NA,0,0,0,NA,NA,NA,NA,NA,NA,NA,NA,NA,NA,NA,NA,628,223
"Xavier Restrepo",NA,NA,NA,NA,NA,NA,0,0,0,0,0,"WR",2025,1,"2025-09-09T18:09:55Z","fantasypros","Xavier Restrepo",27066,0,NA,NA,NA,"xavier-restrepo","fa","xavier-restrepo|WR|fa",0,NA,NA,NA,NA,NA,0,0,0,NA,NA,NA,NA,NA,NA,NA,NA,NA,NA,NA,NA,629,224
"Ricky White III",NA,NA,NA,NA,NA,NA,0,0,0,0,0,"WR",2025,1,"2025-09-09T18:09:55Z","fantasypros","Ricky White III",27186,0,NA,NA,NA,"ricky-white","fa","ricky-white|WR|fa",0,NA,NA,NA,NA,NA,0,0,0,NA,NA,NA,NA,NA,NA,NA,NA,NA,NA,NA,NA,630,225
"Nick Nash",NA,NA,NA,NA,NA,NA,0,0,0,0,0,"WR",2025,1,"2025-09-09T18:09:55Z","fantasypros","Nick Nash",27263,0,NA,NA,NA,"nick-nash","fa","nick-nash|WR|fa",0,NA,NA,NA,NA,NA,0,0,0,NA,NA,NA,NA,NA,NA,NA,NA,NA,NA,NA,NA,631,226
"LaJohntay Wester",NA,NA,NA,NA,NA,NA,0,0,0,0,0,"WR",2025,1,"2025-09-09T18:09:55Z","fantasypros","LaJohntay Wester",27447,0,NA,NA,NA,"lajohntay-wester","fa","lajohntay-wester|WR|fa",0,NA,NA,NA,NA,NA,0,0,0,NA,NA,NA,NA,NA,NA,NA,NA,NA,NA,NA,NA,632,227
"Tommy Mellott",NA,NA,NA,NA,NA,NA,0,0,0,0,0,"WR",2025,1,"2025-09-09T18:09:55Z","fantasypros","Tommy Mellott",27539,0,NA,NA,NA,"tommy-mellott","fa","tommy-mellott|WR|fa",0,NA,NA,NA,NA,NA,0,0,0,NA,NA,NA,NA,NA,NA,NA,NA,NA,NA,NA,NA,633,228
"Junior Bergen",NA,NA,NA,NA,NA,NA,0,0,0,0,0,"WR",2025,1,"2025-09-09T18:09:55Z","fantasypros","Junior Bergen",27552,0,NA,NA,NA,"junior-bergen","fa","junior-bergen|WR|fa",0,NA,NA,NA,NA,NA,0,0,0,NA,NA,NA,NA,NA,NA,NA,NA,NA,NA,NA,NA,634,229
